Workbook
Name baxv: [1]!الجدول2[[#Headers],[#Data]]
Name baxv: [1]!الجدول2[[#Headers],[#Data]]
Name baxv: [1]!الجدول2[[#Headers],[#Data]]
Name baxv: [1]!الجدول2[[#Headers],[#Data]]
Name baxv: [1]!الجدول2[[#Headers],[#Data]]
Name baxv: [1]!الجدول2[[#Headers],[#Data]]
Name baxv: [1]!الجدول2[[#Headers],[#Data]]
Name baxv: [1]!الجدول2[[#Headers],[#Data]]
Name baxv: [1]!الجدول2[[#Headers],[#Data]]
Name baxv: [1]!الجدول2[[#Headers],[#Data]]
Name baxv: [1]!الجدول2[[#Headers],[#Data]]
Name baxv: [1]!الجدول2[[#Headers],[#Data]]
Name baxv: [1]!الجدول2[[#Headers],[#Data]]
Name baxv: [1]!الجدول2[[#Headers],[#Data]]
Name baxv: [1]!الجدول2[[#Headers],[#Data]]
Name baxv: [1]!الجدول2[[#Headers],[#Data]]
Name baxv: [1]!الجدول2[[#Headers],[#Data]]
Name baxv: [1]!الجدول2[[#Headers],[#Data]]
Name baxv: [1]!الجدول2[[#Headers],[#Data]]
Name baxv: [1]!الجدول2[[#Headers],[#Data]]
Name baxv: [1]!الجدول2[[#Headers],[#Data]]
Name baxv: [1]!الجدول2[[#Headers],[#Data]]
Name baxv: [1]!الجدول2[[#Headers],[#Data]]
Name baxv: [1]!الجدول2[[#Headers],[#Data]]
Name baxv: [1]!الجدول2[[#Headers],[#Data]]
Name baxv: [1]!الجدول2[[#Headers],[#Data]]
Name baxv: [1]!الجدول2[[#Headers],[#Data]]
Name baxv: [1]!الجدول2[[#Headers],[#Data]]
Name baxv: [1]!الجدول2[[#Headers],[#Data]]
Name baxv: [1]!الجدول2[[#Headers],[#Data]]
Name baxv: [1]!الجدول2[[#Headers],[#Data]]
Name baxv: [1]!الجدول2[[#Headers],[#Data]]
Name baxv: [1]!الجدول2[[#Headers],[#Data]]
Name baxv: [1]!الجدول2[[#Headers],[#Data]]
Name baxv: [1]!الجدول2[[#Headers],[#Data]]
Name baxv: [1]!الجدول2[[#Headers],[#Data]]
Name baxv: [1]!الجدول2[[#Headers],[#Data]]
Name baxv: [1]!الجدول2[[#Headers],[#Data]]
Name baxv: [1]!الجدول2[[#Headers],[#Data]]
Name baxv: [1]!الجدول2[[#Headers],[#Data]]
Name baxv: [1]!الجدول2[[#Headers],[#Data]]
Name baxv: [1]!الجدول2[[#Headers],[#Data]]
Name baxv: [1]!الجدول2[[#Headers],[#Data]]
Name baxv: [1]!الجدول2[[#Headers],[#Data]]
Name baxv: [1]!الجدول2[[#Headers],[#Data]]
Name baxv: [1]!الجدول2[[#Headers],[#Data]]
Name baxv: [1]!الجدول2[[#Headers],[#Data]]
Name baxv: [1]!الجدول2[[#Headers],[#Data]]
Name baxv: [1]!الجدول2[[#Headers],[#Data]]
Name baxv: [1]!الجدول2[[#Headers],[#Data]]
Name baxv: [1]!الجدول2[[#Headers],[#Data]]
Name baxv: [1]!الجدول2[[#Headers],[#Data]]
Name baxv: [1]!الجدول2[[#Headers],[#Data]]
Name baxv: [1]!الجدول2[[#Headers],[#Data]]
Name baxv: [1]!الجدول2[[#Headers],[#Data]]
Name baxv: [1]!الجدول2[[#Headers],[#Data]]
Name baxv: [1]!الجدول2[[#Headers],[#Data]]
Name baxv: [1]!الجدول2[[#Headers],[#Data]]
Name baxv: [1]!الجدول2[[#Headers],[#Data]]
Name baxv: [1]!الجدول2[[#Headers],[#Data]]

Sheet قائمة الموظفين
A1: مؤسسة زاد الجود للوجبات السريعة
A3: # | B3: اسم المشترك | C3: رقم الهوية | D3: الجنسية | E3: الجنس | F3: تاريخ الميلاد | G3: الأجر الأساسي | H3: السكن | I3: العمولات | J3: البدلات الأخرى | K3: إجمالي الأجر | L3: الاجر الخاضع للاشتراك | M3: المهنة | N3: تاريخ الإلتحاق | O3: فترة العمل بالشركة | P3: رصيد الاجازة المستحق | Q3: رصيد الاجازة المستخدم | R3: رصيد الاجازة الحالي | S3: قيمة مستحقات الاجازة | T3: مستحقات نهاية الخدمة
A4: 10000 | B4: GOLAM NOBI | C4: 2429697275 | D4: بنغلادش | E4: ذكر | F4: 1992-11-15 | G4: 2200 | H4: 0 | I4: 0 | J4: 0 | K4: 2200 | L4: 2200 | M4: عامل مطبخ | N4: 43037 | O4: =YEARFRAC(TODAY(),Table1[[#This Row],[تاريخ الإلتحاق]],1) -> 8.1703681 | P4: =IF(Table1[[#This Row],[فترة العمل بالشركة]]<=5,Table1[[#This Row],[فترة العمل بالشركة]]*21,(((Table1[[#This Row],[فترة العمل بالشركة]]-5)*30)+(5*21))) -> 200.11104 | Q4: ='10000'!E37 -> 170 | R4: =Table1[[#This Row],[رصيد الاجازة المستحق]]-Table1[[#This Row],[رصيد الاجازة المستخدم]] -> 30.111044 | S4: =Table1[[#This Row],[رصيد الاجازة الحالي]]/30*Table1[[#This Row],[إجمالي الأجر]] -> 2208.1432 | T4: =IF(Table1[[#This Row],[فترة العمل بالشركة]]<=5,Table1[[#This Row],[فترة العمل بالشركة]]*Table1[[#This Row],[الاجر الخاضع للاشتراك]]/2,((Table1[[#This Row],[فترة العمل بالشركة]]-2.5)*Table1[[#This Row],[الاجر الخاضع للاشتراك]])) -> 12474.81
A5: 10001 | B5: عمر محمد احمد صالح الوايلي | C5: 2450159252 | D5: اليمن | E5: ذكر | F5: 1990-02-16 | G5: 3500 | H5: 0 | I5: 0 | J5: 0 | K5: 3500 | L5: 3500 | M5: سائق شاحنة صغيرة | N5: 43221 | O5: =YEARFRAC(TODAY(),Table1[[#This Row],[تاريخ الإلتحاق]],1) -> 7.6659822 | P5: =IF(Table1[[#This Row],[فترة العمل بالشركة]]<=5,Table1[[#This Row],[فترة العمل بالشركة]]*21,(((Table1[[#This Row],[فترة العمل بالشركة]]-5)*30)+(5*21))) -> 184.97947 | Q5: ='10001'!E37 -> 165 | R5: =Table1[[#This Row],[رصيد الاجازة المستحق]]-Table1[[#This Row],[رصيد الاجازة المستخدم]] -> 19.979466 | S5: =Table1[[#This Row],[رصيد الاجازة الحالي]]/30*Table1[[#This Row],[إجمالي الأجر]] -> 2330.9377 | T5: =IF(Table1[[#This Row],[فترة العمل بالشركة]]<=5,Table1[[#This Row],[فترة العمل بالشركة]]*Table1[[#This Row],[الاجر الخاضع للاشتراك]]/2,((Table1[[#This Row],[فترة العمل بالشركة]]-2.5)*Table1[[#This Row],[الاجر الخاضع للاشتراك]])) -> 18080.938
A6: 10002 | B6: عصام محمد عبده قايد العربي | C6: 2458947997 | D6: اليمن | E6: ذكر | F6: 1989-07-04 | G6: 3000 | H6: 0 | I6: 0 | J6: 0 | K6: 3000 | L6: 3000 | M6: عامل مطبخ | N6: 43387 | O6: =YEARFRAC(TODAY(),Table1[[#This Row],[تاريخ الإلتحاق]],1) -> 7.211499 | P6: =IF(Table1[[#This Row],[فترة العمل بالشركة]]<=5,Table1[[#This Row],[فترة العمل بالشركة]]*21,(((Table1[[#This Row],[فترة العمل بالشركة]]-5)*30)+(5*21))) -> 171.34497 | Q6: ='10002'!E37 -> 134 | R6: =Table1[[#This Row],[رصيد الاجازة المستحق]]-Table1[[#This Row],[رصيد الاجازة المستخدم]] -> 37.344969 | S6: =Table1[[#This Row],[رصيد الاجازة الحالي]]/30*Table1[[#This Row],[إجمالي الأجر]] -> 3734.4969 | T6: =IF(Table1[[#This Row],[فترة العمل بالشركة]]<=5,Table1[[#This Row],[فترة العمل بالشركة]]*Table1[[#This Row],[الاجر الخاضع للاشتراك]]/2,((Table1[[#This Row],[فترة العمل بالشركة]]-2.5)*Table1[[#This Row],[الاجر الخاضع للاشتراك]])) -> 14134.497
A7: 10003 | B7: نشوان صادق محسن عبدالله زعيل | C7: 2452413053 | D7: اليمن | E7: ذكر | F7: 1996-01-01 | G7: 3000 | H7: 0 | I7: 0 | J7: 0 | K7: 3000 | L7: 3000 | M7: عامل مطبخ | N7: 43497 | O7: =YEARFRAC(TODAY(),Table1[[#This Row],[تاريخ الإلتحاق]],1) -> 6.9096598 | P7: =IF(Table1[[#This Row],[فترة العمل بالشركة]]<=5,Table1[[#This Row],[فترة العمل بالشركة]]*21,(((Table1[[#This Row],[فترة العمل بالشركة]]-5)*30)+(5*21))) -> 162.28979 | Q7: ='10003'!E37 -> 133 | R7: =Table1[[#This Row],[رصيد الاجازة المستحق]]-Table1[[#This Row],[رصيد الاجازة المستخدم]] -> 29.289793 | S7: =Table1[[#This Row],[رصيد الاجازة الحالي]]/30*Table1[[#This Row],[إجمالي الأجر]] -> 2928.9793 | T7: =IF(Table1[[#This Row],[فترة العمل بالشركة]]<=5,Table1[[#This Row],[فترة العمل بالشركة]]*Table1[[#This Row],[الاجر الخاضع للاشتراك]]/2,((Table1[[#This Row],[فترة العمل بالشركة]]-2.5)*Table1[[#This Row],[الاجر الخاضع للاشتراك]])) -> 13228.979
A8: 10004 | B8: MD KAWSAR GOLAM RASUL | C8: 2458805666 | D8: بنغلادش | E8: ذكر | F8: 1995-12-06 | G8: 1800 | H8: 0 | I8: 0 | J8: 0 | K8: 1800 | L8: 1800 | M8: عامل مطبخ | N8: 43556 | O8: =YEARFRAC(TODAY(),Table1[[#This Row],[تاريخ الإلتحاق]],1) -> 6.7481424 | P8: =IF(Table1[[#This Row],[فترة العمل بالشركة]]<=5,Table1[[#This Row],[فترة العمل بالشركة]]*21,(((Table1[[#This Row],[فترة العمل بالشركة]]-5)*30)+(5*21))) -> 157.44427 | Q8: ='10004'!E37 -> 129 | R8: =Table1[[#This Row],[رصيد الاجازة المستحق]]-Table1[[#This Row],[رصيد الاجازة المستخدم]] -> 28.444271 | S8: =Table1[[#This Row],[رصيد الاجازة الحالي]]/30*Table1[[#This Row],[إجمالي الأجر]] -> 1706.6562 | T8: =IF(Table1[[#This Row],[فترة العمل بالشركة]]<=5,Table1[[#This Row],[فترة العمل بالشركة]]*Table1[[#This Row],[الاجر الخاضع للاشتراك]]/2,((Table1[[#This Row],[فترة العمل بالشركة]]-2.5)*Table1[[#This Row],[الاجر الخاضع للاشتراك]])) -> 7646.6562
A9: 10005 | B9: عيده مدلف مرزوق الجحيشي | C9: 1006176208 | D9: السعودية | E9: انثى | F9: 1974-07-20 | G9: 4000 | H9: 0 | I9: 0 | J9: 0 | K9: 4000 | L9: 4000 | M9: مندوب مشتريات | N9: 44105 | O9: =YEARFRAC(TODAY(),Table1[[#This Row],[تاريخ الإلتحاق]],1) -> 5.2445255 | P9: =IF(Table1[[#This Row],[فترة العمل بالشركة]]<=5,Table1[[#This Row],[فترة العمل بالشركة]]*21,(((Table1[[#This Row],[فترة العمل بالشركة]]-5)*30)+(5*21))) -> 112.33577 | Q9: ='10005'!E37 -> 90 | R9: =Table1[[#This Row],[رصيد الاجازة المستحق]]-Table1[[#This Row],[رصيد الاجازة المستخدم]] -> 22.335766 | S9: =Table1[[#This Row],[رصيد الاجازة الحالي]]/30*Table1[[#This Row],[إجمالي الأجر]] -> 2978.1022 | T9: =IF(Table1[[#This Row],[فترة العمل بالشركة]]<=5,Table1[[#This Row],[فترة العمل بالشركة]]*Table1[[#This Row],[الاجر الخاضع للاشتراك]]/2,((Table1[[#This Row],[فترة العمل بالشركة]]-2.5)*Table1[[#This Row],[الاجر الخاضع للاشتراك]])) -> 10978.102
A10: 10006 | B10: هلا خالد عبدالله القعيد | C10: 1112518376 | D10: السعودية | E10: انثى | F10: 2001-02-02 | G10: 4000 | H10: 0 | I10: 0 | J10: 0 | K10: 4000 | L10: 4000 | M10: مندوب مشتريات | N10: 44105 | O10: =YEARFRAC(TODAY(),Table1[[#This Row],[تاريخ الإلتحاق]],1) -> 5.2445255 | P10: =IF(Table1[[#This Row],[فترة العمل بالشركة]]<=5,Table1[[#This Row],[فترة العمل بالشركة]]*21,(((Table1[[#This Row],[فترة العمل بالشركة]]-5)*30)+(5*21))) -> 112.33577 | Q10: ='10006'!E37 -> 89 | R10: =Table1[[#This Row],[رصيد الاجازة المستحق]]-Table1[[#This Row],[رصيد الاجازة المستخدم]] -> 23.335766 | S10: =Table1[[#This Row],[رصيد الاجازة الحالي]]/30*Table1[[#This Row],[إجمالي الأجر]] -> 3111.4355 | T10: =IF(Table1[[#This Row],[فترة العمل بالشركة]]<=5,Table1[[#This Row],[فترة العمل بالشركة]]*Table1[[#This Row],[الاجر الخاضع للاشتراك]]/2,((Table1[[#This Row],[فترة العمل بالشركة]]-2.5)*Table1[[#This Row],[الاجر الخاضع للاشتراك]])) -> 10978.102
A11: 10007 | B11: ABDUL KADIR | C11: 2507903470 | D11: بنغلادش | E11: ذكر | F11: 1967-05-20 | G11: 2000 | H11: 0 | I11: 0 | J11: 0 | K11: 2000 | L11: 2000 | M11: عامل مطبخ | N11: 44364 | O11: =YEARFRAC(TODAY(),Table1[[#This Row],[تاريخ الإلتحاق]],1) -> 4.5372399 | P11: =IF(Table1[[#This Row],[فترة العمل بالشركة]]<=5,Table1[[#This Row],[فترة العمل بالشركة]]*21,(((Table1[[#This Row],[فترة العمل بالشركة]]-5)*30)+(5*21))) -> 95.282037 | Q11: ='10007'!E37 -> 74 | R11: =Table1[[#This Row],[رصيد الاجازة المستحق]]-Table1[[#This Row],[رصيد الاجازة المستخدم]] -> 21.282037 | S11: =Table1[[#This Row],[رصيد الاجازة الحالي]]/30*Table1[[#This Row],[إجمالي الأجر]] -> 1418.8025 | T11: =IF(Table1[[#This Row],[فترة العمل بالشركة]]<=5,Table1[[#This Row],[فترة العمل بالشركة]]*Table1[[#This Row],[الاجر الخاضع للاشتراك]]/2,((Table1[[#This Row],[فترة العمل بالشركة]]-2.5)*Table1[[#This Row],[الاجر الخاضع للاشتراك]])) -> 4537.2399
A12: 10008 | B12: MONIR HOSSAIN | C12: 2507903686 | D12: بنغلادش | E12: ذكر | F12: 1983-05-05 | G12: 2200 | H12: 0 | I12: 0 | J12: 0 | K12: 2200 | L12: 2200 | M12: عامل مطبخ | N12: 44364 | O12: =YEARFRAC(TODAY(),Table1[[#This Row],[تاريخ الإلتحاق]],1) -> 4.5372399 | P12: =IF(Table1[[#This Row],[فترة العمل بالشركة]]<=5,Table1[[#This Row],[فترة العمل بالشركة]]*21,(((Table1[[#This Row],[فترة العمل بالشركة]]-5)*30)+(5*21))) -> 95.282037 | Q12: ='10008'!E37 -> 74 | R12: =Table1[[#This Row],[رصيد الاجازة المستحق]]-Table1[[#This Row],[رصيد الاجازة المستخدم]] -> 21.282037 | S12: =Table1[[#This Row],[رصيد الاجازة الحالي]]/30*Table1[[#This Row],[إجمالي الأجر]] -> 1560.6827 | T12: =IF(Table1[[#This Row],[فترة العمل بالشركة]]<=5,Table1[[#This Row],[فترة العمل بالشركة]]*Table1[[#This Row],[الاجر الخاضع للاشتراك]]/2,((Table1[[#This Row],[فترة العمل بالشركة]]-2.5)*Table1[[#This Row],[الاجر الخاضع للاشتراك]])) -> 4990.9639
A13: 10009 | B13: فاطمه عليان بن ثواب الحربي | C13: 1114222910 | D13: السعودية | E13: انثى | F13: 2001-11-30 | G13: 4500 | H13: 0 | I13: 0 | J13: 0 | K13: 4500 | L13: 4500 | M13: أخصائي تسويق | N13: 44621 | O13: =YEARFRAC(TODAY(),Table1[[#This Row],[تاريخ الإلتحاق]],1) -> 3.8329911 | P13: =IF(Table1[[#This Row],[فترة العمل بالشركة]]<=5,Table1[[#This Row],[فترة العمل بالشركة]]*21,(((Table1[[#This Row],[فترة العمل بالشركة]]-5)*30)+(5*21))) -> 80.492813 | Q13: ='10009'!E37 -> 40 | R13: =Table1[[#This Row],[رصيد الاجازة المستحق]]-Table1[[#This Row],[رصيد الاجازة المستخدم]] -> 40.492813 | S13: =Table1[[#This Row],[رصيد الاجازة الحالي]]/30*Table1[[#This Row],[إجمالي الأجر]] -> 6073.922 | T13: =IF(Table1[[#This Row],[فترة العمل بالشركة]]<=5,Table1[[#This Row],[فترة العمل بالشركة]]*Table1[[#This Row],[الاجر الخاضع للاشتراك]]/2,((Table1[[#This Row],[فترة العمل بالشركة]]-2.5)*Table1[[#This Row],[الاجر الخاضع للاشتراك]])) -> 8624.23
A14: 10010 | B14: ساره صالح مطلق الراكضي | C14: 1135022026 | D14: السعودية | E14: انثى | F14: 2002-12-08 | G14: 5500 | H14: 0 | I14: 0 | J14: 0 | K14: 5500 | L14: 5500 | M14: أخصائي تسويق | N14: 44621 | O14: =YEARFRAC(TODAY(),Table1[[#This Row],[تاريخ الإلتحاق]],1) -> 3.8329911 | P14: =IF(Table1[[#This Row],[فترة العمل بالشركة]]<=5,Table1[[#This Row],[فترة العمل بالشركة]]*21,(((Table1[[#This Row],[فترة العمل بالشركة]]-5)*30)+(5*21))) -> 80.492813 | Q14: ='10010'!E37 -> 45 | R14: =Table1[[#This Row],[رصيد الاجازة المستحق]]-Table1[[#This Row],[رصيد الاجازة المستخدم]] -> 35.492813 | S14: =Table1[[#This Row],[رصيد الاجازة الحالي]]/30*Table1[[#This Row],[إجمالي الأجر]] -> 6507.0157 | T14: =IF(Table1[[#This Row],[فترة العمل بالشركة]]<=5,Table1[[#This Row],[فترة العمل بالشركة]]*Table1[[#This Row],[الاجر الخاضع للاشتراك]]/2,((Table1[[#This Row],[فترة العمل بالشركة]]-2.5)*Table1[[#This Row],[الاجر الخاضع للاشتراك]])) -> 10540.726
A15: 10011 | B15: أديب محمد سعيد عبدالصفي | C15: 2503945004 | D15: اليمن | E15: ذكر | F15: 1994-02-15 | G15: 7000 | H15: 0 | I15: 0 | J15: 0 | K15: 7000 | L15: 7000 | M15: عامل عادي | N15: 44628 | O15: =YEARFRAC(TODAY(),Table1[[#This Row],[تاريخ الإلتحاق]],1) -> 3.8138261 | P15: =IF(Table1[[#This Row],[فترة العمل بالشركة]]<=5,Table1[[#This Row],[فترة العمل بالشركة]]*21,(((Table1[[#This Row],[فترة العمل بالشركة]]-5)*30)+(5*21))) -> 80.090349 | Q15: ='10011'!E37 -> 55 | R15: =Table1[[#This Row],[رصيد الاجازة المستحق]]-Table1[[#This Row],[رصيد الاجازة المستخدم]] -> 25.090349 | S15: =Table1[[#This Row],[رصيد الاجازة الحالي]]/30*Table1[[#This Row],[إجمالي الأجر]] -> 5854.4148 | T15: =IF(Table1[[#This Row],[فترة العمل بالشركة]]<=5,Table1[[#This Row],[فترة العمل بالشركة]]*Table1[[#This Row],[الاجر الخاضع للاشتراك]]/2,((Table1[[#This Row],[فترة العمل بالشركة]]-2.5)*Table1[[#This Row],[الاجر الخاضع للاشتراك]])) -> 13348.392
A16: 10012 | B16: MO AKRAM HASIN | C16: 2509447294 | D16: الهند | E16: ذكر | F16: 1992-06-26 | G16: 8000 | H16: 0 | I16: 0 | J16: 0 | K16: 8000 | L16: 8000 | M16: عامل مطبخ | N16: 44629 | O16: =YEARFRAC(TODAY(),Table1[[#This Row],[تاريخ الإلتحاق]],1) -> 3.8110883 | P16: =IF(Table1[[#This Row],[فترة العمل بالشركة]]<=5,Table1[[#This Row],[فترة العمل بالشركة]]*21,(((Table1[[#This Row],[فترة العمل بالشركة]]-5)*30)+(5*21))) -> 80.032854 | Q16: ='10012'!E37 -> 59 | R16: =Table1[[#This Row],[رصيد الاجازة المستحق]]-Table1[[#This Row],[رصيد الاجازة المستخدم]] -> 21.032854 | S16: =Table1[[#This Row],[رصيد الاجازة الحالي]]/30*Table1[[#This Row],[إجمالي الأجر]] -> 5608.7611 | T16: =IF(Table1[[#This Row],[فترة العمل بالشركة]]<=5,Table1[[#This Row],[فترة العمل بالشركة]]*Table1[[#This Row],[الاجر الخاضع للاشتراك]]/2,((Table1[[#This Row],[فترة العمل بالشركة]]-2.5)*Table1[[#This Row],[الاجر الخاضع للاشتراك]])) -> 15244.353
A17: 10013 | B17: ماهر مهيوب محمد سلطان الفقيه | C17: 2463831509 | D17: اليمن | E17: ذكر | F17: 1994-05-03 | G17: 3000 | H17: 0 | I17: 0 | J17: 0 | K17: 3000 | L17: 3000 | M17: سائق شاحنة صغيرة | N17: 44631 | O17: =YEARFRAC(TODAY(),Table1[[#This Row],[تاريخ الإلتحاق]],1) -> 3.8056126 | P17: =IF(Table1[[#This Row],[فترة العمل بالشركة]]<=5,Table1[[#This Row],[فترة العمل بالشركة]]*21,(((Table1[[#This Row],[فترة العمل بالشركة]]-5)*30)+(5*21))) -> 79.917864 | Q17: ='10013'!E37 -> 64 | R17: =Table1[[#This Row],[رصيد الاجازة المستحق]]-Table1[[#This Row],[رصيد الاجازة المستخدم]] -> 15.917864 | S17: =Table1[[#This Row],[رصيد الاجازة الحالي]]/30*Table1[[#This Row],[إجمالي الأجر]] -> 1591.7864 | T17: =IF(Table1[[#This Row],[فترة العمل بالشركة]]<=5,Table1[[#This Row],[فترة العمل بالشركة]]*Table1[[#This Row],[الاجر الخاضع للاشتراك]]/2,((Table1[[#This Row],[فترة العمل بالشركة]]-2.5)*Table1[[#This Row],[الاجر الخاضع للاشتراك]])) -> 5708.4189
A18: 10014 | B18: PAPON HASAN APU | C18: 2509540718 | D18: بنغلادش | E18: ذكر | F18: 1996-06-12 | G18: 1500 | H18: 0 | I18: 0 | J18: 0 | K18: 1500 | L18: 1500 | M18: عامل مطبخ | N18: 44641 | O18: =YEARFRAC(TODAY(),Table1[[#This Row],[تاريخ الإلتحاق]],1) -> 3.7782341 | P18: =IF(Table1[[#This Row],[فترة العمل بالشركة]]<=5,Table1[[#This Row],[فترة العمل بالشركة]]*21,(((Table1[[#This Row],[فترة العمل بالشركة]]-5)*30)+(5*21))) -> 79.342916 | Q18: ='10014'!E37 -> 61 | R18: =Table1[[#This Row],[رصيد الاجازة المستحق]]-Table1[[#This Row],[رصيد الاجازة المستخدم]] -> 18.342916 | S18: =Table1[[#This Row],[رصيد الاجازة الحالي]]/30*Table1[[#This Row],[إجمالي الأجر]] -> 917.14579 | T18: =IF(Table1[[#This Row],[فترة العمل بالشركة]]<=5,Table1[[#This Row],[فترة العمل بالشركة]]*Table1[[#This Row],[الاجر الخاضع للاشتراك]]/2,((Table1[[#This Row],[فترة العمل بالشركة]]-2.5)*Table1[[#This Row],[الاجر الخاضع للاشتراك]])) -> 2833.6756
A19: 10015 | B19: صدام عبده علي الغانمي | C19: 2378255323 | D19: اليمن | E19: ذكر | F19: 1989-08-02 | G19: 2600 | H19: 0 | I19: 0 | J19: 0 | K19: 2600 | L19: 2600 | M19: سائق شاحنة صغيرة | N19: 44741 | O19: =YEARFRAC(TODAY(),Table1[[#This Row],[تاريخ الإلتحاق]],1) -> 3.504449 | P19: =IF(Table1[[#This Row],[فترة العمل بالشركة]]<=5,Table1[[#This Row],[فترة العمل بالشركة]]*21,(((Table1[[#This Row],[فترة العمل بالشركة]]-5)*30)+(5*21))) -> 73.593429 | Q19: ='10015'!E37 -> 58 | R19: =Table1[[#This Row],[رصيد الاجازة المستحق]]-Table1[[#This Row],[رصيد الاجازة المستخدم]] -> 15.593429 | S19: =Table1[[#This Row],[رصيد الاجازة الحالي]]/30*Table1[[#This Row],[إجمالي الأجر]] -> 1351.4305 | T19: =IF(Table1[[#This Row],[فترة العمل بالشركة]]<=5,Table1[[#This Row],[فترة العمل بالشركة]]*Table1[[#This Row],[الاجر الخاضع للاشتراك]]/2,((Table1[[#This Row],[فترة العمل بالشركة]]-2.5)*Table1[[#This Row],[الاجر الخاضع للاشتراك]])) -> 4555.7837
A20: 10016 | B20: مارية ابراهيم بن صالح الخضيري | C20: 1118007143 | D20: السعودية | E20: انثى | F20: 2002-10-01 | G20: 4500 | H20: 0 | I20: 0 | J20: 0 | K20: 4500 | L20: 4500 | M20: مندوب مبيعات | N20: 44743 | O20: =YEARFRAC(TODAY(),Table1[[#This Row],[تاريخ الإلتحاق]],1) -> 3.4989733 | P20: =IF(Table1[[#This Row],[فترة العمل بالشركة]]<=5,Table1[[#This Row],[فترة العمل بالشركة]]*21,(((Table1[[#This Row],[فترة العمل بالشركة]]-5)*30)+(5*21))) -> 73.478439 | Q20: ='10016'!E37 -> 34 | R20: =Table1[[#This Row],[رصيد الاجازة المستحق]]-Table1[[#This Row],[رصيد الاجازة المستخدم]] -> 39.478439 | S20: =Table1[[#This Row],[رصيد الاجازة الحالي]]/30*Table1[[#This Row],[إجمالي الأجر]] -> 5921.7659 | T20: =IF(Table1[[#This Row],[فترة العمل بالشركة]]<=5,Table1[[#This Row],[فترة العمل بالشركة]]*Table1[[#This Row],[الاجر الخاضع للاشتراك]]/2,((Table1[[#This Row],[فترة العمل بالشركة]]-2.5)*Table1[[#This Row],[الاجر الخاضع للاشتراك]])) -> 7872.6899
A21: 10017 | B21: PAWAN SINGH BACHI SINGH | C21: 2526368002 | D21: الهند | E21: ذكر | F21: 1998-07-02 | G21: 4500 | H21: 0 | I21: 0 | J21: 0 | K21: 4500 | L21: 4500 | M21: عامل مطبخ | N21: 44812 | O21: =YEARFRAC(TODAY(),Table1[[#This Row],[تاريخ الإلتحاق]],1) -> 3.3100616 | P21: =IF(Table1[[#This Row],[فترة العمل بالشركة]]<=5,Table1[[#This Row],[فترة العمل بالشركة]]*21,(((Table1[[#This Row],[فترة العمل بالشركة]]-5)*30)+(5*21))) -> 69.511294 | Q21: ='10017'!E37 -> 48 | R21: =Table1[[#This Row],[رصيد الاجازة المستحق]]-Table1[[#This Row],[رصيد الاجازة المستخدم]] -> 21.511294 | S21: =Table1[[#This Row],[رصيد الاجازة الحالي]]/30*Table1[[#This Row],[إجمالي الأجر]] -> 3226.694 | T21: =IF(Table1[[#This Row],[فترة العمل بالشركة]]<=5,Table1[[#This Row],[فترة العمل بالشركة]]*Table1[[#This Row],[الاجر الخاضع للاشتراك]]/2,((Table1[[#This Row],[فترة العمل بالشركة]]-2.5)*Table1[[#This Row],[الاجر الخاضع للاشتراك]])) -> 7447.6386
A22: 10018 | B22: MD MONIR HOSEN | C22: 2520396314 | D22: بنغلادش | E22: ذكر | F22: 2000-01-01 | G22: 2000 | H22: 0 | I22: 0 | J22: 0 | K22: 2000 | L22: 2000 | M22: عامل تنظيف مكاتب ومنشآت | N22: 44848 | O22: =YEARFRAC(TODAY(),Table1[[#This Row],[تاريخ الإلتحاق]],1) -> 3.211499 | P22: =IF(Table1[[#This Row],[فترة العمل بالشركة]]<=5,Table1[[#This Row],[فترة العمل بالشركة]]*21,(((Table1[[#This Row],[فترة العمل بالشركة]]-5)*30)+(5*21))) -> 67.441478 | Q22: ='10018'!E37 -> 54 | R22: =Table1[[#This Row],[رصيد الاجازة المستحق]]-Table1[[#This Row],[رصيد الاجازة المستخدم]] -> 13.441478 | S22: =Table1[[#This Row],[رصيد الاجازة الحالي]]/30*Table1[[#This Row],[إجمالي الأجر]] -> 896.09856 | T22: =IF(Table1[[#This Row],[فترة العمل بالشركة]]<=5,Table1[[#This Row],[فترة العمل بالشركة]]*Table1[[#This Row],[الاجر الخاضع للاشتراك]]/2,((Table1[[#This Row],[فترة العمل بالشركة]]-2.5)*Table1[[#This Row],[الاجر الخاضع للاشتراك]])) -> 3211.499
A23: 10019 | B23: FAKHRUL ISLAM | C23: 2520488384 | D23: بنغلادش | E23: ذكر | F23: 1986-05-04 | G23: 1500 | H23: 0 | I23: 0 | J23: 0 | K23: 1500 | L23: 1500 | M23: عامل مطبخ | N23: 44848 | O23: =YEARFRAC(TODAY(),Table1[[#This Row],[تاريخ الإلتحاق]],1) -> 3.211499 | P23: =IF(Table1[[#This Row],[فترة العمل بالشركة]]<=5,Table1[[#This Row],[فترة العمل بالشركة]]*21,(((Table1[[#This Row],[فترة العمل بالشركة]]-5)*30)+(5*21))) -> 67.441478 | Q23: ='10019'!E37 -> 46 | R23: =Table1[[#This Row],[رصيد الاجازة المستحق]]-Table1[[#This Row],[رصيد الاجازة المستخدم]] -> 21.441478 | S23: =Table1[[#This Row],[رصيد الاجازة الحالي]]/30*Table1[[#This Row],[إجمالي الأجر]] -> 1072.0739 | T23: =IF(Table1[[#This Row],[فترة العمل بالشركة]]<=5,Table1[[#This Row],[فترة العمل بالشركة]]*Table1[[#This Row],[الاجر الخاضع للاشتراك]]/2,((Table1[[#This Row],[فترة العمل بالشركة]]-2.5)*Table1[[#This Row],[الاجر الخاضع للاشتراك]])) -> 2408.6242
A24: 10020 | B24: حمد دفع الله حمد على | C24: 2470286960 | D24: السودان | E24: ذكر | F24: 1994-10-19 | G24: 3500 | H24: 0 | I24: 0 | J24: 0 | K24: 3500 | L24: 3500 | M24: عامل مطبخ | N24: 44857 | O24: =YEARFRAC(TODAY(),Table1[[#This Row],[تاريخ الإلتحاق]],1) -> 3.1868583 | P24: =IF(Table1[[#This Row],[فترة العمل بالشركة]]<=5,Table1[[#This Row],[فترة العمل بالشركة]]*21,(((Table1[[#This Row],[فترة العمل بالشركة]]-5)*30)+(5*21))) -> 66.924025 | Q24: ='10020'!E37 -> 46 | R24: =Table1[[#This Row],[رصيد الاجازة المستحق]]-Table1[[#This Row],[رصيد الاجازة المستخدم]] -> 20.924025 | S24: =Table1[[#This Row],[رصيد الاجازة الحالي]]/30*Table1[[#This Row],[إجمالي الأجر]] -> 2441.1362 | T24: =IF(Table1[[#This Row],[فترة العمل بالشركة]]<=5,Table1[[#This Row],[فترة العمل بالشركة]]*Table1[[#This Row],[الاجر الخاضع للاشتراك]]/2,((Table1[[#This Row],[فترة العمل بالشركة]]-2.5)*Table1[[#This Row],[الاجر الخاضع للاشتراك]])) -> 5577.0021
A25: 10021 | B25: شادي عبدالكافي محسن عبدالله | C25: 2531089973 | D25: اليمن | E25: ذكر | F25: 1995-05-05 | G25: 3000 | H25: 0 | I25: 0 | J25: 0 | K25: 3000 | L25: 3000 | M25: عامل عادي | N25: 44955 | O25: =YEARFRAC(TODAY(),Table1[[#This Row],[تاريخ الإلتحاق]],1) -> 2.9178832 | P25: =IF(Table1[[#This Row],[فترة العمل بالشركة]]<=5,Table1[[#This Row],[فترة العمل بالشركة]]*21,(((Table1[[#This Row],[فترة العمل بالشركة]]-5)*30)+(5*21))) -> 61.275547 | Q25: ='10021'!E37 -> 40 | R25: =Table1[[#This Row],[رصيد الاجازة المستحق]]-Table1[[#This Row],[رصيد الاجازة المستخدم]] -> 21.275547 | S25: =Table1[[#This Row],[رصيد الاجازة الحالي]]/30*Table1[[#This Row],[إجمالي الأجر]] -> 2127.5547 | T25: =IF(Table1[[#This Row],[فترة العمل بالشركة]]<=5,Table1[[#This Row],[فترة العمل بالشركة]]*Table1[[#This Row],[الاجر الخاضع للاشتراك]]/2,((Table1[[#This Row],[فترة العمل بالشركة]]-2.5)*Table1[[#This Row],[الاجر الخاضع للاشتراك]])) -> 4376.8248
A26: 10022 | B26: صادق امين محمد شملان | C26: 2518243080 | D26: اليمن | E26: ذكر | F26: 1997-01-18 | G26: 2300 | H26: 0 | I26: 0 | J26: 0 | K26: 2300 | L26: 2300 | M26: سائق شاحنة صغيرة | N26: 44958 | O26: =YEARFRAC(TODAY(),Table1[[#This Row],[تاريخ الإلتحاق]],1) -> 2.9096715 | P26: =IF(Table1[[#This Row],[فترة العمل بالشركة]]<=5,Table1[[#This Row],[فترة العمل بالشركة]]*21,(((Table1[[#This Row],[فترة العمل بالشركة]]-5)*30)+(5*21))) -> 61.103102 | Q26: ='10022'!E37 -> 47 | R26: =Table1[[#This Row],[رصيد الاجازة المستحق]]-Table1[[#This Row],[رصيد الاجازة المستخدم]] -> 14.103102 | S26: =Table1[[#This Row],[رصيد الاجازة الحالي]]/30*Table1[[#This Row],[إجمالي الأجر]] -> 1081.2378 | T26: =IF(Table1[[#This Row],[فترة العمل بالشركة]]<=5,Table1[[#This Row],[فترة العمل بالشركة]]*Table1[[#This Row],[الاجر الخاضع للاشتراك]]/2,((Table1[[#This Row],[فترة العمل بالشركة]]-2.5)*Table1[[#This Row],[الاجر الخاضع للاشتراك]])) -> 3346.1223
A27: 10023 | B27: MD MEHEDI HASAN | C27: 2520488889 | D27: بنغلادش | E27: ذكر | F27: 2000-01-01 | G27: 1500 | H27: 0 | I27: 0 | J27: 0 | K27: 1500 | L27: 1500 | M27: عامل مطبخ | N27: 44991 | O27: =YEARFRAC(TODAY(),Table1[[#This Row],[تاريخ الإلتحاق]],1) -> 2.8193431 | P27: =IF(Table1[[#This Row],[فترة العمل بالشركة]]<=5,Table1[[#This Row],[فترة العمل بالشركة]]*21,(((Table1[[#This Row],[فترة العمل بالشركة]]-5)*30)+(5*21))) -> 59.206204 | Q27: ='10023'!E37 -> 38 | R27: =Table1[[#This Row],[رصيد الاجازة المستحق]]-Table1[[#This Row],[رصيد الاجازة المستخدم]] -> 21.206204 | S27: =Table1[[#This Row],[رصيد الاجازة الحالي]]/30*Table1[[#This Row],[إجمالي الأجر]] -> 1060.3102 | T27: =IF(Table1[[#This Row],[فترة العمل بالشركة]]<=5,Table1[[#This Row],[فترة العمل بالشركة]]*Table1[[#This Row],[الاجر الخاضع للاشتراك]]/2,((Table1[[#This Row],[فترة العمل بالشركة]]-2.5)*Table1[[#This Row],[الاجر الخاضع للاشتراك]])) -> 2114.5073
A28: 10024 | B28: عبدالرحمن خالد عبدالله القعيد | C28: 1119578480 | D28: السعودية | E28: ذكر | F28: 2003-02-27 | G28: 4000 | H28: 0 | I28: 0 | J28: 0 | K28: 4000 | L28: 4000 | M28: مشرف مدخلي البيانات | N28: 45004 | O28: =YEARFRAC(TODAY(),Table1[[#This Row],[تاريخ الإلتحاق]],1) -> 2.7837591 | P28: =IF(Table1[[#This Row],[فترة العمل بالشركة]]<=5,Table1[[#This Row],[فترة العمل بالشركة]]*21,(((Table1[[#This Row],[فترة العمل بالشركة]]-5)*30)+(5*21))) -> 58.458942 | Q28: ='10024'!E37 -> 37 | R28: =Table1[[#This Row],[رصيد الاجازة المستحق]]-Table1[[#This Row],[رصيد الاجازة المستخدم]] -> 21.458942 | S28: =Table1[[#This Row],[رصيد الاجازة الحالي]]/30*Table1[[#This Row],[إجمالي الأجر]] -> 2861.1922 | T28: =IF(Table1[[#This Row],[فترة العمل بالشركة]]<=5,Table1[[#This Row],[فترة العمل بالشركة]]*Table1[[#This Row],[الاجر الخاضع للاشتراك]]/2,((Table1[[#This Row],[فترة العمل بالشركة]]-2.5)*Table1[[#This Row],[الاجر الخاضع للاشتراك]])) -> 5567.5182
A29: 10025 | B29: أميره هليل بديع العنزي | C29: 1127393369 | D29: السعودية | E29: انثى | F29: 1992-12-13 | G29: 4000 | H29: 0 | I29: 0 | J29: 0 | K29: 4000 | L29: 4000 | M29: أخصائي خدمة عملاء | N29: 45082 | O29: =YEARFRAC(TODAY(),Table1[[#This Row],[تاريخ الإلتحاق]],1) -> 2.5702555 | P29: =IF(Table1[[#This Row],[فترة العمل بالشركة]]<=5,Table1[[#This Row],[فترة العمل بالشركة]]*21,(((Table1[[#This Row],[فترة العمل بالشركة]]-5)*30)+(5*21))) -> 53.975365 | Q29: ='10025'!E37 -> 33 | R29: =Table1[[#This Row],[رصيد الاجازة المستحق]]-Table1[[#This Row],[رصيد الاجازة المستخدم]] -> 20.975365 | S29: =Table1[[#This Row],[رصيد الاجازة الحالي]]/30*Table1[[#This Row],[إجمالي الأجر]] -> 2796.7153 | T29: =IF(Table1[[#This Row],[فترة العمل بالشركة]]<=5,Table1[[#This Row],[فترة العمل بالشركة]]*Table1[[#This Row],[الاجر الخاضع للاشتراك]]/2,((Table1[[#This Row],[فترة العمل بالشركة]]-2.5)*Table1[[#This Row],[الاجر الخاضع للاشتراك]])) -> 5140.5109
A30: 10026 | B30: حليمه محمد محمد طميحي | C30: 1061612477 | D30: السعودية | E30: انثى | F30: 1977-10-17 | G30: 4000 | H30: 0 | I30: 0 | J30: 0 | K30: 4000 | L30: 4000 | M30: أخصائي خدمة عملاء | N30: 45083 | O30: =YEARFRAC(TODAY(),Table1[[#This Row],[تاريخ الإلتحاق]],1) -> 2.5675182 | P30: =IF(Table1[[#This Row],[فترة العمل بالشركة]]<=5,Table1[[#This Row],[فترة العمل بالشركة]]*21,(((Table1[[#This Row],[فترة العمل بالشركة]]-5)*30)+(5*21))) -> 53.917883 | Q30: ='10026'!E37 -> 32 | R30: =Table1[[#This Row],[رصيد الاجازة المستحق]]-Table1[[#This Row],[رصيد الاجازة المستخدم]] -> 21.917883 | S30: =Table1[[#This Row],[رصيد الاجازة الحالي]]/30*Table1[[#This Row],[إجمالي الأجر]] -> 2922.3844 | T30: =IF(Table1[[#This Row],[فترة العمل بالشركة]]<=5,Table1[[#This Row],[فترة العمل بالشركة]]*Table1[[#This Row],[الاجر الخاضع للاشتراك]]/2,((Table1[[#This Row],[فترة العمل بالشركة]]-2.5)*Table1[[#This Row],[الاجر الخاضع للاشتراك]])) -> 5135.0365
A31: 10027 | B31: رغد علي بن غياض العنزي | C31: 1106594839 | D31: السعودية | E31: انثى | F31: 1999-06-10 | G31: 4000 | H31: 0 | I31: 0 | J31: 0 | K31: 4000 | L31: 4000 | M31: أخصائي خدمة عملاء | N31: 45086 | O31: =YEARFRAC(TODAY(),Table1[[#This Row],[تاريخ الإلتحاق]],1) -> 2.5593066 | P31: =IF(Table1[[#This Row],[فترة العمل بالشركة]]<=5,Table1[[#This Row],[فترة العمل بالشركة]]*21,(((Table1[[#This Row],[فترة العمل بالشركة]]-5)*30)+(5*21))) -> 53.745438 | Q31: ='10027'!E37 -> 32 | R31: =Table1[[#This Row],[رصيد الاجازة المستحق]]-Table1[[#This Row],[رصيد الاجازة المستخدم]] -> 21.745438 | S31: =Table1[[#This Row],[رصيد الاجازة الحالي]]/30*Table1[[#This Row],[إجمالي الأجر]] -> 2899.3917 | T31: =IF(Table1[[#This Row],[فترة العمل بالشركة]]<=5,Table1[[#This Row],[فترة العمل بالشركة]]*Table1[[#This Row],[الاجر الخاضع للاشتراك]]/2,((Table1[[#This Row],[فترة العمل بالشركة]]-2.5)*Table1[[#This Row],[الاجر الخاضع للاشتراك]])) -> 5118.6131
A32: 10028 | B32: رشيد محمد عبدالله قائد الشميري | C32: 2520913530 | D32: اليمن | E32: ذكر | F32: 1982-12-15 | G32: 2600 | H32: 0 | I32: 0 | J32: 0 | K32: 2600 | L32: 2600 | M32: عامل عادي | N32: 45108 | O32: =YEARFRAC(TODAY(),Table1[[#This Row],[تاريخ الإلتحاق]],1) -> 2.4990876 | P32: =IF(Table1[[#This Row],[فترة العمل بالشركة]]<=5,Table1[[#This Row],[فترة العمل بالشركة]]*21,(((Table1[[#This Row],[فترة العمل بالشركة]]-5)*30)+(5*21))) -> 52.480839 | Q32: ='10028'!E37 -> 31 | R32: =Table1[[#This Row],[رصيد الاجازة المستحق]]-Table1[[#This Row],[رصيد الاجازة المستخدم]] -> 21.480839 | S32: =Table1[[#This Row],[رصيد الاجازة الحالي]]/30*Table1[[#This Row],[إجمالي الأجر]] -> 1861.6727 | T32: =IF(Table1[[#This Row],[فترة العمل بالشركة]]<=5,Table1[[#This Row],[فترة العمل بالشركة]]*Table1[[#This Row],[الاجر الخاضع للاشتراك]]/2,((Table1[[#This Row],[فترة العمل بالشركة]]-2.5)*Table1[[#This Row],[الاجر الخاضع للاشتراك]])) -> 3248.8139
A33: 10029 | B33: سامي ابراهيم محمد عبده الشلح | C33: 2462760915 | D33: اليمن | E33: ذكر | F33: 1997-02-19 | G33: 2300 | H33: 0 | I33: 0 | J33: 0 | K33: 2300 | L33: 2300 | M33: سائق شاحنة صغيرة | N33: 45113 | O33: =YEARFRAC(TODAY(),Table1[[#This Row],[تاريخ الإلتحاق]],1) -> 2.4854015 | P33: =IF(Table1[[#This Row],[فترة العمل بالشركة]]<=5,Table1[[#This Row],[فترة العمل بالشركة]]*21,(((Table1[[#This Row],[فترة العمل بالشركة]]-5)*30)+(5*21))) -> 52.193431 | Q33: ='10029'!E37 -> 31 | R33: =Table1[[#This Row],[رصيد الاجازة المستحق]]-Table1[[#This Row],[رصيد الاجازة المستخدم]] -> 21.193431 | S33: =Table1[[#This Row],[رصيد الاجازة الحالي]]/30*Table1[[#This Row],[إجمالي الأجر]] -> 1624.8297 | T33: =IF(Table1[[#This Row],[فترة العمل بالشركة]]<=5,Table1[[#This Row],[فترة العمل بالشركة]]*Table1[[#This Row],[الاجر الخاضع للاشتراك]]/2,((Table1[[#This Row],[فترة العمل بالشركة]]-2.5)*Table1[[#This Row],[الاجر الخاضع للاشتراك]])) -> 2858.2117
A34: 10030 | B34: SAROJIT BISWAS BISWAS | C34: 2554004347 | D34: الهند | E34: ذكر | F34: 1990-09-21 | G34: 2500 | H34: 0 | I34: 0 | J34: 0 | K34: 2500 | L34: 2500 | M34: عامل مطبخ | N34: 45170 | O34: =YEARFRAC(TODAY(),Table1[[#This Row],[تاريخ الإلتحاق]],1) -> 2.3293796 | P34: =IF(Table1[[#This Row],[فترة العمل بالشركة]]<=5,Table1[[#This Row],[فترة العمل بالشركة]]*21,(((Table1[[#This Row],[فترة العمل بالشركة]]-5)*30)+(5*21))) -> 48.916971 | Q34: ='10030'!E37 -> 27 | R34: =Table1[[#This Row],[رصيد الاجازة المستحق]]-Table1[[#This Row],[رصيد الاجازة المستخدم]] -> 21.916971 | S34: =Table1[[#This Row],[رصيد الاجازة الحالي]]/30*Table1[[#This Row],[إجمالي الأجر]] -> 1826.4142 | T34: =IF(Table1[[#This Row],[فترة العمل بالشركة]]<=5,Table1[[#This Row],[فترة العمل بالشركة]]*Table1[[#This Row],[الاجر الخاضع للاشتراك]]/2,((Table1[[#This Row],[فترة العمل بالشركة]]-2.5)*Table1[[#This Row],[الاجر الخاضع للاشتراك]])) -> 2911.7245
A35: 10031 | B35: شروق جهاد بن مقاط العنزي | C35: 1088340854 | D35: السعودية | E35: انثى | F35: 1991-06-12 | G35: 4000 | H35: 0 | I35: 0 | J35: 0 | K35: 4000 | L35: 4000 | M35: أخصائي خدمة عملاء | N35: 45186 | O35: =YEARFRAC(TODAY(),Table1[[#This Row],[تاريخ الإلتحاق]],1) -> 2.2855839 | P35: =IF(Table1[[#This Row],[فترة العمل بالشركة]]<=5,Table1[[#This Row],[فترة العمل بالشركة]]*21,(((Table1[[#This Row],[فترة العمل بالشركة]]-5)*30)+(5*21))) -> 47.997263 | Q35: ='10031'!E37 -> 27 | R35: =Table1[[#This Row],[رصيد الاجازة المستحق]]-Table1[[#This Row],[رصيد الاجازة المستخدم]] -> 20.997263 | S35: =Table1[[#This Row],[رصيد الاجازة الحالي]]/30*Table1[[#This Row],[إجمالي الأجر]] -> 2799.635 | T35: =IF(Table1[[#This Row],[فترة العمل بالشركة]]<=5,Table1[[#This Row],[فترة العمل بالشركة]]*Table1[[#This Row],[الاجر الخاضع للاشتراك]]/2,((Table1[[#This Row],[فترة العمل بالشركة]]-2.5)*Table1[[#This Row],[الاجر الخاضع للاشتراك]])) -> 4571.1679
A36: 10032 | B36: نوره محمد عبدالرحمن القعيد | C36: 1119142683 | D36: السعودية | E36: انثى | F36: 2003-01-11 | G36: 4000 | H36: 0 | I36: 0 | J36: 0 | K36: 4000 | L36: 4000 | M36: أخصائي خدمة عملاء | N36: 45198 | O36: =YEARFRAC(TODAY(),Table1[[#This Row],[تاريخ الإلتحاق]],1) -> 2.2527372 | P36: =IF(Table1[[#This Row],[فترة العمل بالشركة]]<=5,Table1[[#This Row],[فترة العمل بالشركة]]*21,(((Table1[[#This Row],[فترة العمل بالشركة]]-5)*30)+(5*21))) -> 47.307482 | Q36: ='10032'!E37 -> 26 | R36: =Table1[[#This Row],[رصيد الاجازة المستحق]]-Table1[[#This Row],[رصيد الاجازة المستخدم]] -> 21.307482 | S36: =Table1[[#This Row],[رصيد الاجازة الحالي]]/30*Table1[[#This Row],[إجمالي الأجر]] -> 2840.9976 | T36: =IF(Table1[[#This Row],[فترة العمل بالشركة]]<=5,Table1[[#This Row],[فترة العمل بالشركة]]*Table1[[#This Row],[الاجر الخاضع للاشتراك]]/2,((Table1[[#This Row],[فترة العمل بالشركة]]-2.5)*Table1[[#This Row],[الاجر الخاضع للاشتراك]])) -> 4505.4745
A37: 10033 | B37: MD AMRAN HOSSAIN | C37: 2548252242 | D37: بنغلادش | E37: ذكر | F37: 1992-06-05 | G37: 1500 | H37: 0 | I37: 0 | J37: 0 | K37: 1500 | L37: 1500 | M37: عامل تحميل وتنزيل | N37: 45215 | O37: =YEARFRAC(TODAY(),Table1[[#This Row],[تاريخ الإلتحاق]],1) -> 2.2062044 | P37: =IF(Table1[[#This Row],[فترة العمل بالشركة]]<=5,Table1[[#This Row],[فترة العمل بالشركة]]*21,(((Table1[[#This Row],[فترة العمل بالشركة]]-5)*30)+(5*21))) -> 46.330292 | Q37: ='10033'!E37 -> 25 | R37: =Table1[[#This Row],[رصيد الاجازة المستحق]]-Table1[[#This Row],[رصيد الاجازة المستخدم]] -> 21.330292 | S37: =Table1[[#This Row],[رصيد الاجازة الحالي]]/30*Table1[[#This Row],[إجمالي الأجر]] -> 1066.5146 | T37: =IF(Table1[[#This Row],[فترة العمل بالشركة]]<=5,Table1[[#This Row],[فترة العمل بالشركة]]*Table1[[#This Row],[الاجر الخاضع للاشتراك]]/2,((Table1[[#This Row],[فترة العمل بالشركة]]-2.5)*Table1[[#This Row],[الاجر الخاضع للاشتراك]])) -> 1654.6533
A38: 10034 | B38: MAHAMUDUL HASAN | C38: 2548252408 | D38: بنغلادش | E38: ذكر | F38: 1999-10-29 | G38: 1500 | H38: 0 | I38: 0 | J38: 0 | K38: 1500 | L38: 1500 | M38: عامل تحميل وتنزيل | N38: 45250 | O38: =YEARFRAC(TODAY(),Table1[[#This Row],[تاريخ الإلتحاق]],1) -> 2.1104015 | P38: =IF(Table1[[#This Row],[فترة العمل بالشركة]]<=5,Table1[[#This Row],[فترة العمل بالشركة]]*21,(((Table1[[#This Row],[فترة العمل بالشركة]]-5)*30)+(5*21))) -> 44.318431 | Q38: ='10034'!E37 -> 23 | R38: =Table1[[#This Row],[رصيد الاجازة المستحق]]-Table1[[#This Row],[رصيد الاجازة المستخدم]] -> 21.318431 | S38: =Table1[[#This Row],[رصيد الاجازة الحالي]]/30*Table1[[#This Row],[إجمالي الأجر]] -> 1065.9215 | T38: =IF(Table1[[#This Row],[فترة العمل بالشركة]]<=5,Table1[[#This Row],[فترة العمل بالشركة]]*Table1[[#This Row],[الاجر الخاضع للاشتراك]]/2,((Table1[[#This Row],[فترة العمل بالشركة]]-2.5)*Table1[[#This Row],[الاجر الخاضع للاشتراك]])) -> 1582.8011
A39: 10035 | B39: MANOJ SINGH BIHARI | C39: 2555700422 | D39: الهند | E39: ذكر | F39: 1993-02-15 | G39: 1800 | H39: 0 | I39: 0 | J39: 0 | K39: 1800 | L39: 1800 | M39: عامل مطبخ | N39: 45263 | O39: =YEARFRAC(TODAY(),Table1[[#This Row],[تاريخ الإلتحاق]],1) -> 2.0748175 | P39: =IF(Table1[[#This Row],[فترة العمل بالشركة]]<=5,Table1[[#This Row],[فترة العمل بالشركة]]*21,(((Table1[[#This Row],[فترة العمل بالشركة]]-5)*30)+(5*21))) -> 43.571168 | Q39: ='10035'!E37 -> 22 | R39: =Table1[[#This Row],[رصيد الاجازة المستحق]]-Table1[[#This Row],[رصيد الاجازة المستخدم]] -> 21.571168 | S39: =Table1[[#This Row],[رصيد الاجازة الحالي]]/30*Table1[[#This Row],[إجمالي الأجر]] -> 1294.2701 | T39: =IF(Table1[[#This Row],[فترة العمل بالشركة]]<=5,Table1[[#This Row],[فترة العمل بالشركة]]*Table1[[#This Row],[الاجر الخاضع للاشتراك]]/2,((Table1[[#This Row],[فترة العمل بالشركة]]-2.5)*Table1[[#This Row],[الاجر الخاضع للاشتراك]])) -> 1867.3358
A40: 10036 | B40: RUPESH VILAS GAIKWAD | C40: 2555701347 | D40: الهند | E40: ذكر | F40: 1998-12-07 | G40: 2300 | H40: 0 | I40: 0 | J40: 0 | K40: 2300 | L40: 2300 | M40: عامل مطبخ | N40: 45263 | O40: =YEARFRAC(TODAY(),Table1[[#This Row],[تاريخ الإلتحاق]],1) -> 2.0748175 | P40: =IF(Table1[[#This Row],[فترة العمل بالشركة]]<=5,Table1[[#This Row],[فترة العمل بالشركة]]*21,(((Table1[[#This Row],[فترة العمل بالشركة]]-5)*30)+(5*21))) -> 43.571168 | Q40: ='10036'!E37 -> 22 | R40: =Table1[[#This Row],[رصيد الاجازة المستحق]]-Table1[[#This Row],[رصيد الاجازة المستخدم]] -> 21.571168 | S40: =Table1[[#This Row],[رصيد الاجازة الحالي]]/30*Table1[[#This Row],[إجمالي الأجر]] -> 1653.7895 | T40: =IF(Table1[[#This Row],[فترة العمل بالشركة]]<=5,Table1[[#This Row],[فترة العمل بالشركة]]*Table1[[#This Row],[الاجر الخاضع للاشتراك]]/2,((Table1[[#This Row],[فترة العمل بالشركة]]-2.5)*Table1[[#This Row],[الاجر الخاضع للاشتراك]])) -> 2386.0401
A41: 10037 | B41: SATEESH PAL DURGA PRASAD | C41: 2559055146 | D41: الهند | E41: ذكر | F41: 1984-07-10 | G41: 2300 | H41: 0 | I41: 0 | J41: 0 | K41: 2300 | L41: 2300 | M41: عامل مطبخ | N41: 45263 | O41: =YEARFRAC(TODAY(),Table1[[#This Row],[تاريخ الإلتحاق]],1) -> 2.0748175 | P41: =IF(Table1[[#This Row],[فترة العمل بالشركة]]<=5,Table1[[#This Row],[فترة العمل بالشركة]]*21,(((Table1[[#This Row],[فترة العمل بالشركة]]-5)*30)+(5*21))) -> 43.571168 | Q41: ='10037'!E37 -> 22 | R41: =Table1[[#This Row],[رصيد الاجازة المستحق]]-Table1[[#This Row],[رصيد الاجازة المستخدم]] -> 21.571168 | S41: =Table1[[#This Row],[رصيد الاجازة الحالي]]/30*Table1[[#This Row],[إجمالي الأجر]] -> 1653.7895 | T41: =IF(Table1[[#This Row],[فترة العمل بالشركة]]<=5,Table1[[#This Row],[فترة العمل بالشركة]]*Table1[[#This Row],[الاجر الخاضع للاشتراك]]/2,((Table1[[#This Row],[فترة العمل بالشركة]]-2.5)*Table1[[#This Row],[الاجر الخاضع للاشتراك]])) -> 2386.0401
A42: 10038 | B42: أحمد محمد عبده قايد العربي | C42: 2523151518 | D42: اليمن | E42: ذكر | F42: 2000-01-01 | G42: 2000 | H42: 0 | I42: 0 | J42: 0 | K42: 2000 | L42: 2000 | M42: عامل مطبخ | N42: 45270 | O42: =YEARFRAC(TODAY(),Table1[[#This Row],[تاريخ الإلتحاق]],1) -> 2.0556569 | P42: =IF(Table1[[#This Row],[فترة العمل بالشركة]]<=5,Table1[[#This Row],[فترة العمل بالشركة]]*21,(((Table1[[#This Row],[فترة العمل بالشركة]]-5)*30)+(5*21))) -> 43.168796 | Q42: ='10038'!E37 -> 22 | R42: =Table1[[#This Row],[رصيد الاجازة المستحق]]-Table1[[#This Row],[رصيد الاجازة المستخدم]] -> 21.168796 | S42: =Table1[[#This Row],[رصيد الاجازة الحالي]]/30*Table1[[#This Row],[إجمالي الأجر]] -> 1411.253 | T42: =IF(Table1[[#This Row],[فترة العمل بالشركة]]<=5,Table1[[#This Row],[فترة العمل بالشركة]]*Table1[[#This Row],[الاجر الخاضع للاشتراك]]/2,((Table1[[#This Row],[فترة العمل بالشركة]]-2.5)*Table1[[#This Row],[الاجر الخاضع للاشتراك]])) -> 2055.6569
A43: 10039 | B43: رياض حسين رياض محمد | C43: 2561837507 | D43: مصر | E43: ذكر | F43: 1987-08-27 | G43: 5000 | H43: 0 | I43: 0 | J43: 0 | K43: 5000 | L43: 5000 | M43: محاسب | N43: 45270 | O43: =YEARFRAC(TODAY(),Table1[[#This Row],[تاريخ الإلتحاق]],1) -> 2.0556569 | P43: =IF(Table1[[#This Row],[فترة العمل بالشركة]]<=5,Table1[[#This Row],[فترة العمل بالشركة]]*21,(((Table1[[#This Row],[فترة العمل بالشركة]]-5)*30)+(5*21))) -> 43.168796 | Q43: ='10039'!E37 -> 22 | R43: =Table1[[#This Row],[رصيد الاجازة المستحق]]-Table1[[#This Row],[رصيد الاجازة المستخدم]] -> 21.168796 | S43: =Table1[[#This Row],[رصيد الاجازة الحالي]]/30*Table1[[#This Row],[إجمالي الأجر]] -> 3528.1326 | T43: =IF(Table1[[#This Row],[فترة العمل بالشركة]]<=5,Table1[[#This Row],[فترة العمل بالشركة]]*Table1[[#This Row],[الاجر الخاضع للاشتراك]]/2,((Table1[[#This Row],[فترة العمل بالشركة]]-2.5)*Table1[[#This Row],[الاجر الخاضع للاشتراك]])) -> 5139.1423
A44: 10040 | B44: ALAM ANSARI MD MOMIN | C44: 2562930293 | D44: الهند | E44: ذكر | F44: 1993-07-14 | G44: 1800 | H44: 0 | I44: 0 | J44: 0 | K44: 1800 | L44: 1800 | M44: عامل مطبخ | N44: 45271 | O44: =YEARFRAC(TODAY(),Table1[[#This Row],[تاريخ الإلتحاق]],1) -> 2.0529197 | P44: =IF(Table1[[#This Row],[فترة العمل بالشركة]]<=5,Table1[[#This Row],[فترة العمل بالشركة]]*21,(((Table1[[#This Row],[فترة العمل بالشركة]]-5)*30)+(5*21))) -> 43.111314 | Q44: ='10040'!E37 -> 22 | R44: =Table1[[#This Row],[رصيد الاجازة المستحق]]-Table1[[#This Row],[رصيد الاجازة المستخدم]] -> 21.111314 | S44: =Table1[[#This Row],[رصيد الاجازة الحالي]]/30*Table1[[#This Row],[إجمالي الأجر]] -> 1266.6788 | T44: =IF(Table1[[#This Row],[فترة العمل بالشركة]]<=5,Table1[[#This Row],[فترة العمل بالشركة]]*Table1[[#This Row],[الاجر الخاضع للاشتراك]]/2,((Table1[[#This Row],[فترة العمل بالشركة]]-2.5)*Table1[[#This Row],[الاجر الخاضع للاشتراك]])) -> 1847.6277
A45: 10041 | B45: MD SOHAIL ANSARI | C45: 2562931952 | D45: الهند | E45: ذكر | F45: 1999-01-28 | G45: 1800 | H45: 0 | I45: 0 | J45: 0 | K45: 1800 | L45: 1800 | M45: عامل مطبخ | N45: 45271 | O45: =YEARFRAC(TODAY(),Table1[[#This Row],[تاريخ الإلتحاق]],1) -> 2.0529197 | P45: =IF(Table1[[#This Row],[فترة العمل بالشركة]]<=5,Table1[[#This Row],[فترة العمل بالشركة]]*21,(((Table1[[#This Row],[فترة العمل بالشركة]]-5)*30)+(5*21))) -> 43.111314 | Q45: ='10041'!E37 -> 22 | R45: =Table1[[#This Row],[رصيد الاجازة المستحق]]-Table1[[#This Row],[رصيد الاجازة المستخدم]] -> 21.111314 | S45: =Table1[[#This Row],[رصيد الاجازة الحالي]]/30*Table1[[#This Row],[إجمالي الأجر]] -> 1266.6788 | T45: =IF(Table1[[#This Row],[فترة العمل بالشركة]]<=5,Table1[[#This Row],[فترة العمل بالشركة]]*Table1[[#This Row],[الاجر الخاضع للاشتراك]]/2,((Table1[[#This Row],[فترة العمل بالشركة]]-2.5)*Table1[[#This Row],[الاجر الخاضع للاشتراك]])) -> 1847.6277
A46: 10042 | B46: احمد سعيد عبدالرازق محمد | C46: 2562799359 | D46: مصر | E46: ذكر | F46: 1982-08-12 | G46: 3000 | H46: 0 | I46: 0 | J46: 0 | K46: 3000 | L46: 3000 | M46: محاسب تكاليف | N46: 45280 | O46: =YEARFRAC(TODAY(),Table1[[#This Row],[تاريخ الإلتحاق]],1) -> 2.0282847 | P46: =IF(Table1[[#This Row],[فترة العمل بالشركة]]<=5,Table1[[#This Row],[فترة العمل بالشركة]]*21,(((Table1[[#This Row],[فترة العمل بالشركة]]-5)*30)+(5*21))) -> 42.593978 | Q46: ='10042'!E37 -> 28 | R46: =Table1[[#This Row],[رصيد الاجازة المستحق]]-Table1[[#This Row],[رصيد الاجازة المستخدم]] -> 14.593978 | S46: =Table1[[#This Row],[رصيد الاجازة الحالي]]/30*Table1[[#This Row],[إجمالي الأجر]] -> 1459.3978 | T46: =IF(Table1[[#This Row],[فترة العمل بالشركة]]<=5,Table1[[#This Row],[فترة العمل بالشركة]]*Table1[[#This Row],[الاجر الخاضع للاشتراك]]/2,((Table1[[#This Row],[فترة العمل بالشركة]]-2.5)*Table1[[#This Row],[الاجر الخاضع للاشتراك]])) -> 3042.427
A47: 10043 | B47: MOHAMMED SAJID SALIM | C47: 2562932133 | D47: الهند | E47: ذكر | F47: 1985-03-10 | G47: 2000 | H47: 0 | I47: 0 | J47: 0 | K47: 2000 | L47: 2000 | M47: كهربائي سيارات | N47: 45295 | O47: =YEARFRAC(TODAY(),Table1[[#This Row],[تاريخ الإلتحاق]],1) -> 1.9863201 | P47: =IF(Table1[[#This Row],[فترة العمل بالشركة]]<=5,Table1[[#This Row],[فترة العمل بالشركة]]*21,(((Table1[[#This Row],[فترة العمل بالشركة]]-5)*30)+(5*21))) -> 41.712722 | Q47: ='10043'!E37 -> 21 | R47: =Table1[[#This Row],[رصيد الاجازة المستحق]]-Table1[[#This Row],[رصيد الاجازة المستخدم]] -> 20.712722 | S47: =Table1[[#This Row],[رصيد الاجازة الحالي]]/30*Table1[[#This Row],[إجمالي الأجر]] -> 1380.8482 | T47: =IF(Table1[[#This Row],[فترة العمل بالشركة]]<=5,Table1[[#This Row],[فترة العمل بالشركة]]*Table1[[#This Row],[الاجر الخاضع للاشتراك]]/2,((Table1[[#This Row],[فترة العمل بالشركة]]-2.5)*Table1[[#This Row],[الاجر الخاضع للاشتراك]])) -> 1986.3201
A48: 10044 | B48: ريوف وليد محمد الحسين | C48: 1128834866 | D48: السعودية | E48: انثى | F48: 2002-11-23 | G48: 4000 | H48: 0 | I48: 0 | J48: 0 | K48: 4000 | L48: 4000 | M48: أخصائي خدمة عملاء | N48: 45342 | O48: =YEARFRAC(TODAY(),Table1[[#This Row],[تاريخ الإلتحاق]],1) -> 1.8577291 | P48: =IF(Table1[[#This Row],[فترة العمل بالشركة]]<=5,Table1[[#This Row],[فترة العمل بالشركة]]*21,(((Table1[[#This Row],[فترة العمل بالشركة]]-5)*30)+(5*21))) -> 39.012312 | Q48: ='10044'!E37 -> 24 | R48: =Table1[[#This Row],[رصيد الاجازة المستحق]]-Table1[[#This Row],[رصيد الاجازة المستخدم]] -> 15.012312 | S48: =Table1[[#This Row],[رصيد الاجازة الحالي]]/30*Table1[[#This Row],[إجمالي الأجر]] -> 2001.6416 | T48: =IF(Table1[[#This Row],[فترة العمل بالشركة]]<=5,Table1[[#This Row],[فترة العمل بالشركة]]*Table1[[#This Row],[الاجر الخاضع للاشتراك]]/2,((Table1[[#This Row],[فترة العمل بالشركة]]-2.5)*Table1[[#This Row],[الاجر الخاضع للاشتراك]])) -> 3715.4583
A49: 10045 | B49: لولوه وليد محمد الحسين | C49: 1128834932 | D49: السعودية | E49: انثى | F49: 2000-12-23 | G49: 4000 | H49: 0 | I49: 0 | J49: 0 | K49: 4000 | L49: 4000 | M49: أخصائي خدمة عملاء | N49: 45342 | O49: =YEARFRAC(TODAY(),Table1[[#This Row],[تاريخ الإلتحاق]],1) -> 1.8577291 | P49: =IF(Table1[[#This Row],[فترة العمل بالشركة]]<=5,Table1[[#This Row],[فترة العمل بالشركة]]*21,(((Table1[[#This Row],[فترة العمل بالشركة]]-5)*30)+(5*21))) -> 39.012312 | Q49: ='10045'!E37 -> 7 | R49: =Table1[[#This Row],[رصيد الاجازة المستحق]]-Table1[[#This Row],[رصيد الاجازة المستخدم]] -> 32.012312 | S49: =Table1[[#This Row],[رصيد الاجازة الحالي]]/30*Table1[[#This Row],[إجمالي الأجر]] -> 4268.3083 | T49: =IF(Table1[[#This Row],[فترة العمل بالشركة]]<=5,Table1[[#This Row],[فترة العمل بالشركة]]*Table1[[#This Row],[الاجر الخاضع للاشتراك]]/2,((Table1[[#This Row],[فترة العمل بالشركة]]-2.5)*Table1[[#This Row],[الاجر الخاضع للاشتراك]])) -> 3715.4583
A50: 10046 | B50: نوف ابراهيم محمد العبدالقادر | C50: 1124227628 | D50: السعودية | E50: انثى | F50: 1996-10-24 | G50: 4500 | H50: 0 | I50: 0 | J50: 0 | K50: 4500 | L50: 4500 | M50: أخصائي مبيعات | N50: 45348 | O50: =YEARFRAC(TODAY(),Table1[[#This Row],[تاريخ الإلتحاق]],1) -> 1.8413133 | P50: =IF(Table1[[#This Row],[فترة العمل بالشركة]]<=5,Table1[[#This Row],[فترة العمل بالشركة]]*21,(((Table1[[#This Row],[فترة العمل بالشركة]]-5)*30)+(5*21))) -> 38.667579 | Q50: ='10046'!E37 -> 18 | R50: =Table1[[#This Row],[رصيد الاجازة المستحق]]-Table1[[#This Row],[رصيد الاجازة المستخدم]] -> 20.667579 | S50: =Table1[[#This Row],[رصيد الاجازة الحالي]]/30*Table1[[#This Row],[إجمالي الأجر]] -> 3100.1368 | T50: =IF(Table1[[#This Row],[فترة العمل بالشركة]]<=5,Table1[[#This Row],[فترة العمل بالشركة]]*Table1[[#This Row],[الاجر الخاضع للاشتراك]]/2,((Table1[[#This Row],[فترة العمل بالشركة]]-2.5)*Table1[[#This Row],[الاجر الخاضع للاشتراك]])) -> 4142.9549
A51: 10047 | B51: نوره عيسى شافي الدوسري | C51: 1104309420 | D51: السعودية | E51: انثى | F51: 1995-03-22 | G51: 4000 | H51: 0 | I51: 0 | J51: 0 | K51: 4000 | L51: 4000 | M51: أخصائي خدمة عملاء | N51: 45464 | O51: =YEARFRAC(TODAY(),Table1[[#This Row],[تاريخ الإلتحاق]],1) -> 1.5239398 | P51: =IF(Table1[[#This Row],[فترة العمل بالشركة]]<=5,Table1[[#This Row],[فترة العمل بالشركة]]*21,(((Table1[[#This Row],[فترة العمل بالشركة]]-5)*30)+(5*21))) -> 32.002736 | Q51: ='10047'!E37 -> 6 | R51: =Table1[[#This Row],[رصيد الاجازة المستحق]]-Table1[[#This Row],[رصيد الاجازة المستخدم]] -> 26.002736 | S51: =Table1[[#This Row],[رصيد الاجازة الحالي]]/30*Table1[[#This Row],[إجمالي الأجر]] -> 3467.0315 | T51: =IF(Table1[[#This Row],[فترة العمل بالشركة]]<=5,Table1[[#This Row],[فترة العمل بالشركة]]*Table1[[#This Row],[الاجر الخاضع للاشتراك]]/2,((Table1[[#This Row],[فترة العمل بالشركة]]-2.5)*Table1[[#This Row],[الاجر الخاضع للاشتراك]])) -> 3047.8796
A52: 10048 | B52: مناير حزام حسن القحطاني | C52: 1115940056 | D52: السعودية | E52: انثى | F52: 2002-05-06 | G52: 4000 | H52: 0 | I52: 0 | J52: 0 | K52: 4000 | L52: 4000 | M52: أخصائي خدمة عملاء | N52: 45464 | O52: =YEARFRAC(TODAY(),Table1[[#This Row],[تاريخ الإلتحاق]],1) -> 1.5239398 | P52: =IF(Table1[[#This Row],[فترة العمل بالشركة]]<=5,Table1[[#This Row],[فترة العمل بالشركة]]*21,(((Table1[[#This Row],[فترة العمل بالشركة]]-5)*30)+(5*21))) -> 32.002736 | Q52: ='10048'!E37 -> 7 | R52: =Table1[[#This Row],[رصيد الاجازة المستحق]]-Table1[[#This Row],[رصيد الاجازة المستخدم]] -> 25.002736 | S52: =Table1[[#This Row],[رصيد الاجازة الحالي]]/30*Table1[[#This Row],[إجمالي الأجر]] -> 3333.6981 | T52: =IF(Table1[[#This Row],[فترة العمل بالشركة]]<=5,Table1[[#This Row],[فترة العمل بالشركة]]*Table1[[#This Row],[الاجر الخاضع للاشتراك]]/2,((Table1[[#This Row],[فترة العمل بالشركة]]-2.5)*Table1[[#This Row],[الاجر الخاضع للاشتراك]])) -> 3047.8796
A53: 10049 | B53: شذى علي عبدالرحمن العسكر | C53: 1103774301 | D53: السعودية | E53: انثى | F53: 1997-08-17 | G53: 4000 | H53: 0 | I53: 0 | J53: 0 | K53: 4000 | L53: 4000 | M53: أخصائي خدمة عملاء | N53: 45526 | O53: =YEARFRAC(TODAY(),Table1[[#This Row],[تاريخ الإلتحاق]],1) -> 1.3543092 | P53: =IF(Table1[[#This Row],[فترة العمل بالشركة]]<=5,Table1[[#This Row],[فترة العمل بالشركة]]*21,(((Table1[[#This Row],[فترة العمل بالشركة]]-5)*30)+(5*21))) -> 28.440492 | Q53: ='10049'!E37 -> 7 | R53: =Table1[[#This Row],[رصيد الاجازة المستحق]]-Table1[[#This Row],[رصيد الاجازة المستخدم]] -> 21.440492 | S53: =Table1[[#This Row],[رصيد الاجازة الحالي]]/30*Table1[[#This Row],[إجمالي الأجر]] -> 2858.7323 | T53: =IF(Table1[[#This Row],[فترة العمل بالشركة]]<=5,Table1[[#This Row],[فترة العمل بالشركة]]*Table1[[#This Row],[الاجر الخاضع للاشتراك]]/2,((Table1[[#This Row],[فترة العمل بالشركة]]-2.5)*Table1[[#This Row],[الاجر الخاضع للاشتراك]])) -> 2708.6183
A54: 10050 | B54: سليمان راجح عبدالسلام راجح | C54: 2581526700 | D54: اليمن | E54: ذكر | F54: 1995-01-01 | G54: 2600 | H54: 0 | I54: 0 | J54: 0 | K54: 2600 | L54: 2600 | M54: عامل تحميل وتنزيل | N54: 45527 | O54: =YEARFRAC(TODAY(),Table1[[#This Row],[تاريخ الإلتحاق]],1) -> 1.3515732 | P54: =IF(Table1[[#This Row],[فترة العمل بالشركة]]<=5,Table1[[#This Row],[فترة العمل بالشركة]]*21,(((Table1[[#This Row],[فترة العمل بالشركة]]-5)*30)+(5*21))) -> 28.383037 | Q54: ='10050'!E37 -> 7 | R54: =Table1[[#This Row],[رصيد الاجازة المستحق]]-Table1[[#This Row],[رصيد الاجازة المستخدم]] -> 21.383037 | S54: =Table1[[#This Row],[رصيد الاجازة الحالي]]/30*Table1[[#This Row],[إجمالي الأجر]] -> 1853.1965 | T54: =IF(Table1[[#This Row],[فترة العمل بالشركة]]<=5,Table1[[#This Row],[فترة العمل بالشركة]]*Table1[[#This Row],[الاجر الخاضع للاشتراك]]/2,((Table1[[#This Row],[فترة العمل بالشركة]]-2.5)*Table1[[#This Row],[الاجر الخاضع للاشتراك]])) -> 1757.0451
A55: 10051 | B55: ARIFUL ISLAM | C55: 2510597442 | D55: بنغلادش | E55: ذكر | F55: 2001-10-30 | G55: 2000 | H55: 0 | I55: 0 | J55: 0 | K55: 2000 | L55: 2000 | M55: عامل مطبخ | N55: 45529 | O55: =YEARFRAC(TODAY(),Table1[[#This Row],[تاريخ الإلتحاق]],1) -> 1.3461012 | P55: =IF(Table1[[#This Row],[فترة العمل بالشركة]]<=5,Table1[[#This Row],[فترة العمل بالشركة]]*21,(((Table1[[#This Row],[فترة العمل بالشركة]]-5)*30)+(5*21))) -> 28.268126 | Q55: ='10051'!E37 -> 7 | R55: =Table1[[#This Row],[رصيد الاجازة المستحق]]-Table1[[#This Row],[رصيد الاجازة المستخدم]] -> 21.268126 | S55: =Table1[[#This Row],[رصيد الاجازة الحالي]]/30*Table1[[#This Row],[إجمالي الأجر]] -> 1417.8751 | T55: =IF(Table1[[#This Row],[فترة العمل بالشركة]]<=5,Table1[[#This Row],[فترة العمل بالشركة]]*Table1[[#This Row],[الاجر الخاضع للاشتراك]]/2,((Table1[[#This Row],[فترة العمل بالشركة]]-2.5)*Table1[[#This Row],[الاجر الخاضع للاشتراك]])) -> 1346.1012
A56: 10052 | B56: عبدالله امين علي عبده الشلح | C56: 2517244329 | D56: اليمن | E56: ذكر | F56: 1998-07-19 | G56: 2500 | H56: 0 | I56: 0 | J56: 0 | K56: 2500 | L56: 2500 | M56: عامل مطبخ | N56: 45529 | O56: =YEARFRAC(TODAY(),Table1[[#This Row],[تاريخ الإلتحاق]],1) -> 1.3461012 | P56: =IF(Table1[[#This Row],[فترة العمل بالشركة]]<=5,Table1[[#This Row],[فترة العمل بالشركة]]*21,(((Table1[[#This Row],[فترة العمل بالشركة]]-5)*30)+(5*21))) -> 28.268126 | Q56: ='10052'!E37 -> 7 | R56: =Table1[[#This Row],[رصيد الاجازة المستحق]]-Table1[[#This Row],[رصيد الاجازة المستخدم]] -> 21.268126 | S56: =Table1[[#This Row],[رصيد الاجازة الحالي]]/30*Table1[[#This Row],[إجمالي الأجر]] -> 1772.3438 | T56: =IF(Table1[[#This Row],[فترة العمل بالشركة]]<=5,Table1[[#This Row],[فترة العمل بالشركة]]*Table1[[#This Row],[الاجر الخاضع للاشتراك]]/2,((Table1[[#This Row],[فترة العمل بالشركة]]-2.5)*Table1[[#This Row],[الاجر الخاضع للاشتراك]])) -> 1682.6265
A57: 10053 | B57: FAKRUL ISLAM RUBEL | C57: 2509541039 | D57: بنغلادش | E57: ذكر | F57: 1990-01-06 | G57: 2000 | H57: 0 | I57: 0 | J57: 0 | K57: 2000 | L57: 2000 | M57: عامل مطبخ | N57: 45530 | O57: =YEARFRAC(TODAY(),Table1[[#This Row],[تاريخ الإلتحاق]],1) -> 1.3433653 | P57: =IF(Table1[[#This Row],[فترة العمل بالشركة]]<=5,Table1[[#This Row],[فترة العمل بالشركة]]*21,(((Table1[[#This Row],[فترة العمل بالشركة]]-5)*30)+(5*21))) -> 28.21067 | Q57: ='10053'!E37 -> 7 | R57: =Table1[[#This Row],[رصيد الاجازة المستحق]]-Table1[[#This Row],[رصيد الاجازة المستخدم]] -> 21.21067 | S57: =Table1[[#This Row],[رصيد الاجازة الحالي]]/30*Table1[[#This Row],[إجمالي الأجر]] -> 1414.0447 | T57: =IF(Table1[[#This Row],[فترة العمل بالشركة]]<=5,Table1[[#This Row],[فترة العمل بالشركة]]*Table1[[#This Row],[الاجر الخاضع للاشتراك]]/2,((Table1[[#This Row],[فترة العمل بالشركة]]-2.5)*Table1[[#This Row],[الاجر الخاضع للاشتراك]])) -> 1343.3653
A58: 10054 | B58: أسماء مزهى زهيان المطيري | C58: 1090390491 | D58: السعودية | E58: انثى | F58: 1996-04-14 | G58: 4000 | H58: 0 | I58: 0 | J58: 0 | K58: 4000 | L58: 4000 | M58: أخصائي خدمة عملاء | N58: 45532 | O58: =YEARFRAC(TODAY(),Table1[[#This Row],[تاريخ الإلتحاق]],1) -> 1.3378933 | P58: =IF(Table1[[#This Row],[فترة العمل بالشركة]]<=5,Table1[[#This Row],[فترة العمل بالشركة]]*21,(((Table1[[#This Row],[فترة العمل بالشركة]]-5)*30)+(5*21))) -> 28.095759 | Q58: ='10054'!E37 -> 7 | R58: =Table1[[#This Row],[رصيد الاجازة المستحق]]-Table1[[#This Row],[رصيد الاجازة المستخدم]] -> 21.095759 | S58: =Table1[[#This Row],[رصيد الاجازة الحالي]]/30*Table1[[#This Row],[إجمالي الأجر]] -> 2812.7679 | T58: =IF(Table1[[#This Row],[فترة العمل بالشركة]]<=5,Table1[[#This Row],[فترة العمل بالشركة]]*Table1[[#This Row],[الاجر الخاضع للاشتراك]]/2,((Table1[[#This Row],[فترة العمل بالشركة]]-2.5)*Table1[[#This Row],[الاجر الخاضع للاشتراك]])) -> 2675.7866
A59: 10055 | B59: ميلاف سالم مطلق البلوي | C59: 1110806500 | D59: السعودية | E59: انثى | F59: 2000-03-15 | G59: 4000 | H59: 0 | I59: 0 | J59: 0 | K59: 4000 | L59: 4000 | M59: أخصائي خدمة عملاء | N59: 45533 | O59: =YEARFRAC(TODAY(),Table1[[#This Row],[تاريخ الإلتحاق]],1) -> 1.3351573 | P59: =IF(Table1[[#This Row],[فترة العمل بالشركة]]<=5,Table1[[#This Row],[فترة العمل بالشركة]]*21,(((Table1[[#This Row],[فترة العمل بالشركة]]-5)*30)+(5*21))) -> 28.038304 | Q59: ='10055'!E37 -> 7 | R59: =Table1[[#This Row],[رصيد الاجازة المستحق]]-Table1[[#This Row],[رصيد الاجازة المستخدم]] -> 21.038304 | S59: =Table1[[#This Row],[رصيد الاجازة الحالي]]/30*Table1[[#This Row],[إجمالي الأجر]] -> 2805.1072 | T59: =IF(Table1[[#This Row],[فترة العمل بالشركة]]<=5,Table1[[#This Row],[فترة العمل بالشركة]]*Table1[[#This Row],[الاجر الخاضع للاشتراك]]/2,((Table1[[#This Row],[فترة العمل بالشركة]]-2.5)*Table1[[#This Row],[الاجر الخاضع للاشتراك]])) -> 2670.3146
A60: 10056 | B60: عبدالرحمن عبدالله احمد ادم | C60: 2530579826 | D60: السودان | E60: ذكر | F60: 1994-10-19 | G60: 2300 | H60: 0 | I60: 0 | J60: 0 | K60: 2300 | L60: 2300 | M60: سائق شاحنة صغيرة | N60: 45541 | O60: =YEARFRAC(TODAY(),Table1[[#This Row],[تاريخ الإلتحاق]],1) -> 1.3132695 | P60: =IF(Table1[[#This Row],[فترة العمل بالشركة]]<=5,Table1[[#This Row],[فترة العمل بالشركة]]*21,(((Table1[[#This Row],[فترة العمل بالشركة]]-5)*30)+(5*21))) -> 27.578659 | Q60: ='10056'!E37 -> 6 | R60: =Table1[[#This Row],[رصيد الاجازة المستحق]]-Table1[[#This Row],[رصيد الاجازة المستخدم]] -> 21.578659 | S60: =Table1[[#This Row],[رصيد الاجازة الحالي]]/30*Table1[[#This Row],[إجمالي الأجر]] -> 1654.3639 | T60: =IF(Table1[[#This Row],[فترة العمل بالشركة]]<=5,Table1[[#This Row],[فترة العمل بالشركة]]*Table1[[#This Row],[الاجر الخاضع للاشتراك]]/2,((Table1[[#This Row],[فترة العمل بالشركة]]-2.5)*Table1[[#This Row],[الاجر الخاضع للاشتراك]])) -> 1510.2599
A61: 10057 | B61: نجيبه عبده احمد مجرشي | C61: 1073665448 | D61: السعودية | E61: انثى | F61: 1991-09-01 | G61: 4000 | H61: 0 | I61: 0 | J61: 0 | K61: 4000 | L61: 4000 | M61: أخصائي خدمة عملاء | N61: 45559 | O61: =YEARFRAC(TODAY(),Table1[[#This Row],[تاريخ الإلتحاق]],1) -> 1.2640219 | P61: =IF(Table1[[#This Row],[فترة العمل بالشركة]]<=5,Table1[[#This Row],[فترة العمل بالشركة]]*21,(((Table1[[#This Row],[فترة العمل بالشركة]]-5)*30)+(5*21))) -> 26.54446 | Q61: ='10057'!E37 -> 5 | R61: =Table1[[#This Row],[رصيد الاجازة المستحق]]-Table1[[#This Row],[رصيد الاجازة المستخدم]] -> 21.54446 | S61: =Table1[[#This Row],[رصيد الاجازة الحالي]]/30*Table1[[#This Row],[إجمالي الأجر]] -> 2872.5946 | T61: =IF(Table1[[#This Row],[فترة العمل بالشركة]]<=5,Table1[[#This Row],[فترة العمل بالشركة]]*Table1[[#This Row],[الاجر الخاضع للاشتراك]]/2,((Table1[[#This Row],[فترة العمل بالشركة]]-2.5)*Table1[[#This Row],[الاجر الخاضع للاشتراك]])) -> 2528.0438
A62: 10058 | B62: ريم عبدالكريم وصال العنزي | C62: 1090942234 | D62: السعودية | E62: انثى | F62: 1994-11-20 | G62: 4000 | H62: 0 | I62: 0 | J62: 0 | K62: 4000 | L62: 4000 | M62: أخصائي خدمة عملاء | N62: 45566 | O62: =YEARFRAC(TODAY(),Table1[[#This Row],[تاريخ الإلتحاق]],1) -> 1.24487 | P62: =IF(Table1[[#This Row],[فترة العمل بالشركة]]<=5,Table1[[#This Row],[فترة العمل بالشركة]]*21,(((Table1[[#This Row],[فترة العمل بالشركة]]-5)*30)+(5*21))) -> 26.142271 | Q62: ='10058'!E37 -> 3 | R62: =Table1[[#This Row],[رصيد الاجازة المستحق]]-Table1[[#This Row],[رصيد الاجازة المستخدم]] -> 23.142271 | S62: =Table1[[#This Row],[رصيد الاجازة الحالي]]/30*Table1[[#This Row],[إجمالي الأجر]] -> 3085.6361 | T62: =IF(Table1[[#This Row],[فترة العمل بالشركة]]<=5,Table1[[#This Row],[فترة العمل بالشركة]]*Table1[[#This Row],[الاجر الخاضع للاشتراك]]/2,((Table1[[#This Row],[فترة العمل بالشركة]]-2.5)*Table1[[#This Row],[الاجر الخاضع للاشتراك]])) -> 2489.7401
A63: 10059 | B63: حصه ابراهيم محمد العبدالقادر | C63: 1103519524 | D63: السعودية | E63: انثى | F63: 1994-08-16 | G63: 4000 | H63: 0 | I63: 0 | J63: 0 | K63: 4000 | L63: 4000 | M63: أخصائي مبيعات | N63: 45576 | O63: =YEARFRAC(TODAY(),Table1[[#This Row],[تاريخ الإلتحاق]],1) -> 1.2175103 | P63: =IF(Table1[[#This Row],[فترة العمل بالشركة]]<=5,Table1[[#This Row],[فترة العمل بالشركة]]*21,(((Table1[[#This Row],[فترة العمل بالشركة]]-5)*30)+(5*21))) -> 25.567715 | Q63: ='10059'!E37 -> 6 | R63: =Table1[[#This Row],[رصيد الاجازة المستحق]]-Table1[[#This Row],[رصيد الاجازة المستخدم]] -> 19.567715 | S63: =Table1[[#This Row],[رصيد الاجازة الحالي]]/30*Table1[[#This Row],[إجمالي الأجر]] -> 2609.0287 | T63: =IF(Table1[[#This Row],[فترة العمل بالشركة]]<=5,Table1[[#This Row],[فترة العمل بالشركة]]*Table1[[#This Row],[الاجر الخاضع للاشتراك]]/2,((Table1[[#This Row],[فترة العمل بالشركة]]-2.5)*Table1[[#This Row],[الاجر الخاضع للاشتراك]])) -> 2435.0205
A64: 10060 | B64: أفراح عبدالعزيز راشد الحربي | C64: 1093296836 | D64: السعودية | E64: انثى | F64: 1995-08-03 | G64: 4000 | H64: 0 | I64: 0 | J64: 0 | K64: 4000 | L64: 4000 | M64: أخصائي مبيعات | N64: 45578 | O64: =YEARFRAC(TODAY(),Table1[[#This Row],[تاريخ الإلتحاق]],1) -> 1.2120383 | P64: =IF(Table1[[#This Row],[فترة العمل بالشركة]]<=5,Table1[[#This Row],[فترة العمل بالشركة]]*21,(((Table1[[#This Row],[فترة العمل بالشركة]]-5)*30)+(5*21))) -> 25.452804 | Q64: ='10060'!E37 -> 5 | R64: =Table1[[#This Row],[رصيد الاجازة المستحق]]-Table1[[#This Row],[رصيد الاجازة المستخدم]] -> 20.452804 | S64: =Table1[[#This Row],[رصيد الاجازة الحالي]]/30*Table1[[#This Row],[إجمالي الأجر]] -> 2727.0406 | T64: =IF(Table1[[#This Row],[فترة العمل بالشركة]]<=5,Table1[[#This Row],[فترة العمل بالشركة]]*Table1[[#This Row],[الاجر الخاضع للاشتراك]]/2,((Table1[[#This Row],[فترة العمل بالشركة]]-2.5)*Table1[[#This Row],[الاجر الخاضع للاشتراك]])) -> 2424.0766
A65: 10061 | B65: مها دخيل الله بن زهيان المطيري | C65: 1092906690 | D65: السعودية | E65: انثى | F65: 1996-10-20 | G65: 3200 | H65: 800 | I65: 0 | J65: 0 | K65: 4000 | L65: 4000 | M65: أخصائي خدمة عملاء | N65: 45594 | O65: =YEARFRAC(TODAY(),Table1[[#This Row],[تاريخ الإلتحاق]],1) -> 1.1682627 | P65: =IF(Table1[[#This Row],[فترة العمل بالشركة]]<=5,Table1[[#This Row],[فترة العمل بالشركة]]*21,(((Table1[[#This Row],[فترة العمل بالشركة]]-5)*30)+(5*21))) -> 24.533516 | Q65: ='10061'!E37 -> 7 | R65: =Table1[[#This Row],[رصيد الاجازة المستحق]]-Table1[[#This Row],[رصيد الاجازة المستخدم]] -> 17.533516 | S65: =Table1[[#This Row],[رصيد الاجازة الحالي]]/30*Table1[[#This Row],[إجمالي الأجر]] -> 2337.8021 | T65: =IF(Table1[[#This Row],[فترة العمل بالشركة]]<=5,Table1[[#This Row],[فترة العمل بالشركة]]*Table1[[#This Row],[الاجر الخاضع للاشتراك]]/2,((Table1[[#This Row],[فترة العمل بالشركة]]-2.5)*Table1[[#This Row],[الاجر الخاضع للاشتراك]])) -> 2336.5253
A66: 10062 | B66: طخيمه راشد عبدالله الحديبي | C66: 1114576893 | D66: السعودية | E66: انثى | F66: 2000-11-19 | G66: 3200 | H66: 800 | I66: 0 | J66: 0 | K66: 4000 | L66: 4000 | M66: أخصائي مبيعات | N66: 45620 | O66: =YEARFRAC(TODAY(),Table1[[#This Row],[تاريخ الإلتحاق]],1) -> 1.0971272 | P66: =IF(Table1[[#This Row],[فترة العمل بالشركة]]<=5,Table1[[#This Row],[فترة العمل بالشركة]]*21,(((Table1[[#This Row],[فترة العمل بالشركة]]-5)*30)+(5*21))) -> 23.039672 | Q66: ='10062'!E37 -> 2 | R66: =Table1[[#This Row],[رصيد الاجازة المستحق]]-Table1[[#This Row],[رصيد الاجازة المستخدم]] -> 21.039672 | S66: =Table1[[#This Row],[رصيد الاجازة الحالي]]/30*Table1[[#This Row],[إجمالي الأجر]] -> 2805.2896 | T66: =IF(Table1[[#This Row],[فترة العمل بالشركة]]<=5,Table1[[#This Row],[فترة العمل بالشركة]]*Table1[[#This Row],[الاجر الخاضع للاشتراك]]/2,((Table1[[#This Row],[فترة العمل بالشركة]]-2.5)*Table1[[#This Row],[الاجر الخاضع للاشتراك]])) -> 2194.2544
A67: 10063 | B67: هياء عبدالله بن فهيد الهواشله | C67: 1090610641 | D67: السعودية | E67: انثى | F67: 1994-02-09 | G67: 3200 | H67: 800 | I67: 0 | J67: 0 | K67: 4000 | L67: 4000 | M67: أخصائي مبيعات | N67: 45632 | O67: =YEARFRAC(TODAY(),Table1[[#This Row],[تاريخ الإلتحاق]],1) -> 1.0642955 | P67: =IF(Table1[[#This Row],[فترة العمل بالشركة]]<=5,Table1[[#This Row],[فترة العمل بالشركة]]*21,(((Table1[[#This Row],[فترة العمل بالشركة]]-5)*30)+(5*21))) -> 22.350205 | Q67: ='10063'!E37 -> 1 | R67: =Table1[[#This Row],[رصيد الاجازة المستحق]]-Table1[[#This Row],[رصيد الاجازة المستخدم]] -> 21.350205 | S67: =Table1[[#This Row],[رصيد الاجازة الحالي]]/30*Table1[[#This Row],[إجمالي الأجر]] -> 2846.694 | T67: =IF(Table1[[#This Row],[فترة العمل بالشركة]]<=5,Table1[[#This Row],[فترة العمل بالشركة]]*Table1[[#This Row],[الاجر الخاضع للاشتراك]]/2,((Table1[[#This Row],[فترة العمل بالشركة]]-2.5)*Table1[[#This Row],[الاجر الخاضع للاشتراك]])) -> 2128.591
A68: 10064 | B68: محمد نجيب عبدالوهاب عبدالله | C68: 2564610778 | D68: اليمن | E68: ذكر | F68: 1997-10-30 | G68: 2600 | H68: 0 | I68: 0 | J68: 0 | K68: 2600 | L68: 2600 | M68: عامل تعبئة وتغليف | N68: 45643 | O68: =YEARFRAC(TODAY(),Table1[[#This Row],[تاريخ الإلتحاق]],1) -> 1.0341997 | P68: =IF(Table1[[#This Row],[فترة العمل بالشركة]]<=5,Table1[[#This Row],[فترة العمل بالشركة]]*21,(((Table1[[#This Row],[فترة العمل بالشركة]]-5)*30)+(5*21))) -> 21.718194 | Q68: ='10064'!E37 -> 0 | R68: =Table1[[#This Row],[رصيد الاجازة المستحق]]-Table1[[#This Row],[رصيد الاجازة المستخدم]] -> 21.718194 | S68: =Table1[[#This Row],[رصيد الاجازة الحالي]]/30*Table1[[#This Row],[إجمالي الأجر]] -> 1882.2435 | T68: =IF(Table1[[#This Row],[فترة العمل بالشركة]]<=5,Table1[[#This Row],[فترة العمل بالشركة]]*Table1[[#This Row],[الاجر الخاضع للاشتراك]]/2,((Table1[[#This Row],[فترة العمل بالشركة]]-2.5)*Table1[[#This Row],[الاجر الخاضع للاشتراك]])) -> 1344.4596
A69: 10065 | B69: عبدالسلام كامل سيف عبده | C69: 2544845775 | D69: اليمن | E69: ذكر | F69: 1990-01-01 | G69: 2600 | H69: 0 | I69: 0 | J69: 0 | K69: 2600 | L69: 2600 | M69: عامل تحميل وتنزيل | N69: 45648 | O69: =YEARFRAC(TODAY(),Table1[[#This Row],[تاريخ الإلتحاق]],1) -> 1.0205198 | P69: =IF(Table1[[#This Row],[فترة العمل بالشركة]]<=5,Table1[[#This Row],[فترة العمل بالشركة]]*21,(((Table1[[#This Row],[فترة العمل بالشركة]]-5)*30)+(5*21))) -> 21.430917 | Q69: ='10065'!E37 -> 0 | R69: =Table1[[#This Row],[رصيد الاجازة المستحق]]-Table1[[#This Row],[رصيد الاجازة المستخدم]] -> 21.430917 | S69: =Table1[[#This Row],[رصيد الاجازة الحالي]]/30*Table1[[#This Row],[إجمالي الأجر]] -> 1857.3461 | T69: =IF(Table1[[#This Row],[فترة العمل بالشركة]]<=5,Table1[[#This Row],[فترة العمل بالشركة]]*Table1[[#This Row],[الاجر الخاضع للاشتراك]]/2,((Table1[[#This Row],[فترة العمل بالشركة]]-2.5)*Table1[[#This Row],[الاجر الخاضع للاشتراك]])) -> 1326.6758
A70: 10066 | B70: نموذج الاجازة | C70: 1094568951 | D70: السعودية | E70: انثى | F70: 1996-04-19 | G70: 3200 | H70: 800 | I70: 0 | J70: 0 | K70: 4000 | L70: 4000 | M70: أخصائي خدمة عملاء | N70: 45654 | O70: =YEARFRAC(TODAY(),Table1[[#This Row],[تاريخ الإلتحاق]],1) -> 1.004104 | P70: =IF(Table1[[#This Row],[فترة العمل بالشركة]]<=5,Table1[[#This Row],[فترة العمل بالشركة]]*21,(((Table1[[#This Row],[فترة العمل بالشركة]]-5)*30)+(5*21))) -> 21.086183 | Q70: ='10066'!E37 -> 0 | R70: =Table1[[#This Row],[رصيد الاجازة المستحق]]-Table1[[#This Row],[رصيد الاجازة المستخدم]] -> 21.086183 | S70: =Table1[[#This Row],[رصيد الاجازة الحالي]]/30*Table1[[#This Row],[إجمالي الأجر]] -> 2811.4911 | T70: =IF(Table1[[#This Row],[فترة العمل بالشركة]]<=5,Table1[[#This Row],[فترة العمل بالشركة]]*Table1[[#This Row],[الاجر الخاضع للاشتراك]]/2,((Table1[[#This Row],[فترة العمل بالشركة]]-2.5)*Table1[[#This Row],[الاجر الخاضع للاشتراك]])) -> 2008.2079
A71: 10067 | B71: HAZRAT KHAN HAJAT MIR | C71: 2545010205 | D71: باكستان | E71: ذكر | F71: 1987-04-11 | G71: 3500 | H71: 0 | I71: 0 | J71: 0 | K71: 3500 | L71: 3500 | M71: عامل مطبخ | N71: 45677 | O71: =YEARFRAC(TODAY(),Table1[[#This Row],[تاريخ الإلتحاق]],1) -> 0.94246575 | P71: =IF(Table1[[#This Row],[فترة العمل بالشركة]]<=5,Table1[[#This Row],[فترة العمل بالشركة]]*21,(((Table1[[#This Row],[فترة العمل بالشركة]]-5)*30)+(5*21))) -> 19.791781 | Q71: ='10067'!E37 -> 0 | R71: =Table1[[#This Row],[رصيد الاجازة المستحق]]-Table1[[#This Row],[رصيد الاجازة المستخدم]] -> 19.791781 | S71: =Table1[[#This Row],[رصيد الاجازة الحالي]]/30*Table1[[#This Row],[إجمالي الأجر]] -> 2309.0411 | T71: =IF(Table1[[#This Row],[فترة العمل بالشركة]]<=5,Table1[[#This Row],[فترة العمل بالشركة]]*Table1[[#This Row],[الاجر الخاضع للاشتراك]]/2,((Table1[[#This Row],[فترة العمل بالشركة]]-2.5)*Table1[[#This Row],[الاجر الخاضع للاشتراك]])) -> 1649.3151
A72: 10068 | B72: GHULAM MUSTAFA MAQBOOL AHMAD | C72: 2539355756 | D72: باكستان | E72: ذكر | F72: 1999-01-01 | G72: 2200 | H72: 0 | I72: 0 | J72: 0 | K72: 2200 | L72: 2200 | M72: عامل غسيل ملابس | N72: 45680 | O72: =YEARFRAC(TODAY(),Table1[[#This Row],[تاريخ الإلتحاق]],1) -> 0.93424658 | P72: =IF(Table1[[#This Row],[فترة العمل بالشركة]]<=5,Table1[[#This Row],[فترة العمل بالشركة]]*21,(((Table1[[#This Row],[فترة العمل بالشركة]]-5)*30)+(5*21))) -> 19.619178 | Q72: ='10068'!E37 -> 0 | R72: =Table1[[#This Row],[رصيد الاجازة المستحق]]-Table1[[#This Row],[رصيد الاجازة المستخدم]] -> 19.619178 | S72: =Table1[[#This Row],[رصيد الاجازة الحالي]]/30*Table1[[#This Row],[إجمالي الأجر]] -> 1438.7397 | T72: =IF(Table1[[#This Row],[فترة العمل بالشركة]]<=5,Table1[[#This Row],[فترة العمل بالشركة]]*Table1[[#This Row],[الاجر الخاضع للاشتراك]]/2,((Table1[[#This Row],[فترة العمل بالشركة]]-2.5)*Table1[[#This Row],[الاجر الخاضع للاشتراك]])) -> 1027.6712
A73: 10069 | B73: مرام احمد بن حسن الزهراني | C73: 1096836711 | D73: السعودية | E73: انثى | F73: 1996-06-19 | G73: 3200 | H73: 800 | I73: 0 | J73: 0 | K73: 4000 | L73: 4000 | M73: أخصائي مبيعات | N73: 45689 | O73: =YEARFRAC(TODAY(),Table1[[#This Row],[تاريخ الإلتحاق]],1) -> 0.90958904 | P73: =IF(Table1[[#This Row],[فترة العمل بالشركة]]<=5,Table1[[#This Row],[فترة العمل بالشركة]]*21,(((Table1[[#This Row],[فترة العمل بالشركة]]-5)*30)+(5*21))) -> 19.10137 | Q73: ='10069'!E37 -> 1 | R73: =Table1[[#This Row],[رصيد الاجازة المستحق]]-Table1[[#This Row],[رصيد الاجازة المستخدم]] -> 18.10137 | S73: =Table1[[#This Row],[رصيد الاجازة الحالي]]/30*Table1[[#This Row],[إجمالي الأجر]] -> 2413.516 | T73: =IF(Table1[[#This Row],[فترة العمل بالشركة]]<=5,Table1[[#This Row],[فترة العمل بالشركة]]*Table1[[#This Row],[الاجر الخاضع للاشتراك]]/2,((Table1[[#This Row],[فترة العمل بالشركة]]-2.5)*Table1[[#This Row],[الاجر الخاضع للاشتراك]])) -> 1819.1781
A74: 10070 | B74: نوره سعدون صقر العتيبي | C74: 1113440430 | D74: السعودية | E74: انثى | F74: 1999-11-19 | G74: 3200 | H74: 800 | I74: 0 | J74: 0 | K74: 4000 | L74: 4000 | M74: أخصائي خدمة عملاء | N74: 45722 | O74: =YEARFRAC(TODAY(),Table1[[#This Row],[تاريخ الإلتحاق]],1) -> 0.81917808 | P74: =IF(Table1[[#This Row],[فترة العمل بالشركة]]<=5,Table1[[#This Row],[فترة العمل بالشركة]]*21,(((Table1[[#This Row],[فترة العمل بالشركة]]-5)*30)+(5*21))) -> 17.20274 | Q74: ='10070'!E37 -> 0 | R74: =Table1[[#This Row],[رصيد الاجازة المستحق]]-Table1[[#This Row],[رصيد الاجازة المستخدم]] -> 17.20274 | S74: =Table1[[#This Row],[رصيد الاجازة الحالي]]/30*Table1[[#This Row],[إجمالي الأجر]] -> 2293.6986 | T74: =IF(Table1[[#This Row],[فترة العمل بالشركة]]<=5,Table1[[#This Row],[فترة العمل بالشركة]]*Table1[[#This Row],[الاجر الخاضع للاشتراك]]/2,((Table1[[#This Row],[فترة العمل بالشركة]]-2.5)*Table1[[#This Row],[الاجر الخاضع للاشتراك]])) -> 1638.3562
A75: 10071 | B75: عبير خلف جري المطيري | C75: 1117650802 | D75: السعودية | E75: انثى | F75: 2000-09-15 | G75: 3200 | H75: 800 | I75: 0 | J75: 0 | K75: 4000 | L75: 4000 | M75: أخصائي خدمة عملاء | N75: 45731 | O75: =YEARFRAC(TODAY(),Table1[[#This Row],[تاريخ الإلتحاق]],1) -> 0.79452055 | P75: =IF(Table1[[#This Row],[فترة العمل بالشركة]]<=5,Table1[[#This Row],[فترة العمل بالشركة]]*21,(((Table1[[#This Row],[فترة العمل بالشركة]]-5)*30)+(5*21))) -> 16.684932 | Q75: ='10071'!E37 -> 0 | R75: =Table1[[#This Row],[رصيد الاجازة المستحق]]-Table1[[#This Row],[رصيد الاجازة المستخدم]] -> 16.684932 | S75: =Table1[[#This Row],[رصيد الاجازة الحالي]]/30*Table1[[#This Row],[إجمالي الأجر]] -> 2224.6575 | T75: =IF(Table1[[#This Row],[فترة العمل بالشركة]]<=5,Table1[[#This Row],[فترة العمل بالشركة]]*Table1[[#This Row],[الاجر الخاضع للاشتراك]]/2,((Table1[[#This Row],[فترة العمل بالشركة]]-2.5)*Table1[[#This Row],[الاجر الخاضع للاشتراك]])) -> 1589.0411
A76: 10072 | B76: ريم علي بن علي عجيبي | C76: 1091929057 | D76: السعودية | E76: انثى | F76: 1995-07-20 | G76: 3200 | H76: 800 | I76: 0 | J76: 0 | K76: 4000 | L76: 4000 | M76: أخصائي خدمة عملاء | N76: 45736 | O76: =YEARFRAC(TODAY(),Table1[[#This Row],[تاريخ الإلتحاق]],1) -> 0.78082192 | P76: =IF(Table1[[#This Row],[فترة العمل بالشركة]]<=5,Table1[[#This Row],[فترة العمل بالشركة]]*21,(((Table1[[#This Row],[فترة العمل بالشركة]]-5)*30)+(5*21))) -> 16.39726 | Q76: ='10072'!E37 -> 1 | R76: =Table1[[#This Row],[رصيد الاجازة المستحق]]-Table1[[#This Row],[رصيد الاجازة المستخدم]] -> 15.39726 | S76: =Table1[[#This Row],[رصيد الاجازة الحالي]]/30*Table1[[#This Row],[إجمالي الأجر]] -> 2052.968 | T76: =IF(Table1[[#This Row],[فترة العمل بالشركة]]<=5,Table1[[#This Row],[فترة العمل بالشركة]]*Table1[[#This Row],[الاجر الخاضع للاشتراك]]/2,((Table1[[#This Row],[فترة العمل بالشركة]]-2.5)*Table1[[#This Row],[الاجر الخاضع للاشتراك]])) -> 1561.6438
A77: 10073 | B77: وفاء خلف سويلم العنزي | C77: 1118857786 | D77: السعودية | E77: انثى | F77: 1998-03-04 | G77: 3200 | H77: 800 | I77: 0 | J77: 0 | K77: 4000 | L77: 4000 | M77: أخصائي خدمة عملاء | N77: 45738 | O77: =YEARFRAC(TODAY(),Table1[[#This Row],[تاريخ الإلتحاق]],1) -> 0.77534247 | P77: =IF(Table1[[#This Row],[فترة العمل بالشركة]]<=5,Table1[[#This Row],[فترة العمل بالشركة]]*21,(((Table1[[#This Row],[فترة العمل بالشركة]]-5)*30)+(5*21))) -> 16.282192 | Q77: ='10073'!E37 -> 0 | R77: =Table1[[#This Row],[رصيد الاجازة المستحق]]-Table1[[#This Row],[رصيد الاجازة المستخدم]] -> 16.282192 | S77: =Table1[[#This Row],[رصيد الاجازة الحالي]]/30*Table1[[#This Row],[إجمالي الأجر]] -> 2170.9589 | T77: =IF(Table1[[#This Row],[فترة العمل بالشركة]]<=5,Table1[[#This Row],[فترة العمل بالشركة]]*Table1[[#This Row],[الاجر الخاضع للاشتراك]]/2,((Table1[[#This Row],[فترة العمل بالشركة]]-2.5)*Table1[[#This Row],[الاجر الخاضع للاشتراك]])) -> 1550.6849
A78: 10074 | B78: رهف محسن عائض الشهري | C78: 1097191025 | D78: السعودية | E78: انثى | F78: 1996-11-04 | G78: 3200 | H78: 800 | I78: 0 | J78: 0 | K78: 4000 | L78: 4000 | M78: أخصائي خدمة عملاء | N78: 45739 | O78: =YEARFRAC(TODAY(),Table1[[#This Row],[تاريخ الإلتحاق]],1) -> 0.77260274 | P78: =IF(Table1[[#This Row],[فترة العمل بالشركة]]<=5,Table1[[#This Row],[فترة العمل بالشركة]]*21,(((Table1[[#This Row],[فترة العمل بالشركة]]-5)*30)+(5*21))) -> 16.224658 | Q78: ='10074'!E37 -> 0 | R78: =Table1[[#This Row],[رصيد الاجازة المستحق]]-Table1[[#This Row],[رصيد الاجازة المستخدم]] -> 16.224658 | S78: =Table1[[#This Row],[رصيد الاجازة الحالي]]/30*Table1[[#This Row],[إجمالي الأجر]] -> 2163.2877 | T78: =IF(Table1[[#This Row],[فترة العمل بالشركة]]<=5,Table1[[#This Row],[فترة العمل بالشركة]]*Table1[[#This Row],[الاجر الخاضع للاشتراك]]/2,((Table1[[#This Row],[فترة العمل بالشركة]]-2.5)*Table1[[#This Row],[الاجر الخاضع للاشتراك]])) -> 1545.2055
A79: 10075 | B79: موسى محمد قاسم عثمان العزاني | C79: 2528185115 | D79: اليمن | E79: ذكر | F79: 1996-09-07 | G79: 2600 | H79: 0 | I79: 0 | J79: 0 | K79: 2600 | L79: 2600 | M79: عامل عادي | N79: 45748 | O79: =YEARFRAC(TODAY(),Table1[[#This Row],[تاريخ الإلتحاق]],1) -> 0.74794521 | P79: =IF(Table1[[#This Row],[فترة العمل بالشركة]]<=5,Table1[[#This Row],[فترة العمل بالشركة]]*21,(((Table1[[#This Row],[فترة العمل بالشركة]]-5)*30)+(5*21))) -> 15.706849 | Q79: ='10075'!E37 -> 0 | R79: =Table1[[#This Row],[رصيد الاجازة المستحق]]-Table1[[#This Row],[رصيد الاجازة المستخدم]] -> 15.706849 | S79: =Table1[[#This Row],[رصيد الاجازة الحالي]]/30*Table1[[#This Row],[إجمالي الأجر]] -> 1361.2603 | T79: =IF(Table1[[#This Row],[فترة العمل بالشركة]]<=5,Table1[[#This Row],[فترة العمل بالشركة]]*Table1[[#This Row],[الاجر الخاضع للاشتراك]]/2,((Table1[[#This Row],[فترة العمل بالشركة]]-2.5)*Table1[[#This Row],[الاجر الخاضع للاشتراك]])) -> 972.32877
A80: 10076 | B80: روان غايب بن سعد العتيبي | C80: 1105657678 | D80: السعودية | E80: انثى | F80: 1999-03-19 | G80: 3200 | H80: 800 | I80: 0 | J80: 0 | K80: 4000 | L80: 4000 | M80: أخصائي خدمة عملاء | N80: 45750 | O80: =YEARFRAC(TODAY(),Table1[[#This Row],[تاريخ الإلتحاق]],1) -> 0.74246575 | P80: =IF(Table1[[#This Row],[فترة العمل بالشركة]]<=5,Table1[[#This Row],[فترة العمل بالشركة]]*21,(((Table1[[#This Row],[فترة العمل بالشركة]]-5)*30)+(5*21))) -> 15.591781 | Q80: ='10076'!E37 -> 0 | R80: =Table1[[#This Row],[رصيد الاجازة المستحق]]-Table1[[#This Row],[رصيد الاجازة المستخدم]] -> 15.591781 | S80: =Table1[[#This Row],[رصيد الاجازة الحالي]]/30*Table1[[#This Row],[إجمالي الأجر]] -> 2078.9041 | T80: =IF(Table1[[#This Row],[فترة العمل بالشركة]]<=5,Table1[[#This Row],[فترة العمل بالشركة]]*Table1[[#This Row],[الاجر الخاضع للاشتراك]]/2,((Table1[[#This Row],[فترة العمل بالشركة]]-2.5)*Table1[[#This Row],[الاجر الخاضع للاشتراك]])) -> 1484.9315
A81: 10077 | B81: نهى علي عبدالرحمن العسكر | C81: 1108046283 | D81: السعودية | E81: انثى | F81: 1999-05-17 | G81: 3200 | H81: 800 | I81: 0 | J81: 0 | K81: 4000 | L81: 4000 | M81: أخصائي خدمة عملاء | N81: 45752 | O81: =YEARFRAC(TODAY(),Table1[[#This Row],[تاريخ الإلتحاق]],1) -> 0.7369863 | P81: =IF(Table1[[#This Row],[فترة العمل بالشركة]]<=5,Table1[[#This Row],[فترة العمل بالشركة]]*21,(((Table1[[#This Row],[فترة العمل بالشركة]]-5)*30)+(5*21))) -> 15.476712 | Q81: ='10077'!E37 -> 1 | R81: =Table1[[#This Row],[رصيد الاجازة المستحق]]-Table1[[#This Row],[رصيد الاجازة المستخدم]] -> 14.476712 | S81: =Table1[[#This Row],[رصيد الاجازة الحالي]]/30*Table1[[#This Row],[إجمالي الأجر]] -> 1930.2283 | T81: =IF(Table1[[#This Row],[فترة العمل بالشركة]]<=5,Table1[[#This Row],[فترة العمل بالشركة]]*Table1[[#This Row],[الاجر الخاضع للاشتراك]]/2,((Table1[[#This Row],[فترة العمل بالشركة]]-2.5)*Table1[[#This Row],[الاجر الخاضع للاشتراك]])) -> 1473.9726
A82: 10078 | B82: هيا سعيد سليمان البيشان | C82: 1129385686 | D82: السعودية | E82: انثى | F82: 2005-05-21 | G82: 3200 | H82: 800 | I82: 0 | J82: 0 | K82: 4000 | L82: 4000 | M82: أخصائي مبيعات | N82: 45763 | O82: =YEARFRAC(TODAY(),Table1[[#This Row],[تاريخ الإلتحاق]],1) -> 0.70684932 | P82: =IF(Table1[[#This Row],[فترة العمل بالشركة]]<=5,Table1[[#This Row],[فترة العمل بالشركة]]*21,(((Table1[[#This Row],[فترة العمل بالشركة]]-5)*30)+(5*21))) -> 14.843836 | Q82: ='10078'!E37 -> 0 | R82: =Table1[[#This Row],[رصيد الاجازة المستحق]]-Table1[[#This Row],[رصيد الاجازة المستخدم]] -> 14.843836 | S82: =Table1[[#This Row],[رصيد الاجازة الحالي]]/30*Table1[[#This Row],[إجمالي الأجر]] -> 1979.1781 | T82: =IF(Table1[[#This Row],[فترة العمل بالشركة]]<=5,Table1[[#This Row],[فترة العمل بالشركة]]*Table1[[#This Row],[الاجر الخاضع للاشتراك]]/2,((Table1[[#This Row],[فترة العمل بالشركة]]-2.5)*Table1[[#This Row],[الاجر الخاضع للاشتراك]])) -> 1413.6986
A83: 10079 | B83: لمياء سيف دخيل الدوسري | C83: 1072420944 | D83: السعودية | E83: انثى | F83: 1991-05-04 | G83: 3200 | H83: 800 | I83: 0 | J83: 0 | K83: 4000 | L83: 4000 | M83: أخصائي مبيعات | N83: 45784 | O83: =YEARFRAC(TODAY(),Table1[[#This Row],[تاريخ الإلتحاق]],1) -> 0.64931507 | P83: =IF(Table1[[#This Row],[فترة العمل بالشركة]]<=5,Table1[[#This Row],[فترة العمل بالشركة]]*21,(((Table1[[#This Row],[فترة العمل بالشركة]]-5)*30)+(5*21))) -> 13.635616 | Q83: ='10079'!E37 -> 0 | R83: =Table1[[#This Row],[رصيد الاجازة المستحق]]-Table1[[#This Row],[رصيد الاجازة المستخدم]] -> 13.635616 | S83: =Table1[[#This Row],[رصيد الاجازة الحالي]]/30*Table1[[#This Row],[إجمالي الأجر]] -> 1818.0822 | T83: =IF(Table1[[#This Row],[فترة العمل بالشركة]]<=5,Table1[[#This Row],[فترة العمل بالشركة]]*Table1[[#This Row],[الاجر الخاضع للاشتراك]]/2,((Table1[[#This Row],[فترة العمل بالشركة]]-2.5)*Table1[[#This Row],[الاجر الخاضع للاشتراك]])) -> 1298.6301

Sheet 10001
B1: #VALUE!
B2: نموذج احتساب رصيد الاجازات
B3: رقم الموظف | C3: 10001 | E3: مدة العمل | F3: =YEARFRAC(TODAY(),C6,1) -> 7.6659822
B4: الاسم | C4: =VLOOKUP(C3,score,2,FALSE) -> عمر محمد احمد صالح الوايلي | E4: الرصيد المستحق منذ تاريخ التعيين | F4: =IF(F3<=5,F3*21,(((F3-5)*30)+(5*21))) -> 184.97947
B5: المسمى الوظيفي | C5: =VLOOKUP(C3,score,13,FALSE) -> سائق شاحنة صغيرة | E5: الرصيد السنوي المستحق | F5: =IF(F3<=5,21,30) -> 30
B6: تاريخ التعيين | C6: =VLOOKUP(C3,score,14,FALSE) -> 43221 | E6: الرصيد المتبقي حتى اليوم | F6: =F4-E37 -> 19.979466
B8: احتساب رصيد الموظف لتارخ معين
B9: تاريخ بداية الاجازة | C9: 45657 | D9: =YEARFRAC(C9,C6,1) -> 6.6687524 | E9: الرصيد حتى تاريخه | F9: =(IF(D9<=5,D9*21,(((D9-5)*30)+(5*21))))-E37 -> -9.9374267
B10: الاجازات السنوية
B11: # | C11: تاريخ بداية الاجازة | D11: تاريخ نهاية الاجازة | E11: المدة | F11: هل تم صرف تذاكر السفر له
B12: 1 | C12: 44851 | D12: 45016 | E12: =D12-C12 -> 165 | F12: نعم
B13: 2 | E13: =D13-C13 -> 0
B14: 3 | E14: =D14-C14 -> 0
B15: 4 | E15: =D14-C15 -> 0
B16: 5 | E16: =D16-C16 -> 0
B17: 6 | E17: =D17-C17 -> 0
B18: 7 | E18: =D18-C18 -> 0
B19: 8 | E19: =D19-C19 -> 0
B20: 9 | E20: =D20-C20 -> 0
B21: 10 | E21: =D21-C21 -> 0
B22: 11 | E22: =D22-C22 -> 0
B23: 12 | E23: =D23-C23 -> 0
B24: 13 | E24: =D24-C24 -> 0
B25: 14 | E25: =D25-C25 -> 0
B26: 15 | E26: =D26-C26 -> 0
B27: 16 | E27: =D27-C27 -> 0
... B36: 25 | E36: =D36-C36 -> 0
B37: المجموع | E37: =SUM(E12:E36) -> 165
B39: الاجازات الأخرى
B41: # | C41: تاريخ بداية الاجازة | D41: تاريخ نهاية الاجازة | E41: المدة | F41: نوع الاجازة
B42: 1 | C42: 45016 | D42: 45043 | E42: =D42-C42 -> 27
B43: 2 | E43: =D43-C43 -> 0
B44: 3 | E44: =D44-C44 -> 0
B45: 4 | E45: =D45-C45 -> 0
B46: 5 | E46: =D46-C46 -> 0
B47: 6 | E47: =D47-C47 -> 0
B48: 7 | E48: =D48-C48 -> 0
B49: 8 | E49: =D49-C49 -> 0

Sheet 10000
B1: #VALUE!
B2: نموذج احتساب رصيد الاجازات
B3: رقم الموظف | C3: 10000 | E3: مدة العمل | F3: =YEARFRAC(TODAY(),C6,1) -> 8.1703681
B4: الاسم | C4: =VLOOKUP(C3,score,2,FALSE) -> GOLAM NOBI | E4: الرصيد المستحق منذ تاريخ التعيين | F4: =IF(F3<=5,F3*21,(((F3-5)*30)+(5*21))) -> 200.11104
B5: المسمى الوظيفي | C5: =VLOOKUP(C3,score,13,FALSE) -> عامل مطبخ | E5: الرصيد السنوي المستحق | F5: =IF(F3<=5,21,30) -> 30
B6: تاريخ التعيين | C6: =VLOOKUP(C3,score,14,FALSE) -> 43037 | E6: الرصيد المتبقي حتى اليوم | F6: =F4-E37 -> 30.111044
B8: احتساب رصيد الموظف لتارخ معين
B9: تاريخ بداية الاجازة | C9: 45945 | D9: =YEARFRAC(C9,C6,1) -> 7.9622756 | E9: الرصيد حتى تاريخه | F9: =(IF(D9<=5,D9*21,(((D9-5)*30)+(5*21))))-E37 -> 23.868269
B10: الاجازات السنوية
B11: # | C11: تاريخ بداية الاجازة | D11: تاريخ نهاية الاجازة | E11: المدة | F11: هل تم صرف تذاكر السفر له
B12: 1 | C12: 43922 | D12: 44047 | E12: =D12-C12 -> 125 | F12: نعم
B13: 2 | C13: 45139 | D13: 45184 | E13: =D13-C13 -> 45 | F13: نعم
B14: 3 | E14: =D14-C14 -> 0
B15: 4 | E15: =D15-C15 -> 0
B16: 5 | E16: =D16-C16 -> 0
B17: 6 | E17: =D17-C17 -> 0
B18: 7 | E18: =D18-C18 -> 0
B19: 8 | E19: =D19-C19 -> 0
B20: 9 | E20: =D20-C20 -> 0
B21: 10 | E21: =D21-C21 -> 0
B22: 11 | E22: =D22-C22 -> 0
B23: 12 | E23: =D23-C23 -> 0
B24: 13 | E24: =D24-C24 -> 0
B25: 14 | E25: =D25-C25 -> 0
... B36: 25 | E36: =D36-C36 -> 0
B37: المجموع | E37: =SUM(E12:E36) -> 170
B39: الاجازات الأخرى
B41: # | C41: تاريخ بداية الاجازة | D41: تاريخ نهاية الاجازة | E41: المدة | F41: نوع الاجازة
B42: 1 | E42: =D42-C42 -> 0
B43: 2 | E43: =D43-C43 -> 0
B44: 3 | E44: =D44-C44 -> 0
B45: 4 | E45: =D45-C45 -> 0
B46: 5 | E46: =D46-C46 -> 0
B47: 6 | E47: =D47-C47 -> 0
B48: 7 | E48: =D48-C48 -> 0
B49: 8 | E49: =D49-C49 -> 0

Sheet 10002
B1: #VALUE!
B2: نموذج احتساب رصيد الاجازات
B3: رقم الموظف | C3: 10002 | E3: مدة العمل | F3: =YEARFRAC(TODAY(),C6,1) -> 7.211499
B4: الاسم | C4: =VLOOKUP(C3,score,2,FALSE) -> عصام محمد عبده قايد العربي | E4: الرصيد المستحق منذ تاريخ التعيين | F4: =IF(F3<=5,F3*21,(((F3-5)*30)+(5*21))) -> 171.34497
B5: المسمى الوظيفي | C5: =VLOOKUP(C3,score,13,FALSE) -> عامل مطبخ | E5: الرصيد السنوي المستحق | F5: =IF(F3<=5,21,30) -> 30
B6: تاريخ التعيين | C6: =VLOOKUP(C3,score,14,FALSE) -> 43387 | E6: الرصيد المتبقي حتى اليوم | F6: =F4-E37 -> 37.344969
B8: احتساب رصيد الموظف لتارخ معين
B9: تاريخ بداية الاجازة | C9: 45657 | D9: =YEARFRAC(C9,C6,1) -> 6.2143136 | E9: الرصيد حتى تاريخه | F9: =(IF(D9<=5,D9*21,(((D9-5)*30)+(5*21))))-E37 -> 7.4294095
B10: الاجازات السنوية
B11: # | C11: تاريخ بداية الاجازة | D11: تاريخ نهاية الاجازة | E11: المدة | F11: هل تم صرف تذاكر السفر له
B12: 1 | C12: 44992 | D12: 45126 | E12: =D12-C12 -> 134 | F12: نعم
B13: 2 | E13: =D13-C13 -> 0
B14: 3 | E14: =D14-C14 -> 0
B15: 4 | E15: =D15-C15 -> 0
B16: 5 | E16: =D16-C16 -> 0
B17: 6 | E17: =D17-C17 -> 0
B18: 7 | E18: =D18-C18 -> 0
B19: 8 | E19: =D19-C19 -> 0
B20: 9 | E20: =D20-C20 -> 0
B21: 10 | E21: =D21-C21 -> 0
B22: 11 | E22: =D22-C22 -> 0
B23: 12 | E23: =D23-C23 -> 0
B24: 13 | E24: =D24-C24 -> 0
... B36: 25 | E36: =D36-C36 -> 0
B37: المجموع | E37: =SUM(E12:E36) -> 134
B39: الاجازات الأخرى
B41: # | C41: تاريخ بداية الاجازة | D41: تاريخ نهاية الاجازة | E41: المدة | F41: نوع الاجازة
B42: 1 | E42: =D42-C42 -> 0
B43: 2 | E43: =D43-C43 -> 0
B44: 3 | E44: =D44-C44 -> 0
B45: 4 | E45: =D45-C45 -> 0
B46: 5 | E46: =D46-C46 -> 0
B47: 6 | E47: =D47-C47 -> 0
B48: 7 | E48: =D48-C48 -> 0
B49: 8 | E49: =D49-C49 -> 0

Sheet 10003
B1: #VALUE!
B2: نموذج احتساب رصيد الاجازات
B3: رقم الموظف | C3: 10003 | E3: مدة العمل | F3: =YEARFRAC(TODAY(),C6,1) -> 6.9096598
B4: الاسم | C4: =VLOOKUP(C3,score,2,FALSE) -> نشوان صادق محسن عبدالله زعيل | E4: الرصيد المستحق منذ تاريخ التعيين | F4: =IF(F3<=5,F3*21,(((F3-5)*30)+(5*21))) -> 162.28979
B5: المسمى الوظيفي | C5: =VLOOKUP(C3,score,13,FALSE) -> عامل مطبخ | E5: الرصيد السنوي المستحق | F5: =IF(F3<=5,21,30) -> 30
B6: تاريخ التعيين | C6: =VLOOKUP(C3,score,14,FALSE) -> 43497 | E6: الرصيد المتبقي حتى اليوم | F6: =F4-E37 -> 29.289793
B8: احتساب رصيد الموظف لتارخ معين
B9: تاريخ بداية الاجازة | C9: 45657 | D9: =YEARFRAC(C9,C6,1) -> 5.9124088 | E9: الرصيد حتى تاريخه | F9: =(IF(D9<=5,D9*21,(((D9-5)*30)+(5*21))))-E37 -> -0.62773723
B10: الاجازات السنوية
B11: # | C11: تاريخ بداية الاجازة | D11: تاريخ نهاية الاجازة | E11: المدة | F11: هل تم صرف تذاكر السفر له
B12: 1 | C12: 45264 | D12: 45397 | E12: =D12-C12 -> 133 | F12: نعم
B13: 2 | E13: =D13-C13 -> 0
B14: 3 | E14: =D14-C14 -> 0
B15: 4 | E15: =D15-C15 -> 0
B16: 5 | E16: =D16-C16 -> 0
B17: 6 | E17: =D17-C17 -> 0
B18: 7 | E18: =D18-C18 -> 0
B19: 8 | E19: =D19-C19 -> 0
B20: 9 | E20: =D20-C20 -> 0
B21: 10 | E21: =D21-C21 -> 0
B22: 11 | E22: =D22-C22 -> 0
B23: 12 | E23: =D23-C23 -> 0
B24: 13 | E24: =D24-C24 -> 0
... B36: 25 | E36: =D36-C36 -> 0
B37: المجموع | E37: =SUM(E12:E36) -> 133
B39: الاجازات الأخرى
B41: # | C41: تاريخ بداية الاجازة | D41: تاريخ نهاية الاجازة | E41: المدة | F41: نوع الاجازة
B42: 1 | C42: 45397 | D42: 45441 | E42: =D42-C42 -> 44 | F42: غير مدفوعه
B43: 2 | E43: =D43-C43 -> 0
B44: 3 | E44: =D44-C44 -> 0
B45: 4 | E45: =D45-C45 -> 0
B46: 5 | E46: =D46-C46 -> 0
B47: 6 | E47: =D47-C47 -> 0
B48: 7 | E48: =D48-C48 -> 0
B49: 8 | E49: =D49-C49 -> 0

Sheet 10004
B1: #VALUE!
B2: نموذج احتساب رصيد الاجازات
B3: رقم الموظف | C3: 10004 | E3: مدة العمل | F3: =YEARFRAC(TODAY(),C6,1) -> 6.7481424
B4: الاسم | C4: =VLOOKUP(C3,score,2,FALSE) -> MD KAWSAR GOLAM RASUL | E4: الرصيد المستحق منذ تاريخ التعيين | F4: =IF(F3<=5,F3*21,(((F3-5)*30)+(5*21))) -> 157.44427
B5: المسمى الوظيفي | C5: =VLOOKUP(C3,score,13,FALSE) -> عامل مطبخ | E5: الرصيد السنوي المستحق | F5: =IF(F3<=5,21,30) -> 30
B6: تاريخ التعيين | C6: =VLOOKUP(C3,score,14,FALSE) -> 43556 | E6: الرصيد المتبقي حتى اليوم | F6: =F4-E37 -> 28.444271
B8: احتساب رصيد الموظف لتارخ معين
B9: تاريخ بداية الاجازة | C9: 45657 | D9: =YEARFRAC(C9,C6,1) -> 5.7509124 | E9: الرصيد حتى تاريخه | F9: =(IF(D9<=5,D9*21,(((D9-5)*30)+(5*21))))-E37 -> -1.4726277
B10: الاجازات السنوية
B11: # | C11: تاريخ بداية الاجازة | D11: تاريخ نهاية الاجازة | E11: المدة | F11: هل تم صرف تذاكر السفر له
B12: 1 | C12: 45288 | D12: 45417 | E12: =D12-C12 -> 129 | F12: نعم
B13: 2 | E13: =D13-C13 -> 0
B14: 3 | E14: =D14-C14 -> 0
B15: 4 | E15: =D15-C15 -> 0
B16: 5 | E16: =D16-C16 -> 0
B17: 6 | E17: =D17-C17 -> 0
B18: 7 | E18: =D18-C18 -> 0
B19: 8 | E19: =D19-C19 -> 0
B20: 9 | E20: =D20-C20 -> 0
B21: 10 | E21: =D21-C21 -> 0
B22: 11 | E22: =D22-C22 -> 0
B23: 12 | E23: =D23-C23 -> 0
B24: 13 | E24: =D24-C24 -> 0
... B36: 25 | E36: =D36-C36 -> 0
B37: المجموع | E37: =SUM(E12:E36) -> 129
B39: الاجازات الأخرى
B41: # | C41: تاريخ بداية الاجازة | D41: تاريخ نهاية الاجازة | E41: المدة | F41: نوع الاجازة
B42: 1 | C42: 45417 | D42: 45423 | E42: =D42-C42 -> 6 | F42: غير مدفوعه
B43: 2 | E43: =D43-C43 -> 0
B44: 3 | E44: =D44-C44 -> 0
B45: 4 | E45: =D45-C45 -> 0
B46: 5 | E46: =D46-C46 -> 0
B47: 6 | E47: =D47-C47 -> 0
B48: 7 | E48: =D48-C48 -> 0
B49: 8 | E49: =D49-C49 -> 0

Sheet 10005
B1: #VALUE!
B2: نموذج احتساب رصيد الاجازات
B3: رقم الموظف | C3: 10005 | E3: مدة العمل | F3: =YEARFRAC(TODAY(),C6,1) -> 5.2445255
B4: الاسم | C4: =VLOOKUP(C3,score,2,FALSE) -> عيده مدلف مرزوق الجحيشي | E4: الرصيد المستحق منذ تاريخ التعيين | F4: =IF(F3<=5,F3*21,(((F3-5)*30)+(5*21))) -> 112.33577
B5: المسمى الوظيفي | C5: =VLOOKUP(C3,score,13,FALSE) -> مندوب مشتريات | E5: الرصيد السنوي المستحق | F5: =IF(F3<=5,21,30) -> 30
B6: تاريخ التعيين | C6: =VLOOKUP(C3,score,14,FALSE) -> 44105 | E6: الرصيد المتبقي حتى اليوم | F6: =F4-E37 -> 22.335766
B8: احتساب رصيد الموظف لتارخ معين
B9: تاريخ بداية الاجازة | C9: 45657 | D9: =YEARFRAC(C9,C6,1) -> 4.2474001 | E9: الرصيد حتى تاريخه | F9: =(IF(D9<=5,D9*21,(((D9-5)*30)+(5*21))))-E37 -> -0.8045977
B10: الاجازات السنوية
B11: # | C11: تاريخ بداية الاجازة | D11: تاريخ نهاية الاجازة | E11: المدة | F11: هل تم صرف تذاكر السفر له
B12: 1 | C12: 44652 | D12: 44685 | E12: =D12-C12 -> 33
B13: 2 | C13: 45047 | D13: 45068 | E13: =D13-C13 -> 21
B14: 3 | C14: 45597 | D14: 45633 | E14: =D14-C14 -> 36
B15: 4 | E15: =D15-C15 -> 0
B16: 5 | E16: =D16-C16 -> 0
B17: 6 | E17: =D17-C17 -> 0
B18: 7 | E18: =D18-C18 -> 0
B19: 8 | E19: =D19-C19 -> 0
B20: 9 | E20: =D20-C20 -> 0
B21: 10 | E21: =D21-C21 -> 0
B22: 11 | E22: =D22-C22 -> 0
B23: 12 | E23: =D23-C23 -> 0
B24: 13 | E24: =D24-C24 -> 0
B25: 14 | E25: =D25-C25 -> 0
B26: 15 | E26: =D26-C26 -> 0
... B36: 25 | E36: =D36-C36 -> 0
B37: المجموع | E37: =SUM(E12:E36) -> 90
B39: الاجازات الأخرى
B41: # | C41: تاريخ بداية الاجازة | D41: تاريخ نهاية الاجازة | E41: المدة | F41: نوع الاجازة
B42: 1 | E42: =D42-C42 -> 0
B43: 2 | E43: =D43-C43 -> 0
B44: 3 | E44: =D44-C44 -> 0
B45: 4 | E45: =D45-C45 -> 0
B46: 5 | E46: =D46-C46 -> 0
B47: 6 | E47: =D47-C47 -> 0
B48: 7 | E48: =D48-C48 -> 0
B49: 8 | E49: =D49-C49 -> 0

Sheet 10006
B1: #VALUE!
B2: نموذج احتساب رصيد الاجازات
B3: رقم الموظف | C3: 10006 | E3: مدة العمل | F3: =YEARFRAC(TODAY(),C6,1) -> 5.2445255
B4: الاسم | C4: =VLOOKUP(C3,score,2,FALSE) -> هلا خالد عبدالله القعيد | E4: الرصيد المستحق منذ تاريخ التعيين | F4: =IF(F3<=5,F3*21,(((F3-5)*30)+(5*21))) -> 112.33577
B5: المسمى الوظيفي | C5: =VLOOKUP(C3,score,13,FALSE) -> مندوب مشتريات | E5: الرصيد السنوي المستحق | F5: =IF(F3<=5,21,30) -> 30
B6: تاريخ التعيين | C6: =VLOOKUP(C3,score,14,FALSE) -> 44105 | E6: الرصيد المتبقي حتى اليوم | F6: =F4-E37 -> 23.335766
B8: احتساب رصيد الموظف لتارخ معين
B9: تاريخ بداية الاجازة | C9: 45657 | D9: =YEARFRAC(C9,C6,1) -> 4.2474001 | E9: الرصيد حتى تاريخه | F9: =(IF(D9<=5,D9*21,(((D9-5)*30)+(5*21))))-E37 -> 0.1954023
B10: الاجازات السنوية
B11: # | C11: تاريخ بداية الاجازة | D11: تاريخ نهاية الاجازة | E11: المدة | F11: هل تم صرف تذاكر السفر له
B12: 1 | C12: 44652 | D12: 44685 | E12: =D12-C12 -> 33
B13: 2 | C13: 45231 | D13: 45266 | E13: =D13-C13 -> 35
B14: 3 | C14: 45627 | D14: 45648 | E14: =D14-C14 -> 21
B15: 4 | E15: =D15-C15 -> 0
B16: 5 | E16: =D16-C16 -> 0
B17: 6 | E17: =D17-C17 -> 0
B18: 7 | E18: =D18-C18 -> 0
B19: 8 | E19: =D19-C19 -> 0
B20: 9 | E20: =D20-C20 -> 0
B21: 10 | E21: =D21-C21 -> 0
B22: 11 | E22: =D22-C22 -> 0
B23: 12 | E23: =D23-C23 -> 0
B24: 13 | E24: =D24-C24 -> 0
B25: 14 | E25: =D25-C25 -> 0
B26: 15 | E26: =D26-C26 -> 0
... B36: 25 | E36: =D36-C36 -> 0
B37: المجموع | E37: =SUM(E12:E36) -> 89
B39: الاجازات الأخرى
B41: # | C41: تاريخ بداية الاجازة | D41: تاريخ نهاية الاجازة | E41: المدة | F41: نوع الاجازة
B42: 1 | E42: =D42-C42 -> 0
B43: 2 | E43: =D43-C43 -> 0
B44: 3 | E44: =D44-C44 -> 0
B45: 4 | E45: =D45-C45 -> 0
B46: 5 | E46: =D46-C46 -> 0
B47: 6 | E47: =D47-C47 -> 0
B48: 7 | E48: =D48-C48 -> 0
B49: 8 | E49: =D49-C49 -> 0

Sheet 10007
B1: #VALUE!
B2: نموذج احتساب رصيد الاجازات
B3: رقم الموظف | C3: 10007 | E3: مدة العمل | F3: =YEARFRAC(TODAY(),C6,1) -> 4.5372399
B4: الاسم | C4: =VLOOKUP(C3,score,2,FALSE) -> ABDUL KADIR | E4: الرصيد المستحق منذ تاريخ التعيين | F4: =IF(F3<=5,F3*21,(((F3-5)*30)+(5*21))) -> 95.282037
B5: المسمى الوظيفي | C5: =VLOOKUP(C3,score,13,FALSE) -> عامل مطبخ | E5: الرصيد السنوي المستحق | F5: =IF(F3<=5,21,30) -> 21
B6: تاريخ التعيين | C6: =VLOOKUP(C3,score,14,FALSE) -> 44364 | E6: الرصيد المتبقي حتى اليوم | F6: =F4-E37 -> 21.282037
B8: احتساب رصيد الموظف لتارخ معين
B9: تاريخ بداية الاجازة | C9: 45657 | D9: =YEARFRAC(C9,C6,1) -> 3.5400411 | E9: الرصيد حتى تاريخه | F9: =(IF(D9<=5,D9*21,(((D9-5)*30)+(5*21))))-E37 -> 0.34086242
B10: الاجازات السنوية
B11: # | C11: تاريخ بداية الاجازة | D11: تاريخ نهاية الاجازة | E11: المدة | F11: هل تم صرف تذاكر السفر له
B12: 1 | C12: 45506 | D12: 45580 | E12: =D12-C12 -> 74 | F12: نعم
B13: 2 | E13: =D13-C13 -> 0
B14: 3 | E14: =D14-C14 -> 0
B15: 4 | E15: =D15-C15 -> 0
B16: 5 | E16: =D16-C16 -> 0
B17: 6 | E17: =D17-C17 -> 0
B18: 7 | E18: =D18-C18 -> 0
B19: 8 | E19: =D19-C19 -> 0
B20: 9 | E20: =D20-C20 -> 0
B21: 10 | E21: =D21-C21 -> 0
B22: 11 | E22: =D22-C22 -> 0
B23: 12 | E23: =D23-C23 -> 0
B24: 13 | E24: =D24-C24 -> 0
... B36: 25 | E36: =D36-C36 -> 0
B37: المجموع | E37: =SUM(E12:E36) -> 74
B39: الاجازات الأخرى
B41: # | C41: تاريخ بداية الاجازة | D41: تاريخ نهاية الاجازة | E41: المدة | F41: نوع الاجازة
B42: 1 | C42: 45580 | D42: 45591 | E42: =D42-C42 -> 11 | F42: غير مدفوعه
B43: 2 | E43: =D43-C43 -> 0
B44: 3 | E44: =D44-C44 -> 0
B45: 4 | E45: =D45-C45 -> 0
B46: 5 | E46: =D46-C46 -> 0
B47: 6 | E47: =D47-C47 -> 0
B48: 7 | E48: =D48-C48 -> 0
B49: 8 | E49: =D49-C49 -> 0

Sheet 10008
B1: #VALUE!
B2: نموذج احتساب رصيد الاجازات
B3: رقم الموظف | C3: 10008 | E3: مدة العمل | F3: =YEARFRAC(TODAY(),C6,1) -> 4.5372399
B4: الاسم | C4: =VLOOKUP(C3,score,2,FALSE) -> MONIR HOSSAIN | E4: الرصيد المستحق منذ تاريخ التعيين | F4: =IF(F3<=5,F3*21,(((F3-5)*30)+(5*21))) -> 95.282037
B5: المسمى الوظيفي | C5: =VLOOKUP(C3,score,13,FALSE) -> عامل مطبخ | E5: الرصيد السنوي المستحق | F5: =IF(F3<=5,21,30) -> 21
B6: تاريخ التعيين | C6: =VLOOKUP(C3,score,14,FALSE) -> 44364 | E6: الرصيد المتبقي حتى اليوم | F6: =F4-E37 -> 21.282037
B8: احتساب رصيد الموظف لتارخ معين
B9: تاريخ بداية الاجازة | C9: 45657 | D9: =YEARFRAC(C9,C6,1) -> 3.5400411 | E9: الرصيد حتى تاريخه | F9: =(IF(D9<=5,D9*21,(((D9-5)*30)+(5*21))))-E37 -> 0.34086242
B10: الاجازات السنوية
B11: # | C11: تاريخ بداية الاجازة | D11: تاريخ نهاية الاجازة | E11: المدة | F11: هل تم صرف تذاكر السفر له
B12: 1 | C12: 44835 | D12: 44859 | E12: =D12-C12 -> 24 | F12: نعم
B13: 2 | C13: 45261 | D13: 45290 | E13: =D13-C13 -> 29 | F13: نعم
B14: 3 | C14: 45627 | D14: 45648 | E14: =D14-C14 -> 21 | F14: نعم
B15: 4 | E15: =D15-C15 -> 0
B16: 5 | E16: =D16-C16 -> 0
B17: 6 | E17: =D17-C17 -> 0
B18: 7 | E18: =D18-C18 -> 0
B19: 8 | E19: =D19-C19 -> 0
B20: 9 | E20: =D20-C20 -> 0
B21: 10 | E21: =D21-C21 -> 0
B22: 11 | E22: =D22-C22 -> 0
B23: 12 | E23: =D23-C23 -> 0
B24: 13 | E24: =D24-C24 -> 0
B25: 14 | E25: =D25-C25 -> 0
B26: 15 | E26: =D26-C26 -> 0
... B36: 25 | E36: =D36-C36 -> 0
B37: المجموع | E37: =SUM(E12:E36) -> 74
B39: الاجازات الأخرى
B41: # | C41: تاريخ بداية الاجازة | D41: تاريخ نهاية الاجازة | E41: المدة | F41: نوع الاجازة
B42: 1 | E42: =D42-C42 -> 0
B43: 2 | E43: =D43-C43 -> 0
B44: 3 | E44: =D44-C44 -> 0
B45: 4 | E45: =D45-C45 -> 0
B46: 5 | E46: =D46-C46 -> 0
B47: 6 | E47: =D47-C47 -> 0
B48: 7 | E48: =D48-C48 -> 0
B49: 8 | E49: =D49-C49 -> 0

Sheet 10009
B1: #VALUE!
B2: نموذج احتساب رصيد الاجازات
B3: رقم الموظف | C3: 10009 | E3: مدة العمل | F3: =YEARFRAC(TODAY(),C6,1) -> 3.8329911
B4: الاسم | C4: =VLOOKUP(C3,score,2,FALSE) -> فاطمه عليان بن ثواب الحربي | E4: الرصيد المستحق منذ تاريخ التعيين | F4: =IF(F3<=5,F3*21,(((F3-5)*30)+(5*21))) -> 80.492813
B5: المسمى الوظيفي | C5: =VLOOKUP(C3,score,13,FALSE) -> أخصائي تسويق | E5: الرصيد السنوي المستحق | F5: =IF(F3<=5,21,30) -> 21
B6: تاريخ التعيين | C6: =VLOOKUP(C3,score,14,FALSE) -> 44621 | E6: الرصيد المتبقي حتى اليوم | F6: =F4-E37 -> 40.492813
B8: احتساب رصيد الموظف لتارخ معين
B9: تاريخ بداية الاجازة | C9: 45657 | D9: =YEARFRAC(C9,C6,1) -> 2.8357664 | E9: الرصيد حتى تاريخه | F9: =(IF(D9<=5,D9*21,(((D9-5)*30)+(5*21))))-E37 -> 19.551095
B10: الاجازات السنوية
B11: # | C11: تاريخ بداية الاجازة | D11: تاريخ نهاية الاجازة | E11: المدة | F11: هل تم صرف تذاكر السفر له
B12: 1 | C12: 45089 | D12: 45098 | E12: =D12-C12 -> 9
B13: 2 | C13: 45488 | D13: 45519 | E13: =D13-C13 -> 31
B14: 3 | E14: =D14-C14 -> 0
B15: 4 | E15: =D15-C15 -> 0
B16: 5 | E16: =D16-C16 -> 0
B17: 6 | E17: =D17-C17 -> 0
B18: 7 | E18: =D18-C18 -> 0
B19: 8 | E19: =D19-C19 -> 0
B20: 9 | E20: =D20-C20 -> 0
B21: 10 | E21: =D21-C21 -> 0
B22: 11 | E22: =D22-C22 -> 0
B23: 12 | E23: =D23-C23 -> 0
B24: 13 | E24: =D24-C24 -> 0
B25: 14 | E25: =D25-C25 -> 0
... B36: 25 | E36: =D36-C36 -> 0
B37: المجموع | E37: =SUM(E12:E36) -> 40
B39: الاجازات الأخرى
B41: # | C41: تاريخ بداية الاجازة | D41: تاريخ نهاية الاجازة | E41: المدة | F41: نوع الاجازة
B42: 1 | E42: =D42-C42 -> 0
B43: 2 | E43: =D43-C43 -> 0
B44: 3 | E44: =D44-C44 -> 0
B45: 4 | E45: =D45-C45 -> 0
B46: 5 | E46: =D46-C46 -> 0
B47: 6 | E47: =D47-C47 -> 0
B48: 7 | E48: =D48-C48 -> 0
B49: 8 | E49: =D49-C49 -> 0

Sheet 10011
B1: #VALUE!
B2: نموذج احتساب رصيد الاجازات
B3: رقم الموظف | C3: 10011 | E3: مدة العمل | F3: =YEARFRAC(TODAY(),C6,1) -> 3.8138261
B4: الاسم | C4: =VLOOKUP(C3,score,2,FALSE) -> أديب محمد سعيد عبدالصفي | E4: الرصيد المستحق منذ تاريخ التعيين | F4: =IF(F3<=5,F3*21,(((F3-5)*30)+(5*21))) -> 80.090349
B5: المسمى الوظيفي | C5: =VLOOKUP(C3,score,13,FALSE) -> عامل عادي | E5: الرصيد السنوي المستحق | F5: =IF(F3<=5,21,30) -> 21
B6: تاريخ التعيين | C6: =VLOOKUP(C3,score,14,FALSE) -> 44628 | E6: الرصيد المتبقي حتى اليوم | F6: =F4-E37 -> 25.090349
B8: احتساب رصيد الموظف لتارخ معين
B9: تاريخ بداية الاجازة | C9: 45657 | D9: =YEARFRAC(C9,C6,1) -> 2.8166058 | E9: الرصيد حتى تاريخه | F9: =(IF(D9<=5,D9*21,(((D9-5)*30)+(5*21))))-E37 -> 4.1487226
B10: الاجازات السنوية
B11: # | C11: تاريخ بداية الاجازة | D11: تاريخ نهاية الاجازة | E11: المدة | F11: هل تم صرف تذاكر السفر له
B12: 1 | C12: 45162 | D12: 45171 | E12: =D12-C12 -> 9 | F12: نعم
B13: 2 | C13: 45516 | D13: 45562 | E13: =D13-C13 -> 46 | F13: نعم
B14: 3 | E14: =D14-C14 -> 0
B15: 4 | E15: =D15-C15 -> 0
B16: 5 | E16: =D16-C16 -> 0
B17: 6 | E17: =D17-C17 -> 0
B18: 7 | E18: =D18-C18 -> 0
B19: 8 | E19: =D19-C19 -> 0
B20: 9 | E20: =D20-C20 -> 0
B21: 10 | E21: =D21-C21 -> 0
B22: 11 | E22: =D22-C22 -> 0
B23: 12 | E23: =D23-C23 -> 0
B24: 13 | E24: =D24-C24 -> 0
B25: 14 | E25: =D25-C25 -> 0
... B36: 25 | E36: =D36-C36 -> 0
B37: المجموع | E37: =SUM(E12:E36) -> 55
B39: الاجازات الأخرى
B41: # | C41: تاريخ بداية الاجازة | D41: تاريخ نهاية الاجازة | E41: المدة | F41: نوع الاجازة
B42: 1 | E42: =D42-C42 -> 0
B43: 2 | E43: =D43-C43 -> 0
B44: 3 | E44: =D44-C44 -> 0
B45: 4 | E45: =D45-C45 -> 0
B46: 5 | E46: =D46-C46 -> 0
B47: 6 | E47: =D47-C47 -> 0
B48: 7 | E48: =D48-C48 -> 0
B49: 8 | E49: =D49-C49 -> 0

Sheet 10010
B1: #VALUE!
B2: نموذج احتساب رصيد الاجازات
B3: رقم الموظف | C3: 10010 | E3: مدة العمل | F3: =YEARFRAC(TODAY(),C6,1) -> 3.8329911
B4: الاسم | C4: =VLOOKUP(C3,score,2,FALSE) -> ساره صالح مطلق الراكضي | E4: الرصيد المستحق منذ تاريخ التعيين | F4: =IF(F3<=5,F3*21,(((F3-5)*30)+(5*21))) -> 80.492813
B5: المسمى الوظيفي | C5: =VLOOKUP(C3,score,13,FALSE) -> أخصائي تسويق | E5: الرصيد السنوي المستحق | F5: =IF(F3<=5,21,30) -> 21
B6: تاريخ التعيين | C6: =VLOOKUP(C3,score,14,FALSE) -> 44621 | E6: الرصيد المتبقي حتى اليوم | F6: =F4-E37 -> 35.492813
B8: احتساب رصيد الموظف لتارخ معين
B9: تاريخ بداية الاجازة | C9: 45657 | D9: =YEARFRAC(C9,C6,1) -> 2.8357664 | E9: الرصيد حتى تاريخه | F9: =(IF(D9<=5,D9*21,(((D9-5)*30)+(5*21))))-E37 -> 14.551095
B10: الاجازات السنوية
B11: # | C11: تاريخ بداية الاجازة | D11: تاريخ نهاية الاجازة | E11: المدة | F11: هل تم صرف تذاكر السفر له
B12: 1 | C12: 45569 | D12: 45571 | E12: =D12-C12 -> 2
B13: 2 | C13: 45308 | D13: 45311 | E13: =D13-C13 -> 3
B14: 3 | C14: 45455 | D14: 45494 | E14: =D14-C14 -> 39
B15: 4 | C15: 45609 | D15: 45610 | E15: =D15-C15 -> 1
B16: 5 | E16: =D16-C16 -> 0
B17: 6 | E17: =D17-C17 -> 0
B18: 7 | E18: =D18-C18 -> 0
B19: 8 | E19: =D19-C19 -> 0
B20: 9 | E20: =D20-C20 -> 0
B21: 10 | E21: =D21-C21 -> 0
B22: 11 | E22: =D22-C22 -> 0
B23: 12 | E23: =D23-C23 -> 0
B24: 13 | E24: =D24-C24 -> 0
B25: 14 | E25: =D25-C25 -> 0
B26: 15 | E26: =D26-C26 -> 0
B27: 16 | E27: =D27-C27 -> 0
... B36: 25 | E36: =D36-C36 -> 0
B37: المجموع | E37: =SUM(E12:E36) -> 45
B39: الاجازات الأخرى
B41: # | C41: تاريخ بداية الاجازة | D41: تاريخ نهاية الاجازة | E41: المدة | F41: نوع الاجازة
B42: 1 | E42: =D42-C42 -> 0
B43: 2 | E43: =D43-C43 -> 0
B44: 3 | E44: =D44-C44 -> 0
B45: 4 | E45: =D45-C45 -> 0
B46: 5 | E46: =D46-C46 -> 0
B47: 6 | E47: =D47-C47 -> 0
B48: 7 | E48: =D48-C48 -> 0
B49: 8 | E49: =D49-C49 -> 0

Sheet 10012
B1: #VALUE!
B2: نموذج احتساب رصيد الاجازات
B3: رقم الموظف | C3: 10012 | E3: مدة العمل | F3: =YEARFRAC(TODAY(),C6,1) -> 3.8110883
B4: الاسم | C4: =VLOOKUP(C3,score,2,FALSE) -> MO AKRAM HASIN | E4: الرصيد المستحق منذ تاريخ التعيين | F4: =IF(F3<=5,F3*21,(((F3-5)*30)+(5*21))) -> 80.032854
B5: المسمى الوظيفي | C5: =VLOOKUP(C3,score,13,FALSE) -> عامل مطبخ | E5: الرصيد السنوي المستحق | F5: =IF(F3<=5,21,30) -> 21
B6: تاريخ التعيين | C6: =VLOOKUP(C3,score,14,FALSE) -> 44629 | E6: الرصيد المتبقي حتى اليوم | F6: =F4-E37 -> 21.032854
B8: احتساب رصيد الموظف لتارخ معين
B9: تاريخ بداية الاجازة | C9: 45657 | D9: =YEARFRAC(C9,C6,1) -> 2.8138686 | E9: الرصيد حتى تاريخه | F9: =(IF(D9<=5,D9*21,(((D9-5)*30)+(5*21))))-E37 -> 0.091240876
B10: الاجازات السنوية
B11: # | C11: تاريخ بداية الاجازة | D11: تاريخ نهاية الاجازة | E11: المدة | F11: هل تم صرف تذاكر السفر له
B12: 1 | C12: 44983 | D12: 45001 | E12: =D12-C12 -> 18 | F12: نعم
B13: 2 | C13: 45070 | D13: 45072 | E13: =D13-C13 -> 2 | F13: لا
B14: 3 | C14: 45224 | D14: 45226 | E14: =D14-C14 -> 2 | F14: لا
B15: 4 | C15: 45378 | D15: 45408 | E15: =D15-C15 -> 30 | F15: نعم
B16: 5 | C16: 45569 | D16: 45576 | E16: =D16-C16 -> 7
B17: 6 | E17: =D17-C17 -> 0
B18: 7 | E18: =D18-C18 -> 0
B19: 8 | E19: =D19-C19 -> 0
B20: 9 | E20: =D20-C20 -> 0
B21: 10 | E21: =D21-C21 -> 0
B22: 11 | E22: =D22-C22 -> 0
B23: 12 | E23: =D23-C23 -> 0
B24: 13 | E24: =D24-C24 -> 0
B25: 14 | E25: =D25-C25 -> 0
B26: 15 | E26: =D26-C26 -> 0
B27: 16 | E27: =D27-C27 -> 0
B28: 17 | E28: =D28-C28 -> 0
... B36: 25 | E36: =D36-C36 -> 0
B37: المجموع | E37: =SUM(E12:E36) -> 59
B39: الاجازات الأخرى
B41: # | C41: تاريخ بداية الاجازة | D41: تاريخ نهاية الاجازة | E41: المدة | F41: نوع الاجازة
B42: 1 | E42: =D42-C42 -> 0
B43: 2 | E43: =D43-C43 -> 0
B44: 3 | E44: =D44-C44 -> 0
B45: 4 | E45: =D45-C45 -> 0
B46: 5 | E46: =D46-C46 -> 0
B47: 6 | E47: =D47-C47 -> 0
B48: 7 | E48: =D48-C48 -> 0
B49: 8 | E49: =D49-C49 -> 0

Sheet 10013
B1: #VALUE!
B2: نموذج احتساب رصيد الاجازات
B3: رقم الموظف | C3: 10013 | E3: مدة العمل | F3: =YEARFRAC(TODAY(),C6,1) -> 3.8056126
B4: الاسم | C4: =VLOOKUP(C3,score,2,FALSE) -> ماهر مهيوب محمد سلطان الفقيه | E4: الرصيد المستحق منذ تاريخ التعيين | F4: =IF(F3<=5,F3*21,(((F3-5)*30)+(5*21))) -> 79.917864
B5: المسمى الوظيفي | C5: =VLOOKUP(C3,score,13,FALSE) -> سائق شاحنة صغيرة | E5: الرصيد السنوي المستحق | F5: =IF(F3<=5,21,30) -> 21
B6: تاريخ التعيين | C6: =VLOOKUP(C3,score,14,FALSE) -> 44631 | E6: الرصيد المتبقي حتى اليوم | F6: =F4-E37 -> 15.917864
B8: احتساب رصيد الموظف لتارخ معين
B9: تاريخ بداية الاجازة | C9: 45657 | D9: =YEARFRAC(C9,C6,1) -> 2.8083942 | E9: الرصيد حتى تاريخه | F9: =(IF(D9<=5,D9*21,(((D9-5)*30)+(5*21))))-E37 -> -5.0237226
B10: الاجازات السنوية
B11: # | C11: تاريخ بداية الاجازة | D11: تاريخ نهاية الاجازة | E11: المدة | F11: هل تم صرف تذاكر السفر له
B12: 1 | C12: 45522 | D12: 45579 | E12: =D12-C12 -> 57 | F12: نعم
B13: 2 | C13: 45629 | D13: 45636 | E13: =D13-C13 -> 7 | F13: لا
B14: 3 | E14: =D14-C14 -> 0
B15: 4 | E15: =D15-C15 -> 0
B16: 5 | E16: =D16-C16 -> 0
B17: 6 | E17: =D17-C17 -> 0
B18: 7 | E18: =D18-C18 -> 0
B19: 8 | E19: =D19-C19 -> 0
B20: 9 | E20: =D20-C20 -> 0
B21: 10 | E21: =D21-C21 -> 0
B22: 11 | E22: =D22-C22 -> 0
B23: 12 | E23: =D23-C23 -> 0
B24: 13 | E24: =D24-C24 -> 0
B25: 14 | E25: =D25-C25 -> 0
... B36: 25 | E36: =D36-C36 -> 0
B37: المجموع | E37: =SUM(E12:E36) -> 64
B39: الاجازات الأخرى
B41: # | C41: تاريخ بداية الاجازة | D41: تاريخ نهاية الاجازة | E41: المدة | F41: نوع الاجازة
B42: 1 | E42: =D42-C42 -> 0
B43: 2 | E43: =D43-C43 -> 0
B44: 3 | E44: =D44-C44 -> 0
B45: 4 | E45: =D45-C45 -> 0
B46: 5 | E46: =D46-C46 -> 0
B47: 6 | E47: =D47-C47 -> 0
B48: 7 | E48: =D48-C48 -> 0
B49: 8 | E49: =D49-C49 -> 0

Sheet 10014
B1: #VALUE!
B2: نموذج احتساب رصيد الاجازات
B3: رقم الموظف | C3: 10014 | E3: مدة العمل | F3: =YEARFRAC(TODAY(),C6,1) -> 3.7782341
B4: الاسم | C4: =VLOOKUP(C3,score,2,FALSE) -> PAPON HASAN APU | E4: الرصيد المستحق منذ تاريخ التعيين | F4: =IF(F3<=5,F3*21,(((F3-5)*30)+(5*21))) -> 79.342916
B5: المسمى الوظيفي | C5: =VLOOKUP(C3,score,13,FALSE) -> عامل مطبخ | E5: الرصيد السنوي المستحق | F5: =IF(F3<=5,21,30) -> 21
B6: تاريخ التعيين | C6: =VLOOKUP(C3,score,14,FALSE) -> 44641 | E6: الرصيد المتبقي حتى اليوم | F6: =F4-E37 -> 18.342916
B8: احتساب رصيد الموظف لتارخ معين
B9: تاريخ بداية الاجازة | C9: 45657 | D9: =YEARFRAC(C9,C6,1) -> 2.7810219 | E9: الرصيد حتى تاريخه | F9: =(IF(D9<=5,D9*21,(((D9-5)*30)+(5*21))))-E37 -> -2.5985401
B10: الاجازات السنوية
B11: # | C11: تاريخ بداية الاجازة | D11: تاريخ نهاية الاجازة | E11: المدة | F11: هل تم صرف تذاكر السفر له
B12: 1 | C12: 45446 | D12: 45507 | E12: =D12-C12 -> 61 | F12: نعم
B13: 2 | E13: =D13-C13 -> 0
B14: 3 | E14: =D14-C14 -> 0
B15: 4 | E15: =D15-C15 -> 0
B16: 5 | E16: =D16-C16 -> 0
B17: 6 | E17: =D17-C17 -> 0
B18: 7 | E18: =D18-C18 -> 0
B19: 8 | E19: =D19-C19 -> 0
B20: 9 | E20: =D20-C20 -> 0
B21: 10 | E21: =D21-C21 -> 0
B22: 11 | E22: =D22-C22 -> 0
B23: 12 | E23: =D23-C23 -> 0
B24: 13 | E24: =D24-C24 -> 0
... B36: 25 | E36: =D36-C36 -> 0
B37: المجموع | E37: =SUM(E12:E36) -> 61
B39: الاجازات الأخرى
B41: # | C41: تاريخ بداية الاجازة | D41: تاريخ نهاية الاجازة | E41: المدة | F41: نوع الاجازة
B42: 1 | E42: =D42-C42 -> 0
B43: 2 | E43: =D43-C43 -> 0
B44: 3 | E44: =D44-C44 -> 0
B45: 4 | E45: =D45-C45 -> 0
B46: 5 | E46: =D46-C46 -> 0
B47: 6 | E47: =D47-C47 -> 0
B48: 7 | E48: =D48-C48 -> 0
B49: 8 | E49: =D49-C49 -> 0

Sheet 10015
B1: #VALUE!
B2: نموذج احتساب رصيد الاجازات
B3: رقم الموظف | C3: 10015 | E3: مدة العمل | F3: =YEARFRAC(TODAY(),C6,1) -> 3.504449
B4: الاسم | C4: =VLOOKUP(C3,score,2,FALSE) -> صدام عبده علي الغانمي | E4: الرصيد المستحق منذ تاريخ التعيين | F4: =IF(F3<=5,F3*21,(((F3-5)*30)+(5*21))) -> 73.593429
B5: المسمى الوظيفي | C5: =VLOOKUP(C3,score,13,FALSE) -> سائق شاحنة صغيرة | E5: الرصيد السنوي المستحق | F5: =IF(F3<=5,21,30) -> 21
B6: تاريخ التعيين | C6: =VLOOKUP(C3,score,14,FALSE) -> 44741 | E6: الرصيد المتبقي حتى اليوم | F6: =F4-E37 -> 15.593429
B8: احتساب رصيد الموظف لتارخ معين
B9: تاريخ بداية الاجازة | C9: 45657 | D9: =YEARFRAC(C9,C6,1) -> 2.5072993 | E9: الرصيد حتى تاريخه | F9: =(IF(D9<=5,D9*21,(((D9-5)*30)+(5*21))))-E37 -> -5.3467153
B10: الاجازات السنوية
B11: # | C11: تاريخ بداية الاجازة | D11: تاريخ نهاية الاجازة | E11: المدة | F11: هل تم صرف تذاكر السفر له
B12: 1 | C12: 45494 | D12: 45552 | E12: =D12-C12 -> 58 | F12: نعم
B13: 2 | E13: =D13-C13 -> 0
B14: 3 | E14: =D14-C14 -> 0
B15: 4 | E15: =D15-C15 -> 0
B16: 5 | E16: =D16-C16 -> 0
B17: 6 | E17: =D17-C17 -> 0
B18: 7 | E18: =D18-C18 -> 0
B19: 8 | E19: =D19-C19 -> 0
B20: 9 | E20: =D20-C20 -> 0
B21: 10 | E21: =D21-C21 -> 0
B22: 11 | E22: =D22-C22 -> 0
B23: 12 | E23: =D23-C23 -> 0
B24: 13 | E24: =D24-C24 -> 0
... B36: 25 | E36: =D36-C36 -> 0
B37: المجموع | E37: =SUM(E12:E36) -> 58
B39: الاجازات الأخرى
B41: # | C41: تاريخ بداية الاجازة | D41: تاريخ نهاية الاجازة | E41: المدة | F41: نوع الاجازة
B42: 1 | E42: =D42-C42 -> 0
B43: 2 | E43: =D43-C43 -> 0
B44: 3 | E44: =D44-C44 -> 0
B45: 4 | E45: =D45-C45 -> 0
B46: 5 | E46: =D46-C46 -> 0
B47: 6 | E47: =D47-C47 -> 0
B48: 7 | E48: =D48-C48 -> 0
B49: 8 | E49: =D49-C49 -> 0

Sheet 10016
B1: #VALUE!
B2: نموذج احتساب رصيد الاجازات
B3: رقم الموظف | C3: 10016 | E3: مدة العمل | F3: =YEARFRAC(TODAY(),C6,1) -> 3.4989733
B4: الاسم | C4: =VLOOKUP(C3,score,2,FALSE) -> مارية ابراهيم بن صالح الخضيري | E4: الرصيد المستحق منذ تاريخ التعيين | F4: =IF(F3<=5,F3*21,(((F3-5)*30)+(5*21))) -> 73.478439
B5: المسمى الوظيفي | C5: =VLOOKUP(C3,score,13,FALSE) -> مندوب مبيعات | E5: الرصيد السنوي المستحق | F5: =IF(F3<=5,21,30) -> 21
B6: تاريخ التعيين | C6: =VLOOKUP(C3,score,14,FALSE) -> 44743 | E6: الرصيد المتبقي حتى اليوم | F6: =F4-E37 -> 39.478439
B8: احتساب رصيد الموظف لتارخ معين
B9: تاريخ بداية الاجازة | C9: 45657 | D9: =YEARFRAC(C9,C6,1) -> 2.5018248 | E9: الرصيد حتى تاريخه | F9: =(IF(D9<=5,D9*21,(((D9-5)*30)+(5*21))))-E37 -> 18.538321
B10: الاجازات السنوية
B11: # | C11: تاريخ بداية الاجازة | D11: تاريخ نهاية الاجازة | E11: المدة | F11: هل تم صرف تذاكر السفر له
B12: 1 | C12: 44983 | D12: 45001 | E12: =D12-C12 -> 18
B13: 2 | C13: 45357 | D13: 45373 | E13: =D13-C13 -> 16
B14: 3 | E14: =D14-C14 -> 0
B15: 4 | E15: =D15-C15 -> 0
B16: 5 | E16: =D16-C16 -> 0
B17: 6 | E17: =D17-C17 -> 0
B18: 7 | E18: =D18-C18 -> 0
B19: 8 | E19: =D19-C19 -> 0
B20: 9 | E20: =D20-C20 -> 0
B21: 10 | E21: =D21-C21 -> 0
B22: 11 | E22: =D22-C22 -> 0
B23: 12 | E23: =D23-C23 -> 0
B24: 13 | E24: =D24-C24 -> 0
B25: 14 | E25: =D25-C25 -> 0
... B36: 25 | E36: =D36-C36 -> 0
B37: المجموع | E37: =SUM(E12:E36) -> 34
B39: الاجازات الأخرى
B41: # | C41: تاريخ بداية الاجازة | D41: تاريخ نهاية الاجازة | E41: المدة | F41: نوع الاجازة
B42: 1 | E42: =D42-C42 -> 0
B43: 2 | E43: =D43-C43 -> 0
B44: 3 | E44: =D44-C44 -> 0
B45: 4 | E45: =D45-C45 -> 0
B46: 5 | E46: =D46-C46 -> 0
B47: 6 | E47: =D47-C47 -> 0
B48: 7 | E48: =D48-C48 -> 0
B49: 8 | E49: =D49-C49 -> 0

Sheet 10017
B1: #VALUE!
B2: نموذج احتساب رصيد الاجازات
B3: رقم الموظف | C3: 10017 | E3: مدة العمل | F3: =YEARFRAC(TODAY(),C6,1) -> 3.3100616
B4: الاسم | C4: =VLOOKUP(C3,score,2,FALSE) -> PAWAN SINGH BACHI SINGH | E4: الرصيد المستحق منذ تاريخ التعيين | F4: =IF(F3<=5,F3*21,(((F3-5)*30)+(5*21))) -> 69.511294
B5: المسمى الوظيفي | C5: =VLOOKUP(C3,score,13,FALSE) -> عامل مطبخ | E5: الرصيد السنوي المستحق | F5: =IF(F3<=5,21,30) -> 21
B6: تاريخ التعيين | C6: =VLOOKUP(C3,score,14,FALSE) -> 44812 | E6: الرصيد المتبقي حتى اليوم | F6: =F4-E37 -> 21.511294
B8: احتساب رصيد الموظف لتارخ معين
B9: تاريخ بداية الاجازة | C9: 45657 | D9: =YEARFRAC(C9,C6,1) -> 2.3129562 | E9: الرصيد حتى تاريخه | F9: =(IF(D9<=5,D9*21,(((D9-5)*30)+(5*21))))-E37 -> 0.57208029
B10: الاجازات السنوية
B11: # | C11: تاريخ بداية الاجازة | D11: تاريخ نهاية الاجازة | E11: المدة | F11: هل تم صرف تذاكر السفر له
B12: 1 | C12: 45505 | D12: 45553 | E12: =D12-C12 -> 48 | F12: نعم
B13: 2 | E13: =D13-C13 -> 0
B14: 3 | E14: =D14-C14 -> 0
B15: 4 | E15: =D15-C15 -> 0
B16: 5 | E16: =D16-C16 -> 0
B17: 6 | E17: =D17-C17 -> 0
B18: 7 | E18: =D18-C18 -> 0
B19: 8 | E19: =D19-C19 -> 0
B20: 9 | E20: =D20-C20 -> 0
B21: 10 | E21: =D21-C21 -> 0
B22: 11 | E22: =D22-C22 -> 0
B23: 12 | E23: =D23-C23 -> 0
B24: 13 | E24: =D24-C24 -> 0
... B36: 25 | E36: =D36-C36 -> 0
B37: المجموع | E37: =SUM(E12:E36) -> 48
B39: الاجازات الأخرى
B41: # | C41: تاريخ بداية الاجازة | D41: تاريخ نهاية الاجازة | E41: المدة | F41: نوع الاجازة
B42: 1 | E42: =D42-C42 -> 0
B43: 2 | E43: =D43-C43 -> 0
B44: 3 | E44: =D44-C44 -> 0
B45: 4 | E45: =D45-C45 -> 0
B46: 5 | E46: =D46-C46 -> 0
B47: 6 | E47: =D47-C47 -> 0
B48: 7 | E48: =D48-C48 -> 0
B49: 8 | E49: =D49-C49 -> 0

Sheet 10018
B1: #VALUE!
B2: نموذج احتساب رصيد الاجازات
B3: رقم الموظف | C3: 10018 | E3: مدة العمل | F3: =YEARFRAC(TODAY(),C6,1) -> 3.211499
B4: الاسم | C4: =VLOOKUP(C3,score,2,FALSE) -> MD MONIR HOSEN | E4: الرصيد المستحق منذ تاريخ التعيين | F4: =IF(F3<=5,F3*21,(((F3-5)*30)+(5*21))) -> 67.441478
B5: المسمى الوظيفي | C5: =VLOOKUP(C3,score,13,FALSE) -> عامل تنظيف مكاتب ومنشآت | E5: الرصيد السنوي المستحق | F5: =IF(F3<=5,21,30) -> 21
B6: تاريخ التعيين | C6: =VLOOKUP(C3,score,14,FALSE) -> 44848 | E6: الرصيد المتبقي حتى اليوم | F6: =F4-E37 -> 13.441478
B8: احتساب رصيد الموظف لتارخ معين
B9: تاريخ بداية الاجازة | C9: 45657 | D9: =YEARFRAC(C9,C6,1) -> 2.2144161 | E9: الرصيد حتى تاريخه | F9: =(IF(D9<=5,D9*21,(((D9-5)*30)+(5*21))))-E37 -> -7.4972628
B10: الاجازات السنوية
B11: # | C11: تاريخ بداية الاجازة | D11: تاريخ نهاية الاجازة | E11: المدة | F11: هل تم صرف تذاكر السفر له
B12: 1 | C12: 45288 | D12: 45342 | E12: =D12-C12 -> 54 | F12: نعم
B13: 2 | E13: =D13-C13 -> 0
B14: 3 | E14: =D14-C14 -> 0
B15: 4 | E15: =D15-C15 -> 0
B16: 5 | E16: =D16-C16 -> 0
B17: 6 | E17: =D17-C17 -> 0
B18: 7 | E18: =D18-C18 -> 0
B19: 8 | E19: =D19-C19 -> 0
B20: 9 | E20: =D20-C20 -> 0
B21: 10 | E21: =D21-C21 -> 0
B22: 11 | E22: =D22-C22 -> 0
B23: 12 | E23: =D23-C23 -> 0
B24: 13 | E24: =D24-C24 -> 0
... B36: 25 | E36: =D36-C36 -> 0
B37: المجموع | E37: =SUM(E12:E36) -> 54
B39: الاجازات الأخرى
B41: # | C41: تاريخ بداية الاجازة | D41: تاريخ نهاية الاجازة | E41: المدة | F41: نوع الاجازة
B42: 1 | C42: 45342 | D42: 45376 | E42: =D42-C42 -> 34 | F42: غير مدفوعه
B43: 2 | E43: =D43-C43 -> 0
B44: 3 | E44: =D44-C44 -> 0
B45: 4 | E45: =D45-C45 -> 0
B46: 5 | E46: =D46-C46 -> 0
B47: 6 | E47: =D47-C47 -> 0
B48: 7 | E48: =D48-C48 -> 0
B49: 8 | E49: =D49-C49 -> 0

Sheet 10019
B1: #VALUE!
B2: نموذج احتساب رصيد الاجازات
B3: رقم الموظف | C3: 10019 | E3: مدة العمل | F3: =YEARFRAC(TODAY(),C6,1) -> 3.211499
B4: الاسم | C4: =VLOOKUP(C3,score,2,FALSE) -> FAKHRUL ISLAM | E4: الرصيد المستحق منذ تاريخ التعيين | F4: =IF(F3<=5,F3*21,(((F3-5)*30)+(5*21))) -> 67.441478
B5: المسمى الوظيفي | C5: =VLOOKUP(C3,score,13,FALSE) -> عامل مطبخ | E5: الرصيد السنوي المستحق | F5: =IF(F3<=5,21,30) -> 21
B6: تاريخ التعيين | C6: =VLOOKUP(C3,score,14,FALSE) -> 44848 | E6: الرصيد المتبقي حتى اليوم | F6: =F4-E37 -> 21.441478
B8: احتساب رصيد الموظف لتارخ معين
B9: تاريخ بداية الاجازة | C9: 45657 | D9: =YEARFRAC(C9,C6,1) -> 2.2144161 | E9: الرصيد حتى تاريخه | F9: =(IF(D9<=5,D9*21,(((D9-5)*30)+(5*21))))-E37 -> 0.50273723
B10: الاجازات السنوية
B11: # | C11: تاريخ بداية الاجازة | D11: تاريخ نهاية الاجازة | E11: المدة | F11: هل تم صرف تذاكر السفر له
B12: 1 | C12: 45597 | D12: 45643 | E12: =D12-C12 -> 46 | F12: نعم
B13: 2 | E13: =D13-C13 -> 0
B14: 3 | E14: =D14-C14 -> 0
B15: 4 | E15: =D15-C15 -> 0
B16: 5 | E16: =D16-C16 -> 0
B17: 6 | E17: =D17-C17 -> 0
B18: 7 | E18: =D18-C18 -> 0
B19: 8 | E19: =D19-C19 -> 0
B20: 9 | E20: =D20-C20 -> 0
B21: 10 | E21: =D21-C21 -> 0
B22: 11 | E22: =D22-C22 -> 0
B23: 12 | E23: =D23-C23 -> 0
B24: 13 | E24: =D24-C24 -> 0
... B36: 25 | E36: =D36-C36 -> 0
B37: المجموع | E37: =SUM(E12:E36) -> 46
B39: الاجازات الأخرى
B41: # | C41: تاريخ بداية الاجازة | D41: تاريخ نهاية الاجازة | E41: المدة | F41: نوع الاجازة
B42: 1 | E42: =D42-C42 -> 0
B43: 2 | E43: =D43-C43 -> 0
B44: 3 | E44: =D44-C44 -> 0
B45: 4 | E45: =D45-C45 -> 0
B46: 5 | E46: =D46-C46 -> 0
B47: 6 | E47: =D47-C47 -> 0
B48: 7 | E48: =D48-C48 -> 0
B49: 8 | E49: =D49-C49 -> 0

Sheet 10020
B1: #VALUE!
B2: نموذج احتساب رصيد الاجازات
B3: رقم الموظف | C3: 10020 | E3: مدة العمل | F3: =YEARFRAC(TODAY(),C6,1) -> 3.1868583
B4: الاسم | C4: =VLOOKUP(C3,score,2,FALSE) -> حمد دفع الله حمد على | E4: الرصيد المستحق منذ تاريخ التعيين | F4: =IF(F3<=5,F3*21,(((F3-5)*30)+(5*21))) -> 66.924025
B5: المسمى الوظيفي | C5: =VLOOKUP(C3,score,13,FALSE) -> عامل مطبخ | E5: الرصيد السنوي المستحق | F5: =IF(F3<=5,21,30) -> 21
B6: تاريخ التعيين | C6: =VLOOKUP(C3,score,14,FALSE) -> 44857 | E6: الرصيد المتبقي حتى اليوم | F6: =F4-E37 -> 20.924025
B8: احتساب رصيد الموظف لتارخ معين
B9: تاريخ بداية الاجازة | C9: 45657 | D9: =YEARFRAC(C9,C6,1) -> 2.189781 | E9: الرصيد حتى تاريخه | F9: =(IF(D9<=5,D9*21,(((D9-5)*30)+(5*21))))-E37 -> -0.01459854
B10: الاجازات السنوية
B11: # | C11: تاريخ بداية الاجازة | D11: تاريخ نهاية الاجازة | E11: المدة | F11: هل تم صرف تذاكر السفر له
B12: 1 | C12: 45096 | D12: 45142 | E12: =D12-C12 -> 46 | F12: نعم
B13: 2 | E13: =D13-C13 -> 0
B14: 3 | E14: =D14-C14 -> 0
B15: 4 | E15: =D15-C15 -> 0
B16: 5 | E16: =D16-C16 -> 0
B17: 6 | E17: =D17-C17 -> 0
B18: 7 | E18: =D18-C18 -> 0
B19: 8 | E19: =D19-C19 -> 0
B20: 9 | E20: =D20-C20 -> 0
B21: 10 | E21: =D21-C21 -> 0
B22: 11 | E22: =D22-C22 -> 0
B23: 12 | E23: =D23-C23 -> 0
B24: 13 | E24: =D24-C24 -> 0
... B36: 25 | E36: =D36-C36 -> 0
B37: المجموع | E37: =SUM(E12:E36) -> 46
B39: الاجازات الأخرى
B41: # | C41: تاريخ بداية الاجازة | D41: تاريخ نهاية الاجازة | E41: المدة | F41: نوع الاجازة
B42: 1 | C42: 45143 | D42: 45157 | E42: =D42-C42 -> 14 | F42: غير مدفوعه
B43: 2 | E43: =D43-C43 -> 0
B44: 3 | E44: =D44-C44 -> 0
B45: 4 | E45: =D45-C45 -> 0
B46: 5 | E46: =D46-C46 -> 0
B47: 6 | E47: =D47-C47 -> 0
B48: 7 | E48: =D48-C48 -> 0
B49: 8 | E49: =D49-C49 -> 0

Sheet 10021
B1: #VALUE!
B2: نموذج احتساب رصيد الاجازات
B3: رقم الموظف | C3: 10021 | E3: مدة العمل | F3: =YEARFRAC(TODAY(),C6,1) -> 2.9178832
B4: الاسم | C4: =VLOOKUP(C3,score,2,FALSE) -> شادي عبدالكافي محسن عبدالله | E4: الرصيد المستحق منذ تاريخ التعيين | F4: =IF(F3<=5,F3*21,(((F3-5)*30)+(5*21))) -> 61.275547
B5: المسمى الوظيفي | C5: =VLOOKUP(C3,score,13,FALSE) -> عامل عادي | E5: الرصيد السنوي المستحق | F5: =IF(F3<=5,21,30) -> 21
B6: تاريخ التعيين | C6: =VLOOKUP(C3,score,14,FALSE) -> 44955 | E6: الرصيد المتبقي حتى اليوم | F6: =F4-E37 -> 21.275547
B8: احتساب رصيد الموظف لتارخ معين
B9: تاريخ بداية الاجازة | C9: 45657 | D9: =YEARFRAC(C9,C6,1) -> 1.9206566 | E9: الرصيد حتى تاريخه | F9: =(IF(D9<=5,D9*21,(((D9-5)*30)+(5*21))))-E37 -> 0.33378933
B10: الاجازات السنوية
B11: # | C11: تاريخ بداية الاجازة | D11: تاريخ نهاية الاجازة | E11: المدة | F11: هل تم صرف تذاكر السفر له
B12: 1 | C12: 45442 | D12: 45482 | E12: =D12-C12 -> 40 | F12: نعم
B13: 2 | E13: =D13-C13 -> 0
B14: 3 | E14: =D14-C14 -> 0
B15: 4 | E15: =D15-C15 -> 0
B16: 5 | E16: =D16-C16 -> 0
B17: 6 | E17: =D17-C17 -> 0
B18: 7 | E18: =D18-C18 -> 0
B19: 8 | E19: =D19-C19 -> 0
B20: 9 | E20: =D20-C20 -> 0
B21: 10 | E21: =D21-C21 -> 0
B22: 11 | E22: =D22-C22 -> 0
B23: 12 | E23: =D23-C23 -> 0
B24: 13 | E24: =D24-C24 -> 0
... B36: 25 | E36: =D36-C36 -> 0
B37: المجموع | E37: =SUM(E12:E36) -> 40
B39: الاجازات الأخرى
B41: # | C41: تاريخ بداية الاجازة | D41: تاريخ نهاية الاجازة | E41: المدة | F41: نوع الاجازة
B42: 1 | C42: 45473 | D42: 45493 | E42: =D42-C42 -> 20 | F42: غير مدفوعه
B43: 2 | E43: =D43-C43 -> 0
B44: 3 | E44: =D44-C44 -> 0
B45: 4 | E45: =D45-C45 -> 0
B46: 5 | E46: =D46-C46 -> 0
B47: 6 | E47: =D47-C47 -> 0
B48: 7 | E48: =D48-C48 -> 0
B49: 8 | E49: =D49-C49 -> 0

Sheet 10022
B1: #VALUE!
B2: نموذج احتساب رصيد الاجازات
B3: رقم الموظف | C3: 10022 | E3: مدة العمل | F3: =YEARFRAC(TODAY(),C6,1) -> 2.9096715
B4: الاسم | C4: =VLOOKUP(C3,score,2,FALSE) -> صادق امين محمد شملان | E4: الرصيد المستحق منذ تاريخ التعيين | F4: =IF(F3<=5,F3*21,(((F3-5)*30)+(5*21))) -> 61.103102
B5: المسمى الوظيفي | C5: =VLOOKUP(C3,score,13,FALSE) -> سائق شاحنة صغيرة | E5: الرصيد السنوي المستحق | F5: =IF(F3<=5,21,30) -> 21
B6: تاريخ التعيين | C6: =VLOOKUP(C3,score,14,FALSE) -> 44958 | E6: الرصيد المتبقي حتى اليوم | F6: =F4-E37 -> 14.103102
B8: احتساب رصيد الموظف لتارخ معين
B9: تاريخ بداية الاجازة | C9: 45657 | D9: =YEARFRAC(C9,C6,1) -> 1.9124487 | E9: الرصيد حتى تاريخه | F9: =(IF(D9<=5,D9*21,(((D9-5)*30)+(5*21))))-E37 -> -6.8385773
B10: الاجازات السنوية
B11: # | C11: تاريخ بداية الاجازة | D11: تاريخ نهاية الاجازة | E11: المدة | F11: هل تم صرف تذاكر السفر له
B12: 1 | C12: 45645 | D12: 45659 | E12: =D12-C12 -> 14 | F12: لا
B13: 2 | C13: 45782 | D13: 45815 | E13: =D13-C13 -> 33 | F13: نعم
B14: 3 | E14: =D14-C14 -> 0
B15: 4 | E15: =D15-C15 -> 0
B16: 5 | E16: =D16-C16 -> 0
B17: 6 | E17: =D17-C17 -> 0
B18: 7 | E18: =D18-C18 -> 0
B19: 8 | E19: =D19-C19 -> 0
B20: 9 | E20: =D20-C20 -> 0
B21: 10 | E21: =D21-C21 -> 0
B22: 11 | E22: =D22-C22 -> 0
B23: 12 | E23: =D23-C23 -> 0
B24: 13 | E24: =D24-C24 -> 0
B25: 14 | E25: =D25-C25 -> 0
... B36: 25 | E36: =D36-C36 -> 0
B37: المجموع | E37: =SUM(E12:E36) -> 47
B39: الاجازات الأخرى
B41: # | C41: تاريخ بداية الاجازة | D41: تاريخ نهاية الاجازة | E41: المدة | F41: نوع الاجازة
B42: 1 | C42: 45815 | D42: 45820 | E42: =D42-C42 -> 5 | F42: زواج
B43: 2 | C43: 45820 | D43: 45905 | E43: =D43-C43 -> 85 | F43: غير مدفوعه
B44: 3 | E44: =D44-C44 -> 0
B45: 4 | E45: =D45-C45 -> 0
B46: 5 | E46: =D46-C46 -> 0
B47: 6 | E47: =D47-C47 -> 0
B48: 7 | E48: =D48-C48 -> 0
B49: 8 | E49: =D49-C49 -> 0

Sheet 10023
B1: #VALUE!
B2: نموذج احتساب رصيد الاجازات
B3: رقم الموظف | C3: 10023 | E3: مدة العمل | F3: =YEARFRAC(TODAY(),C6,1) -> 2.8193431
B4: الاسم | C4: =VLOOKUP(C3,score,2,FALSE) -> MD MEHEDI HASAN | E4: الرصيد المستحق منذ تاريخ التعيين | F4: =IF(F3<=5,F3*21,(((F3-5)*30)+(5*21))) -> 59.206204
B5: المسمى الوظيفي | C5: =VLOOKUP(C3,score,13,FALSE) -> عامل مطبخ | E5: الرصيد السنوي المستحق | F5: =IF(F3<=5,21,30) -> 21
B6: تاريخ التعيين | C6: =VLOOKUP(C3,score,14,FALSE) -> 44991 | E6: الرصيد المتبقي حتى اليوم | F6: =F4-E37 -> 21.206204
B8: احتساب رصيد الموظف لتارخ معين
B9: تاريخ بداية الاجازة | C9: 45657 | D9: =YEARFRAC(C9,C6,1) -> 1.8221614 | E9: الرصيد حتى تاريخه | F9: =(IF(D9<=5,D9*21,(((D9-5)*30)+(5*21))))-E37 -> 0.26538988
B10: الاجازات السنوية
B11: # | C11: تاريخ بداية الاجازة | D11: تاريخ نهاية الاجازة | E11: المدة | F11: هل تم صرف تذاكر السفر له
B12: 1 | C12: 45597 | D12: 45635 | E12: =D12-C12 -> 38 | F12: نعم
B13: 2 | E13: =D13-C13 -> 0
B14: 3 | E14: =D14-C14 -> 0
B15: 4 | E15: =D15-C15 -> 0
B16: 5 | E16: =D16-C16 -> 0
B17: 6 | E17: =D17-C17 -> 0
B18: 7 | E18: =D18-C18 -> 0
B19: 8 | E19: =D19-C19 -> 0
B20: 9 | E20: =D20-C20 -> 0
B21: 10 | E21: =D21-C21 -> 0
B22: 11 | E22: =D22-C22 -> 0
B23: 12 | E23: =D23-C23 -> 0
B24: 13 | E24: =D24-C24 -> 0
... B36: 25 | E36: =D36-C36 -> 0
B37: المجموع | E37: =SUM(E12:E36) -> 38
B39: الاجازات الأخرى
B41: # | C41: تاريخ بداية الاجازة | D41: تاريخ نهاية الاجازة | E41: المدة | F41: نوع الاجازة
B42: 1 | E42: =D42-C42 -> 0
B43: 2 | E43: =D43-C43 -> 0
B44: 3 | E44: =D44-C44 -> 0
B45: 4 | E45: =D45-C45 -> 0
B46: 5 | E46: =D46-C46 -> 0
B47: 6 | E47: =D47-C47 -> 0
B48: 7 | E48: =D48-C48 -> 0
B49: 8 | E49: =D49-C49 -> 0

Sheet 10024
B1: #VALUE!
B2: نموذج احتساب رصيد الاجازات
B3: رقم الموظف | C3: 10024 | E3: مدة العمل | F3: =YEARFRAC(TODAY(),C6,1) -> 2.7837591
B4: الاسم | C4: =VLOOKUP(C3,score,2,FALSE) -> عبدالرحمن خالد عبدالله القعيد | E4: الرصيد المستحق منذ تاريخ التعيين | F4: =IF(F3<=5,F3*21,(((F3-5)*30)+(5*21))) -> 58.458942
B5: المسمى الوظيفي | C5: =VLOOKUP(C3,score,13,FALSE) -> مشرف مدخلي البيانات | E5: الرصيد السنوي المستحق | F5: =IF(F3<=5,21,30) -> 21
B6: تاريخ التعيين | C6: =VLOOKUP(C3,score,14,FALSE) -> 45004 | E6: الرصيد المتبقي حتى اليوم | F6: =F4-E37 -> 21.458942
B8: احتساب رصيد الموظف لتارخ معين
B9: تاريخ بداية الاجازة | C9: 45657 | D9: =YEARFRAC(C9,C6,1) -> 1.7865937 | E9: الرصيد حتى تاريخه | F9: =(IF(D9<=5,D9*21,(((D9-5)*30)+(5*21))))-E37 -> 0.51846785
B10: الاجازات السنوية
B11: # | C11: تاريخ بداية الاجازة | D11: تاريخ نهاية الاجازة | E11: المدة | F11: هل تم صرف تذاكر السفر له
B12: 1 | C12: 45292 | D12: 45308 | E12: =D12-C12 -> 16
B13: 2 | C13: 45627 | D13: 45648 | E13: =D13-C13 -> 21
B14: 3 | E14: =D14-C14 -> 0
B15: 4 | E15: =D15-C15 -> 0
B16: 5 | E16: =D16-C16 -> 0
B17: 6 | E17: =D17-C17 -> 0
B18: 7 | E18: =D18-C18 -> 0
B19: 8 | E19: =D19-C19 -> 0
B20: 9 | E20: =D20-C20 -> 0
B21: 10 | E21: =D21-C21 -> 0
B22: 11 | E22: =D22-C22 -> 0
B23: 12 | E23: =D23-C23 -> 0
B24: 13 | E24: =D24-C24 -> 0
B25: 14 | E25: =D25-C25 -> 0
... B36: 25 | E36: =D36-C36 -> 0
B37: المجموع | E37: =SUM(E12:E36) -> 37
B39: الاجازات الأخرى
B41: # | C41: تاريخ بداية الاجازة | D41: تاريخ نهاية الاجازة | E41: المدة | F41: نوع الاجازة
B42: 1 | E42: =D42-C42 -> 0
B43: 2 | E43: =D43-C43 -> 0
B44: 3 | E44: =D44-C44 -> 0
B45: 4 | E45: =D45-C45 -> 0
B46: 5 | E46: =D46-C46 -> 0
B47: 6 | E47: =D47-C47 -> 0
B48: 7 | E48: =D48-C48 -> 0
B49: 8 | E49: =D49-C49 -> 0

Sheet 10025
B1: #VALUE!
B2: نموذج احتساب رصيد الاجازات
B3: رقم الموظف | C3: 10025 | E3: مدة العمل | F3: =YEARFRAC(TODAY(),C6,1) -> 2.5702555
B4: الاسم | C4: =VLOOKUP(C3,score,2,FALSE) -> أميره هليل بديع العنزي | E4: الرصيد المستحق منذ تاريخ التعيين | F4: =IF(F3<=5,F3*21,(((F3-5)*30)+(5*21))) -> 53.975365
B5: المسمى الوظيفي | C5: =VLOOKUP(C3,score,13,FALSE) -> أخصائي خدمة عملاء | E5: الرصيد السنوي المستحق | F5: =IF(F3<=5,21,30) -> 21
B6: تاريخ التعيين | C6: =VLOOKUP(C3,score,14,FALSE) -> 45082 | E6: الرصيد المتبقي حتى اليوم | F6: =F4-E37 -> 20.975365
B8: احتساب رصيد الموظف لتارخ معين
B9: تاريخ بداية الاجازة | C9: 45657 | D9: =YEARFRAC(C9,C6,1) -> 1.5731874 | E9: الرصيد حتى تاريخه | F9: =(IF(D9<=5,D9*21,(((D9-5)*30)+(5*21))))-E37 -> 0.036935705
B10: الاجازات السنوية
B11: # | C11: تاريخ بداية الاجازة | D11: تاريخ نهاية الاجازة | E11: المدة | F11: هل تم صرف تذاكر السفر له
B12: 1 | C12: 45323 | D12: 45335 | E12: =D12-C12 -> 12
B13: 2 | C13: 45627 | D13: 45648 | E13: =D13-C13 -> 21
B14: 3 | E14: =D14-C14 -> 0
B15: 4 | E15: =D15-C15 -> 0
B16: 5 | E16: =D16-C16 -> 0
B17: 6 | E17: =D17-C17 -> 0
B18: 7 | E18: =D18-C18 -> 0
B19: 8 | E19: =D19-C19 -> 0
B20: 9 | E20: =D20-C20 -> 0
B21: 10 | E21: =D21-C21 -> 0
B22: 11 | E22: =D22-C22 -> 0
B23: 12 | E23: =D23-C23 -> 0
B24: 13 | E24: =D24-C24 -> 0
B25: 14 | E25: =D25-C25 -> 0
... B36: 25 | E36: =D36-C36 -> 0
B37: المجموع | E37: =SUM(E12:E36) -> 33
B39: الاجازات الأخرى
B41: # | C41: تاريخ بداية الاجازة | D41: تاريخ نهاية الاجازة | E41: المدة | F41: نوع الاجازة
B42: 1 | E42: =D42-C42 -> 0
B43: 2 | E43: =D43-C43 -> 0
B44: 3 | E44: =D44-C44 -> 0
B45: 4 | E45: =D45-C45 -> 0
B46: 5 | E46: =D46-C46 -> 0
B47: 6 | E47: =D47-C47 -> 0
B48: 7 | E48: =D48-C48 -> 0
B49: 8 | E49: =D49-C49 -> 0

Sheet 10026
B1: #VALUE!
B2: نموذج احتساب رصيد الاجازات
B3: رقم الموظف | C3: 10026 | E3: مدة العمل | F3: =YEARFRAC(TODAY(),C6,1) -> 2.5675182
B4: الاسم | C4: =VLOOKUP(C3,score,2,FALSE) -> حليمه محمد محمد طميحي | E4: الرصيد المستحق منذ تاريخ التعيين | F4: =IF(F3<=5,F3*21,(((F3-5)*30)+(5*21))) -> 53.917883
B5: المسمى الوظيفي | C5: =VLOOKUP(C3,score,13,FALSE) -> أخصائي خدمة عملاء | E5: الرصيد السنوي المستحق | F5: =IF(F3<=5,21,30) -> 21
B6: تاريخ التعيين | C6: =VLOOKUP(C3,score,14,FALSE) -> 45083 | E6: الرصيد المتبقي حتى اليوم | F6: =F4-E37 -> 21.917883
B8: احتساب رصيد الموظف لتارخ معين
B9: تاريخ بداية الاجازة | C9: 45657 | D9: =YEARFRAC(C9,C6,1) -> 1.5704514 | E9: الرصيد حتى تاريخه | F9: =(IF(D9<=5,D9*21,(((D9-5)*30)+(5*21))))-E37 -> 0.97948016
B10: الاجازات السنوية
B11: # | C11: تاريخ بداية الاجازة | D11: تاريخ نهاية الاجازة | E11: المدة | F11: هل تم صرف تذاكر السفر له
B12: 1 | C12: 45566 | D12: 45598 | E12: =D12-C12 -> 32
B13: 2 | E13: =D13-C13 -> 0
B14: 3 | E14: =D14-C14 -> 0
B15: 4 | E15: =D15-C15 -> 0
B16: 5 | E16: =D16-C16 -> 0
B17: 6 | E17: =D17-C17 -> 0
B18: 7 | E18: =D18-C18 -> 0
B19: 8 | E19: =D19-C19 -> 0
B20: 9 | E20: =D20-C20 -> 0
B21: 10 | E21: =D21-C21 -> 0
B22: 11 | E22: =D22-C22 -> 0
B23: 12 | E23: =D23-C23 -> 0
B24: 13 | E24: =D24-C24 -> 0
... B36: 25 | E36: =D36-C36 -> 0
B37: المجموع | E37: =SUM(E12:E36) -> 32
B39: الاجازات الأخرى
B41: # | C41: تاريخ بداية الاجازة | D41: تاريخ نهاية الاجازة | E41: المدة | F41: نوع الاجازة
B42: 1 | E42: =D42-C42 -> 0
B43: 2 | E43: =D43-C43 -> 0
B44: 3 | E44: =D44-C44 -> 0
B45: 4 | E45: =D45-C45 -> 0
B46: 5 | E46: =D46-C46 -> 0
B47: 6 | E47: =D47-C47 -> 0
B48: 7 | E48: =D48-C48 -> 0
B49: 8 | E49: =D49-C49 -> 0

Sheet 10027
B1: #VALUE!
B2: نموذج احتساب رصيد الاجازات
B3: رقم الموظف | C3: 10027 | E3: مدة العمل | F3: =YEARFRAC(TODAY(),C6,1) -> 2.5593066
B4: الاسم | C4: =VLOOKUP(C3,score,2,FALSE) -> رغد علي بن غياض العنزي | E4: الرصيد المستحق منذ تاريخ التعيين | F4: =IF(F3<=5,F3*21,(((F3-5)*30)+(5*21))) -> 53.745438
B5: المسمى الوظيفي | C5: =VLOOKUP(C3,score,13,FALSE) -> أخصائي خدمة عملاء | E5: الرصيد السنوي المستحق | F5: =IF(F3<=5,21,30) -> 21
B6: تاريخ التعيين | C6: =VLOOKUP(C3,score,14,FALSE) -> 45086 | E6: الرصيد المتبقي حتى اليوم | F6: =F4-E37 -> 21.745438
B8: احتساب رصيد الموظف لتارخ معين
B9: تاريخ بداية الاجازة | C9: 45657 | D9: =YEARFRAC(C9,C6,1) -> 1.5622435 | E9: الرصيد حتى تاريخه | F9: =(IF(D9<=5,D9*21,(((D9-5)*30)+(5*21))))-E37 -> 0.80711354
B10: الاجازات السنوية
B11: # | C11: تاريخ بداية الاجازة | D11: تاريخ نهاية الاجازة | E11: المدة | F11: هل تم صرف تذاكر السفر له
B12: 1 | C12: 45567 | D12: 45599 | E12: =D12-C12 -> 32
B13: 2 | E13: =D13-C13 -> 0
B14: 3 | E14: =D14-C14 -> 0
B15: 4 | E15: =D15-C15 -> 0
B16: 5 | E16: =D16-C16 -> 0
B17: 6 | E17: =D17-C17 -> 0
B18: 7 | E18: =D18-C18 -> 0
B19: 8 | E19: =D19-C19 -> 0
B20: 9 | E20: =D20-C20 -> 0
B21: 10 | E21: =D21-C21 -> 0
B22: 11 | E22: =D22-C22 -> 0
B23: 12 | E23: =D23-C23 -> 0
B24: 13 | E24: =D24-C24 -> 0
... B36: 25 | E36: =D36-C36 -> 0
B37: المجموع | E37: =SUM(E12:E36) -> 32
B39: الاجازات الأخرى
B41: # | C41: تاريخ بداية الاجازة | D41: تاريخ نهاية الاجازة | E41: المدة | F41: نوع الاجازة
B42: 1 | E42: =D42-C42 -> 0
B43: 2 | E43: =D43-C43 -> 0
B44: 3 | E44: =D44-C44 -> 0
B45: 4 | E45: =D45-C45 -> 0
B46: 5 | E46: =D46-C46 -> 0
B47: 6 | E47: =D47-C47 -> 0
B48: 7 | E48: =D48-C48 -> 0
B49: 8 | E49: =D49-C49 -> 0

Sheet 10028
B1: #VALUE!
B2: نموذج احتساب رصيد الاجازات
B3: رقم الموظف | C3: 10028 | E3: مدة العمل | F3: =YEARFRAC(TODAY(),C6,1) -> 2.4990876
B4: الاسم | C4: =VLOOKUP(C3,score,2,FALSE) -> رشيد محمد عبدالله قائد الشميري | E4: الرصيد المستحق منذ تاريخ التعيين | F4: =IF(F3<=5,F3*21,(((F3-5)*30)+(5*21))) -> 52.480839
B5: المسمى الوظيفي | C5: =VLOOKUP(C3,score,13,FALSE) -> عامل عادي | E5: الرصيد السنوي المستحق | F5: =IF(F3<=5,21,30) -> 21
B6: تاريخ التعيين | C6: =VLOOKUP(C3,score,14,FALSE) -> 45108 | E6: الرصيد المتبقي حتى اليوم | F6: =F4-E37 -> 21.480839
B8: احتساب رصيد الموظف لتارخ معين
B9: تاريخ بداية الاجازة | C9: 45657 | D9: =YEARFRAC(C9,C6,1) -> 1.502052 | E9: الرصيد حتى تاريخه | F9: =(IF(D9<=5,D9*21,(((D9-5)*30)+(5*21))))-E37 -> 0.54309166
B10: الاجازات السنوية
B11: # | C11: تاريخ بداية الاجازة | D11: تاريخ نهاية الاجازة | E11: المدة | F11: هل تم صرف تذاكر السفر له
B12: 1 | C12: 45505 | D12: 45536 | E12: =D12-C12 -> 31 | F12: نعم
B13: 2 | E13: =D13-C13 -> 0
B14: 3 | E14: =D14-C14 -> 0
B15: 4 | E15: =D15-C15 -> 0
B16: 5 | E16: =D16-C16 -> 0
B17: 6 | E17: =D17-C17 -> 0
B18: 7 | E18: =D18-C18 -> 0
B19: 8 | E19: =D19-C19 -> 0
B20: 9 | E20: =D20-C20 -> 0
B21: 10 | E21: =D21-C21 -> 0
B22: 11 | E22: =D22-C22 -> 0
B23: 12 | E23: =D23-C23 -> 0
B24: 13 | E24: =D24-C24 -> 0
... B36: 25 | E36: =D36-C36 -> 0
B37: المجموع | E37: =SUM(E12:E36) -> 31
B39: الاجازات الأخرى
B41: # | C41: تاريخ بداية الاجازة | D41: تاريخ نهاية الاجازة | E41: المدة | F41: نوع الاجازة
B42: 1 | E42: =D42-C42 -> 0
B43: 2 | E43: =D43-C43 -> 0
B44: 3 | E44: =D44-C44 -> 0
B45: 4 | E45: =D45-C45 -> 0
B46: 5 | E46: =D46-C46 -> 0
B47: 6 | E47: =D47-C47 -> 0
B48: 7 | E48: =D48-C48 -> 0
B49: 8 | E49: =D49-C49 -> 0

Sheet 10029
B1: #VALUE!
B2: نموذج احتساب رصيد الاجازات
B3: رقم الموظف | C3: 10029 | E3: مدة العمل | F3: =YEARFRAC(TODAY(),C6,1) -> 2.4854015
B4: الاسم | C4: =VLOOKUP(C3,score,2,FALSE) -> سامي ابراهيم محمد عبده الشلح | E4: الرصيد المستحق منذ تاريخ التعيين | F4: =IF(F3<=5,F3*21,(((F3-5)*30)+(5*21))) -> 52.193431
B5: المسمى الوظيفي | C5: =VLOOKUP(C3,score,13,FALSE) -> سائق شاحنة صغيرة | E5: الرصيد السنوي المستحق | F5: =IF(F3<=5,21,30) -> 21
B6: تاريخ التعيين | C6: =VLOOKUP(C3,score,14,FALSE) -> 45113 | E6: الرصيد المتبقي حتى اليوم | F6: =F4-E37 -> 21.193431
B8: احتساب رصيد الموظف لتارخ معين
B9: تاريخ بداية الاجازة | C9: 45657 | D9: =YEARFRAC(C9,C6,1) -> 1.4883721 | E9: الرصيد حتى تاريخه | F9: =(IF(D9<=5,D9*21,(((D9-5)*30)+(5*21))))-E37 -> 0.25581395
B10: الاجازات السنوية
B11: # | C11: تاريخ بداية الاجازة | D11: تاريخ نهاية الاجازة | E11: المدة | F11: هل تم صرف تذاكر السفر له
B12: 1 | C12: 45597 | D12: 45628 | E12: =D12-C12 -> 31 | F12: نعم
B13: 2 | E13: =D13-C13 -> 0
B14: 3 | E14: =D14-C14 -> 0
B15: 4 | E15: =D15-C15 -> 0
B16: 5 | E16: =D16-C16 -> 0
B17: 6 | E17: =D17-C17 -> 0
B18: 7 | E18: =D18-C18 -> 0
B19: 8 | E19: =D19-C19 -> 0
B20: 9 | E20: =D20-C20 -> 0
B21: 10 | E21: =D21-C21 -> 0
B22: 11 | E22: =D22-C22 -> 0
B23: 12 | E23: =D23-C23 -> 0
B24: 13 | E24: =D24-C24 -> 0
... B36: 25 | E36: =D36-C36 -> 0
B37: المجموع | E37: =SUM(E12:E36) -> 31
B39: الاجازات الأخرى
B41: # | C41: تاريخ بداية الاجازة | D41: تاريخ نهاية الاجازة | E41: المدة | F41: نوع الاجازة
B42: 1 | E42: =D42-C42 -> 0
B43: 2 | E43: =D43-C43 -> 0
B44: 3 | E44: =D44-C44 -> 0
B45: 4 | E45: =D45-C45 -> 0
B46: 5 | E46: =D46-C46 -> 0
B47: 6 | E47: =D47-C47 -> 0
B48: 7 | E48: =D48-C48 -> 0
B49: 8 | E49: =D49-C49 -> 0

Sheet 10030
B1: #VALUE!
B2: نموذج احتساب رصيد الاجازات
B3: رقم الموظف | C3: 10030 | E3: مدة العمل | F3: =YEARFRAC(TODAY(),C6,1) -> 2.3293796
B4: الاسم | C4: =VLOOKUP(C3,score,2,FALSE) -> SAROJIT BISWAS BISWAS | E4: الرصيد المستحق منذ تاريخ التعيين | F4: =IF(F3<=5,F3*21,(((F3-5)*30)+(5*21))) -> 48.916971
B5: المسمى الوظيفي | C5: =VLOOKUP(C3,score,13,FALSE) -> عامل مطبخ | E5: الرصيد السنوي المستحق | F5: =IF(F3<=5,21,30) -> 21
B6: تاريخ التعيين | C6: =VLOOKUP(C3,score,14,FALSE) -> 45170 | E6: الرصيد المتبقي حتى اليوم | F6: =F4-E37 -> 21.916971
B8: احتساب رصيد الموظف لتارخ معين
B9: تاريخ بداية الاجازة | C9: 45657 | D9: =YEARFRAC(C9,C6,1) -> 1.3324213 | E9: الرصيد حتى تاريخه | F9: =(IF(D9<=5,D9*21,(((D9-5)*30)+(5*21))))-E37 -> 0.98084815
B10: الاجازات السنوية
B11: # | C11: تاريخ بداية الاجازة | D11: تاريخ نهاية الاجازة | E11: المدة | F11: هل تم صرف تذاكر السفر له
B12: 1 | C12: 45627 | D12: 45654 | E12: =D12-C12 -> 27 | F12: نعم
B13: 2 | E13: =D13-C13 -> 0
B14: 3 | E14: =D14-C14 -> 0
B15: 4 | E15: =D15-C15 -> 0
B16: 5 | E16: =D16-C16 -> 0
B17: 6 | E17: =D17-C17 -> 0
B18: 7 | E18: =D18-C18 -> 0
B19: 8 | E19: =D19-C19 -> 0
B20: 9 | E20: =D20-C20 -> 0
B21: 10 | E21: =D21-C21 -> 0
B22: 11 | E22: =D22-C22 -> 0
B23: 12 | E23: =D23-C23 -> 0
B24: 13 | E24: =D24-C24 -> 0
... B36: 25 | E36: =D36-C36 -> 0
B37: المجموع | E37: =SUM(E12:E36) -> 27
B39: الاجازات الأخرى
B41: # | C41: تاريخ بداية الاجازة | D41: تاريخ نهاية الاجازة | E41: المدة | F41: نوع الاجازة
B42: 1 | E42: =D42-C42 -> 0
B43: 2 | E43: =D43-C43 -> 0
B44: 3 | E44: =D44-C44 -> 0
B45: 4 | E45: =D45-C45 -> 0
B46: 5 | E46: =D46-C46 -> 0
B47: 6 | E47: =D47-C47 -> 0
B48: 7 | E48: =D48-C48 -> 0
B49: 8 | E49: =D49-C49 -> 0

Sheet 10031
B1: #VALUE!
B2: نموذج احتساب رصيد الاجازات
B3: رقم الموظف | C3: 10031 | E3: مدة العمل | F3: =YEARFRAC(TODAY(),C6,1) -> 2.2855839
B4: الاسم | C4: =VLOOKUP(C3,score,2,FALSE) -> شروق جهاد بن مقاط العنزي | E4: الرصيد المستحق منذ تاريخ التعيين | F4: =IF(F3<=5,F3*21,(((F3-5)*30)+(5*21))) -> 47.997263
B5: المسمى الوظيفي | C5: =VLOOKUP(C3,score,13,FALSE) -> أخصائي خدمة عملاء | E5: الرصيد السنوي المستحق | F5: =IF(F3<=5,21,30) -> 21
B6: تاريخ التعيين | C6: =VLOOKUP(C3,score,14,FALSE) -> 45186 | E6: الرصيد المتبقي حتى اليوم | F6: =F4-E37 -> 20.997263
B8: احتساب رصيد الموظف لتارخ معين
B9: تاريخ بداية الاجازة | C9: 45657 | D9: =YEARFRAC(C9,C6,1) -> 1.2886457 | E9: الرصيد حتى تاريخه | F9: =(IF(D9<=5,D9*21,(((D9-5)*30)+(5*21))))-E37 -> 0.061559508
B10: الاجازات السنوية
B11: # | C11: تاريخ بداية الاجازة | D11: تاريخ نهاية الاجازة | E11: المدة | F11: هل تم صرف تذاكر السفر له
B12: 1 | C12: 45444 | D12: 45458 | E12: =D12-C12 -> 14
B13: 2 | C13: 45627 | D13: 45640 | E13: =D13-C13 -> 13
B14: 3 | E14: =D14-C14 -> 0
B15: 4 | E15: =D15-C15 -> 0
B16: 5 | E16: =D16-C16 -> 0
B17: 6 | E17: =D17-C17 -> 0
B18: 7 | E18: =D18-C18 -> 0
B19: 8 | E19: =D19-C19 -> 0
B20: 9 | E20: =D20-C20 -> 0
B21: 10 | E21: =D21-C21 -> 0
B22: 11 | E22: =D22-C22 -> 0
B23: 12 | E23: =D23-C23 -> 0
B24: 13 | E24: =D24-C24 -> 0
B25: 14 | E25: =D25-C25 -> 0
... B36: 25 | E36: =D36-C36 -> 0
B37: المجموع | E37: =SUM(E12:E36) -> 27
B39: الاجازات الأخرى
B41: # | C41: تاريخ بداية الاجازة | D41: تاريخ نهاية الاجازة | E41: المدة | F41: نوع الاجازة
B42: 1 | E42: =D42-C42 -> 0
B43: 2 | E43: =D43-C43 -> 0
B44: 3 | E44: =D44-C44 -> 0
B45: 4 | E45: =D45-C45 -> 0
B46: 5 | E46: =D46-C46 -> 0
B47: 6 | E47: =D47-C47 -> 0
B48: 7 | E48: =D48-C48 -> 0
B49: 8 | E49: =D49-C49 -> 0

Sheet 10032
B1: #VALUE!
B2: نموذج احتساب رصيد الاجازات
B3: رقم الموظف | C3: 10032 | E3: مدة العمل | F3: =YEARFRAC(TODAY(),C6,1) -> 2.2527372
B4: الاسم | C4: =VLOOKUP(C3,score,2,FALSE) -> نوره محمد عبدالرحمن القعيد | E4: الرصيد المستحق منذ تاريخ التعيين | F4: =IF(F3<=5,F3*21,(((F3-5)*30)+(5*21))) -> 47.307482
B5: المسمى الوظيفي | C5: =VLOOKUP(C3,score,13,FALSE) -> أخصائي خدمة عملاء | E5: الرصيد السنوي المستحق | F5: =IF(F3<=5,21,30) -> 21
B6: تاريخ التعيين | C6: =VLOOKUP(C3,score,14,FALSE) -> 45198 | E6: الرصيد المتبقي حتى اليوم | F6: =F4-E37 -> 21.307482
B8: احتساب رصيد الموظف لتارخ معين
B9: تاريخ بداية الاجازة | C9: 45657 | D9: =YEARFRAC(C9,C6,1) -> 1.255814 | E9: الرصيد حتى تاريخه | F9: =(IF(D9<=5,D9*21,(((D9-5)*30)+(5*21))))-E37 -> 0.37209302
B10: الاجازات السنوية
B11: # | C11: تاريخ بداية الاجازة | D11: تاريخ نهاية الاجازة | E11: المدة | F11: هل تم صرف تذاكر السفر له
B12: 1 | C12: 45505 | D12: 45531 | E12: =D12-C12 -> 26
B13: 2 | E13: =D13-C13 -> 0
B14: 3 | E14: =D14-C14 -> 0
B15: 4 | E15: =D15-C15 -> 0
B16: 5 | E16: =D16-C16 -> 0
B17: 6 | E17: =D17-C17 -> 0
B18: 7 | E18: =D18-C18 -> 0
B19: 8 | E19: =D19-C19 -> 0
B20: 9 | E20: =D20-C20 -> 0
B21: 10 | E21: =D21-C21 -> 0
B22: 11 | E22: =D22-C22 -> 0
B23: 12 | E23: =D23-C23 -> 0
B24: 13 | E24: =D24-C24 -> 0
... B36: 25 | E36: =D36-C36 -> 0
B37: المجموع | E37: =SUM(E12:E36) -> 26
B39: الاجازات الأخرى
B41: # | C41: تاريخ بداية الاجازة | D41: تاريخ نهاية الاجازة | E41: المدة | F41: نوع الاجازة
B42: 1 | E42: =D42-C42 -> 0
B43: 2 | E43: =D43-C43 -> 0
B44: 3 | E44: =D44-C44 -> 0
B45: 4 | E45: =D45-C45 -> 0
B46: 5 | E46: =D46-C46 -> 0
B47: 6 | E47: =D47-C47 -> 0
B48: 7 | E48: =D48-C48 -> 0
B49: 8 | E49: =D49-C49 -> 0

Sheet 10033
B1: #VALUE!
B2: نموذج احتساب رصيد الاجازات
B3: رقم الموظف | C3: 10033 | E3: مدة العمل | F3: =YEARFRAC(TODAY(),C6,1) -> 2.2062044
B4: الاسم | C4: =VLOOKUP(C3,score,2,FALSE) -> MD AMRAN HOSSAIN | E4: الرصيد المستحق منذ تاريخ التعيين | F4: =IF(F3<=5,F3*21,(((F3-5)*30)+(5*21))) -> 46.330292
B5: المسمى الوظيفي | C5: =VLOOKUP(C3,score,13,FALSE) -> عامل تحميل وتنزيل | E5: الرصيد السنوي المستحق | F5: =IF(F3<=5,21,30) -> 21
B6: تاريخ التعيين | C6: =VLOOKUP(C3,score,14,FALSE) -> 45215 | E6: الرصيد المتبقي حتى اليوم | F6: =F4-E37 -> 21.330292
B8: احتساب رصيد الموظف لتارخ معين
B9: تاريخ بداية الاجازة | C9: 45657 | D9: =YEARFRAC(C9,C6,1) -> 1.2093023 | E9: الرصيد حتى تاريخه | F9: =(IF(D9<=5,D9*21,(((D9-5)*30)+(5*21))))-E37 -> 0.39534884
B10: الاجازات السنوية
B11: # | C11: تاريخ بداية الاجازة | D11: تاريخ نهاية الاجازة | E11: المدة | F11: هل تم صرف تذاكر السفر له
B12: 1 | C12: 45627 | D12: 45652 | E12: =D12-C12 -> 25 | F12: نعم
B13: 2 | E13: =D13-C13 -> 0
B14: 3 | E14: =D14-C14 -> 0
B15: 4 | E15: =D15-C15 -> 0
B16: 5 | E16: =D16-C16 -> 0
B17: 6 | E17: =D17-C17 -> 0
B18: 7 | E18: =D18-C18 -> 0
B19: 8 | E19: =D19-C19 -> 0
B20: 9 | E20: =D20-C20 -> 0
B21: 10 | E21: =D21-C21 -> 0
B22: 11 | E22: =D22-C22 -> 0
B23: 12 | E23: =D23-C23 -> 0
B24: 13 | E24: =D24-C24 -> 0
... B36: 25 | E36: =D36-C36 -> 0
B37: المجموع | E37: =SUM(E12:E36) -> 25
B39: الاجازات الأخرى
B41: # | C41: تاريخ بداية الاجازة | D41: تاريخ نهاية الاجازة | E41: المدة | F41: نوع الاجازة
B42: 1 | E42: =D42-C42 -> 0
B43: 2 | E43: =D43-C43 -> 0
B44: 3 | E44: =D44-C44 -> 0
B45: 4 | E45: =D45-C45 -> 0
B46: 5 | E46: =D46-C46 -> 0
B47: 6 | E47: =D47-C47 -> 0
B48: 7 | E48: =D48-C48 -> 0
B49: 8 | E49: =D49-C49 -> 0

Sheet 10034
B1: #VALUE!
B2: نموذج احتساب رصيد الاجازات
B3: رقم الموظف | C3: 10034 | E3: مدة العمل | F3: =YEARFRAC(TODAY(),C6,1) -> 2.1104015
B4: الاسم | C4: =VLOOKUP(C3,score,2,FALSE) -> MAHAMUDUL HASAN | E4: الرصيد المستحق منذ تاريخ التعيين | F4: =IF(F3<=5,F3*21,(((F3-5)*30)+(5*21))) -> 44.318431
B5: المسمى الوظيفي | C5: =VLOOKUP(C3,score,13,FALSE) -> عامل تحميل وتنزيل | E5: الرصيد السنوي المستحق | F5: =IF(F3<=5,21,30) -> 21
B6: تاريخ التعيين | C6: =VLOOKUP(C3,score,14,FALSE) -> 45250 | E6: الرصيد المتبقي حتى اليوم | F6: =F4-E37 -> 21.318431
B8: احتساب رصيد الموظف لتارخ معين
B9: تاريخ بداية الاجازة | C9: 45657 | D9: =YEARFRAC(C9,C6,1) -> 1.1135431 | E9: الرصيد حتى تاريخه | F9: =(IF(D9<=5,D9*21,(((D9-5)*30)+(5*21))))-E37 -> 0.38440492
B10: الاجازات السنوية
B11: # | C11: تاريخ بداية الاجازة | D11: تاريخ نهاية الاجازة | E11: المدة | F11: هل تم صرف تذاكر السفر له
B12: 1 | C12: 45597 | D12: 45620 | E12: =D12-C12 -> 23 | F12: نعم
B13: 2 | E13: =D13-C13 -> 0
B14: 3 | E14: =D14-C14 -> 0
B15: 4 | E15: =D15-C15 -> 0
B16: 5 | E16: =D16-C16 -> 0
B17: 6 | E17: =D17-C17 -> 0
B18: 7 | E18: =D18-C18 -> 0
B19: 8 | E19: =D19-C19 -> 0
B20: 9 | E20: =D20-C20 -> 0
B21: 10 | E21: =D21-C21 -> 0
B22: 11 | E22: =D22-C22 -> 0
B23: 12 | E23: =D23-C23 -> 0
B24: 13 | E24: =D24-C24 -> 0
... B36: 25 | E36: =D36-C36 -> 0
B37: المجموع | E37: =SUM(E12:E36) -> 23
B39: الاجازات الأخرى
B41: # | C41: تاريخ بداية الاجازة | D41: تاريخ نهاية الاجازة | E41: المدة | F41: نوع الاجازة
B42: 1 | E42: =D42-C42 -> 0
B43: 2 | E43: =D43-C43 -> 0
B44: 3 | E44: =D44-C44 -> 0
B45: 4 | E45: =D45-C45 -> 0
B46: 5 | E46: =D46-C46 -> 0
B47: 6 | E47: =D47-C47 -> 0
B48: 7 | E48: =D48-C48 -> 0
B49: 8 | E49: =D49-C49 -> 0

Sheet 10035
B1: #VALUE!
B2: نموذج احتساب رصيد الاجازات
B3: رقم الموظف | C3: 10035 | E3: مدة العمل | F3: =YEARFRAC(TODAY(),C6,1) -> 2.0748175
B4: الاسم | C4: =VLOOKUP(C3,score,2,FALSE) -> MANOJ SINGH BIHARI | E4: الرصيد المستحق منذ تاريخ التعيين | F4: =IF(F3<=5,F3*21,(((F3-5)*30)+(5*21))) -> 43.571168
B5: المسمى الوظيفي | C5: =VLOOKUP(C3,score,13,FALSE) -> عامل مطبخ | E5: الرصيد السنوي المستحق | F5: =IF(F3<=5,21,30) -> 21
B6: تاريخ التعيين | C6: =VLOOKUP(C3,score,14,FALSE) -> 45263 | E6: الرصيد المتبقي حتى اليوم | F6: =F4-E37 -> 21.571168
B8: احتساب رصيد الموظف لتارخ معين
B9: تاريخ بداية الاجازة | C9: 45657 | D9: =YEARFRAC(C9,C6,1) -> 1.0779754 | E9: الرصيد حتى تاريخه | F9: =(IF(D9<=5,D9*21,(((D9-5)*30)+(5*21))))-E37 -> 0.6374829
B10: الاجازات السنوية
B11: # | C11: تاريخ بداية الاجازة | D11: تاريخ نهاية الاجازة | E11: المدة | F11: هل تم صرف تذاكر السفر له
B12: 1 | C12: 45536 | D12: 45558 | E12: =D12-C12 -> 22 | F12: نعم
B13: 2 | E13: =D13-C13 -> 0
B14: 3 | E14: =D14-C14 -> 0
B15: 4 | E15: =D15-C15 -> 0
B16: 5 | E16: =D16-C16 -> 0
B17: 6 | E17: =D17-C17 -> 0
B18: 7 | E18: =D18-C18 -> 0
B19: 8 | E19: =D19-C19 -> 0
B20: 9 | E20: =D20-C20 -> 0
B21: 10 | E21: =D21-C21 -> 0
B22: 11 | E22: =D22-C22 -> 0
B23: 12 | E23: =D23-C23 -> 0
B24: 13 | E24: =D24-C24 -> 0
... B36: 25 | E36: =D36-C36 -> 0
B37: المجموع | E37: =SUM(E12:E36) -> 22
B39: الاجازات الأخرى
B41: # | C41: تاريخ بداية الاجازة | D41: تاريخ نهاية الاجازة | E41: المدة | F41: نوع الاجازة
B42: 1 | E42: =D42-C42 -> 0
B43: 2 | E43: =D43-C43 -> 0
B44: 3 | E44: =D44-C44 -> 0
B45: 4 | E45: =D45-C45 -> 0
B46: 5 | E46: =D46-C46 -> 0
B47: 6 | E47: =D47-C47 -> 0
B48: 7 | E48: =D48-C48 -> 0
B49: 8 | E49: =D49-C49 -> 0

Sheet 10036
B1: #VALUE!
B2: نموذج احتساب رصيد الاجازات
B3: رقم الموظف | C3: 10036 | E3: مدة العمل | F3: =YEARFRAC(TODAY(),C6,1) -> 2.0748175
B4: الاسم | C4: =VLOOKUP(C3,score,2,FALSE) -> RUPESH VILAS GAIKWAD | E4: الرصيد المستحق منذ تاريخ التعيين | F4: =IF(F3<=5,F3*21,(((F3-5)*30)+(5*21))) -> 43.571168
B5: المسمى الوظيفي | C5: =VLOOKUP(C3,score,13,FALSE) -> عامل مطبخ | E5: الرصيد السنوي المستحق | F5: =IF(F3<=5,21,30) -> 21
B6: تاريخ التعيين | C6: =VLOOKUP(C3,score,14,FALSE) -> 45263 | E6: الرصيد المتبقي حتى اليوم | F6: =F4-E37 -> 21.571168
B8: احتساب رصيد الموظف لتارخ معين
B9: تاريخ بداية الاجازة | C9: 45657 | D9: =YEARFRAC(C9,C6,1) -> 1.0779754 | E9: الرصيد حتى تاريخه | F9: =(IF(D9<=5,D9*21,(((D9-5)*30)+(5*21))))-E37 -> 0.6374829
B10: الاجازات السنوية
B11: # | C11: تاريخ بداية الاجازة | D11: تاريخ نهاية الاجازة | E11: المدة | F11: هل تم صرف تذاكر السفر له
B12: 1 | C12: 45505 | D12: 45527 | E12: =D12-C12 -> 22 | F12: نعم
B13: 2 | E13: =D13-C13 -> 0
B14: 3 | E14: =D14-C14 -> 0
B15: 4 | E15: =D15-C15 -> 0
B16: 5 | E16: =D16-C16 -> 0
B17: 6 | E17: =D17-C17 -> 0
B18: 7 | E18: =D18-C18 -> 0
B19: 8 | E19: =D19-C19 -> 0
B20: 9 | E20: =D20-C20 -> 0
B21: 10 | E21: =D21-C21 -> 0
B22: 11 | E22: =D22-C22 -> 0
B23: 12 | E23: =D23-C23 -> 0
B24: 13 | E24: =D24-C24 -> 0
... B36: 25 | E36: =D36-C36 -> 0
B37: المجموع | E37: =SUM(E12:E36) -> 22
B39: الاجازات الأخرى
B41: # | C41: تاريخ بداية الاجازة | D41: تاريخ نهاية الاجازة | E41: المدة | F41: نوع الاجازة
B42: 1 | E42: =D42-C42 -> 0
B43: 2 | E43: =D43-C43 -> 0
B44: 3 | E44: =D44-C44 -> 0
B45: 4 | E45: =D45-C45 -> 0
B46: 5 | E46: =D46-C46 -> 0
B47: 6 | E47: =D47-C47 -> 0
B48: 7 | E48: =D48-C48 -> 0
B49: 8 | E49: =D49-C49 -> 0

Sheet 10037
B1: #VALUE!
B2: نموذج احتساب رصيد الاجازات
B3: رقم الموظف | C3: 10037 | E3: مدة العمل | F3: =YEARFRAC(TODAY(),C6,1) -> 2.0748175
B4: الاسم | C4: =VLOOKUP(C3,score,2,FALSE) -> SATEESH PAL DURGA PRASAD | E4: الرصيد المستحق منذ تاريخ التعيين | F4: =IF(F3<=5,F3*21,(((F3-5)*30)+(5*21))) -> 43.571168
B5: المسمى الوظيفي | C5: =VLOOKUP(C3,score,13,FALSE) -> عامل مطبخ | E5: الرصيد السنوي المستحق | F5: =IF(F3<=5,21,30) -> 21
B6: تاريخ التعيين | C6: =VLOOKUP(C3,score,14,FALSE) -> 45263 | E6: الرصيد المتبقي حتى اليوم | F6: =F4-E37 -> 21.571168
B8: احتساب رصيد الموظف لتارخ معين
B9: تاريخ بداية الاجازة | C9: 45657 | D9: =YEARFRAC(C9,C6,1) -> 1.0779754 | E9: الرصيد حتى تاريخه | F9: =(IF(D9<=5,D9*21,(((D9-5)*30)+(5*21))))-E37 -> 0.6374829
B10: الاجازات السنوية
B11: # | C11: تاريخ بداية الاجازة | D11: تاريخ نهاية الاجازة | E11: المدة | F11: هل تم صرف تذاكر السفر له
B12: 1 | C12: 45474 | D12: 45496 | E12: =D12-C12 -> 22
B13: 2 | E13: =D13-C13 -> 0
B14: 3 | E14: =D14-C14 -> 0
B15: 4 | E15: =D15-C15 -> 0
B16: 5 | E16: =D16-C16 -> 0
B17: 6 | E17: =D17-C17 -> 0
B18: 7 | E18: =D18-C18 -> 0
B19: 8 | E19: =D19-C19 -> 0
B20: 9 | E20: =D20-C20 -> 0
B21: 10 | E21: =D21-C21 -> 0
B22: 11 | E22: =D22-C22 -> 0
B23: 12 | E23: =D23-C23 -> 0
B24: 13 | E24: =D24-C24 -> 0
... B36: 25 | E36: =D36-C36 -> 0
B37: المجموع | E37: =SUM(E12:E36) -> 22
B39: الاجازات الأخرى
B41: # | C41: تاريخ بداية الاجازة | D41: تاريخ نهاية الاجازة | E41: المدة | F41: نوع الاجازة
B42: 1 | E42: =D42-C42 -> 0
B43: 2 | E43: =D43-C43 -> 0
B44: 3 | E44: =D44-C44 -> 0
B45: 4 | E45: =D45-C45 -> 0
B46: 5 | E46: =D46-C46 -> 0
B47: 6 | E47: =D47-C47 -> 0
B48: 7 | E48: =D48-C48 -> 0
B49: 8 | E49: =D49-C49 -> 0

Sheet 10038
B1: #VALUE!
B2: نموذج احتساب رصيد الاجازات
B3: رقم الموظف | C3: 10038 | E3: مدة العمل | F3: =YEARFRAC(TODAY(),C6,1) -> 2.0556569
B4: الاسم | C4: =VLOOKUP(C3,score,2,FALSE) -> أحمد محمد عبده قايد العربي | E4: الرصيد المستحق منذ تاريخ التعيين | F4: =IF(F3<=5,F3*21,(((F3-5)*30)+(5*21))) -> 43.168796
B5: المسمى الوظيفي | C5: =VLOOKUP(C3,score,13,FALSE) -> عامل مطبخ | E5: الرصيد السنوي المستحق | F5: =IF(F3<=5,21,30) -> 21
B6: تاريخ التعيين | C6: =VLOOKUP(C3,score,14,FALSE) -> 45270 | E6: الرصيد المتبقي حتى اليوم | F6: =F4-E37 -> 21.168796
B8: احتساب رصيد الموظف لتارخ معين
B9: تاريخ بداية الاجازة | C9: 45657 | D9: =YEARFRAC(C9,C6,1) -> 1.0588235 | E9: الرصيد حتى تاريخه | F9: =(IF(D9<=5,D9*21,(((D9-5)*30)+(5*21))))-E37 -> 0.23529412
B10: الاجازات السنوية
B11: # | C11: تاريخ بداية الاجازة | D11: تاريخ نهاية الاجازة | E11: المدة | F11: هل تم صرف تذاكر السفر له
B12: 1 | C12: 45627 | D12: 45649 | E12: =D12-C12 -> 22 | F12: نعم
B13: 2 | E13: =D13-C13 -> 0
B14: 3 | E14: =D14-C14 -> 0
B15: 4 | E15: =D15-C15 -> 0
B16: 5 | E16: =D16-C16 -> 0
B17: 6 | E17: =D17-C17 -> 0
B18: 7 | E18: =D18-C18 -> 0
B19: 8 | E19: =D19-C19 -> 0
B20: 9 | E20: =D20-C20 -> 0
B21: 10 | E21: =D21-C21 -> 0
B22: 11 | E22: =D22-C22 -> 0
B23: 12 | E23: =D23-C23 -> 0
B24: 13 | E24: =D24-C24 -> 0
... B36: 25 | E36: =D36-C36 -> 0
B37: المجموع | E37: =SUM(E12:E36) -> 22
B39: الاجازات الأخرى
B41: # | C41: تاريخ بداية الاجازة | D41: تاريخ نهاية الاجازة | E41: المدة | F41: نوع الاجازة
B42: 1 | E42: =D42-C42 -> 0
B43: 2 | E43: =D43-C43 -> 0
B44: 3 | E44: =D44-C44 -> 0
B45: 4 | E45: =D45-C45 -> 0
B46: 5 | E46: =D46-C46 -> 0
B47: 6 | E47: =D47-C47 -> 0
B48: 7 | E48: =D48-C48 -> 0
B49: 8 | E49: =D49-C49 -> 0

Sheet 10039
B1: #VALUE!
B2: نموذج احتساب رصيد الاجازات
B3: رقم الموظف | C3: 10039 | E3: مدة العمل | F3: =YEARFRAC(TODAY(),C6,1) -> 2.0556569
B4: الاسم | C4: =VLOOKUP(C3,score,2,FALSE) -> رياض حسين رياض محمد | E4: الرصيد المستحق منذ تاريخ التعيين | F4: =IF(F3<=5,F3*21,(((F3-5)*30)+(5*21))) -> 43.168796
B5: المسمى الوظيفي | C5: =VLOOKUP(C3,score,13,FALSE) -> محاسب | E5: الرصيد السنوي المستحق | F5: =IF(F3<=5,21,30) -> 21
B6: تاريخ التعيين | C6: =VLOOKUP(C3,score,14,FALSE) -> 45270 | E6: الرصيد المتبقي حتى اليوم | F6: =F4-E37 -> 21.168796
B8: احتساب رصيد الموظف لتارخ معين
B9: تاريخ بداية الاجازة | C9: 45657 | D9: =YEARFRAC(C9,C6,1) -> 1.0588235 | E9: الرصيد حتى تاريخه | F9: =(IF(D9<=5,D9*21,(((D9-5)*30)+(5*21))))-E37 -> 0.23529412
B10: الاجازات السنوية
B11: # | C11: تاريخ بداية الاجازة | D11: تاريخ نهاية الاجازة | E11: المدة | F11: هل تم صرف تذاكر السفر له
B12: 1 | C12: 45462 | D12: 45484 | E12: =D12-C12 -> 22 | F12: نعم
B13: 2 | E13: =D13-C13 -> 0
B14: 3 | E14: =D14-C14 -> 0
B15: 4 | E15: =D15-C15 -> 0
B16: 5 | E16: =D16-C16 -> 0
B17: 6 | E17: =D17-C17 -> 0
B18: 7 | E18: =D18-C18 -> 0
B19: 8 | E19: =D19-C19 -> 0
B20: 9 | E20: =D20-C20 -> 0
B21: 10 | E21: =D21-C21 -> 0
B22: 11 | E22: =D22-C22 -> 0
B23: 12 | E23: =D23-C23 -> 0
B24: 13 | E24: =D24-C24 -> 0
... B36: 25 | E36: =D36-C36 -> 0
B37: المجموع | E37: =SUM(E12:E36) -> 22
B39: الاجازات الأخرى
B41: # | C41: تاريخ بداية الاجازة | D41: تاريخ نهاية الاجازة | E41: المدة | F41: نوع الاجازة
B42: 1 | E42: =D42-C42 -> 0
B43: 2 | E43: =D43-C43 -> 0
B44: 3 | E44: =D44-C44 -> 0
B45: 4 | E45: =D45-C45 -> 0
B46: 5 | E46: =D46-C46 -> 0
B47: 6 | E47: =D47-C47 -> 0
B48: 7 | E48: =D48-C48 -> 0
B49: 8 | E49: =D49-C49 -> 0

Sheet 10040
B1: #VALUE!
B2: نموذج احتساب رصيد الاجازات
B3: رقم الموظف | C3: 10040 | E3: مدة العمل | F3: =YEARFRAC(TODAY(),C6,1) -> 2.0529197
B4: الاسم | C4: =VLOOKUP(C3,score,2,FALSE) -> ALAM ANSARI MD MOMIN | E4: الرصيد المستحق منذ تاريخ التعيين | F4: =IF(F3<=5,F3*21,(((F3-5)*30)+(5*21))) -> 43.111314
B5: المسمى الوظيفي | C5: =VLOOKUP(C3,score,13,FALSE) -> عامل مطبخ | E5: الرصيد السنوي المستحق | F5: =IF(F3<=5,21,30) -> 21
B6: تاريخ التعيين | C6: =VLOOKUP(C3,score,14,FALSE) -> 45271 | E6: الرصيد المتبقي حتى اليوم | F6: =F4-E37 -> 21.111314
B8: احتساب رصيد الموظف لتارخ معين
B9: تاريخ بداية الاجازة | C9: 45657 | D9: =YEARFRAC(C9,C6,1) -> 1.0560876 | E9: الرصيد حتى تاريخه | F9: =(IF(D9<=5,D9*21,(((D9-5)*30)+(5*21))))-E37 -> 0.17783858
B10: الاجازات السنوية
B11: # | C11: تاريخ بداية الاجازة | D11: تاريخ نهاية الاجازة | E11: المدة | F11: هل تم صرف تذاكر السفر له
B12: 1 | C12: 45566 | D12: 45588 | E12: =D12-C12 -> 22 | F12: نعم
B13: 2 | E13: =D13-C13 -> 0
B14: 3 | E14: =D14-C14 -> 0
B15: 4 | E15: =D15-C15 -> 0
B16: 5 | E16: =D16-C16 -> 0
B17: 6 | E17: =D17-C17 -> 0
B18: 7 | E18: =D18-C18 -> 0
B19: 8 | E19: =D19-C19 -> 0
B20: 9 | E20: =D20-C20 -> 0
B21: 10 | E21: =D21-C21 -> 0
B22: 11 | E22: =D22-C22 -> 0
B23: 12 | E23: =D23-C23 -> 0
B24: 13 | E24: =D24-C24 -> 0
... B36: 25 | E36: =D36-C36 -> 0
B37: المجموع | E37: =SUM(E12:E36) -> 22
B39: الاجازات الأخرى
B41: # | C41: تاريخ بداية الاجازة | D41: تاريخ نهاية الاجازة | E41: المدة | F41: نوع الاجازة
B42: 1 | E42: =D42-C42 -> 0
B43: 2 | E43: =D43-C43 -> 0
B44: 3 | E44: =D44-C44 -> 0
B45: 4 | E45: =D45-C45 -> 0
B46: 5 | E46: =D46-C46 -> 0
B47: 6 | E47: =D47-C47 -> 0
B48: 7 | E48: =D48-C48 -> 0
B49: 8 | E49: =D49-C49 -> 0

Sheet 10041
B1: #VALUE!
B2: نموذج احتساب رصيد الاجازات
B3: رقم الموظف | C3: 10041 | E3: مدة العمل | F3: =YEARFRAC(TODAY(),C6,1) -> 2.0529197
B4: الاسم | C4: =VLOOKUP(C3,score,2,FALSE) -> MD SOHAIL ANSARI | E4: الرصيد المستحق منذ تاريخ التعيين | F4: =IF(F3<=5,F3*21,(((F3-5)*30)+(5*21))) -> 43.111314
B5: المسمى الوظيفي | C5: =VLOOKUP(C3,score,13,FALSE) -> عامل مطبخ | E5: الرصيد السنوي المستحق | F5: =IF(F3<=5,21,30) -> 21
B6: تاريخ التعيين | C6: =VLOOKUP(C3,score,14,FALSE) -> 45271 | E6: الرصيد المتبقي حتى اليوم | F6: =F4-E37 -> 21.111314
B8: احتساب رصيد الموظف لتارخ معين
B9: تاريخ بداية الاجازة | C9: 45657 | D9: =YEARFRAC(C9,C6,1) -> 1.0560876 | E9: الرصيد حتى تاريخه | F9: =(IF(D9<=5,D9*21,(((D9-5)*30)+(5*21))))-E37 -> 0.17783858
B10: الاجازات السنوية
B11: # | C11: تاريخ بداية الاجازة | D11: تاريخ نهاية الاجازة | E11: المدة | F11: هل تم صرف تذاكر السفر له
B12: 1 | C12: 45536 | D12: 45558 | E12: =D12-C12 -> 22 | F12: نعم
B13: 2 | E13: =D13-C13 -> 0
B14: 3 | E14: =D14-C14 -> 0
B15: 4 | E15: =D15-C15 -> 0
B16: 5 | E16: =D16-C16 -> 0
B17: 6 | E17: =D17-C17 -> 0
B18: 7 | E18: =D18-C18 -> 0
B19: 8 | E19: =D19-C19 -> 0
B20: 9 | E20: =D20-C20 -> 0
B21: 10 | E21: =D21-C21 -> 0
B22: 11 | E22: =D22-C22 -> 0
B23: 12 | E23: =D23-C23 -> 0
B24: 13 | E24: =D24-C24 -> 0
... B36: 25 | E36: =D36-C36 -> 0
B37: المجموع | E37: =SUM(E12:E36) -> 22
B39: الاجازات الأخرى
B41: # | C41: تاريخ بداية الاجازة | D41: تاريخ نهاية الاجازة | E41: المدة | F41: نوع الاجازة
B42: 1 | E42: =D42-C42 -> 0
B43: 2 | E43: =D43-C43 -> 0
B44: 3 | E44: =D44-C44 -> 0
B45: 4 | E45: =D45-C45 -> 0
B46: 5 | E46: =D46-C46 -> 0
B47: 6 | E47: =D47-C47 -> 0
B48: 7 | E48: =D48-C48 -> 0
B49: 8 | E49: =D49-C49 -> 0

Sheet 10042
B1: #VALUE!
B2: نموذج احتساب رصيد الاجازات
B3: رقم الموظف | C3: 10042 | E3: مدة العمل | F3: =YEARFRAC(TODAY(),C6,1) -> 2.0282847
B4: الاسم | C4: =VLOOKUP(C3,score,2,FALSE) -> احمد سعيد عبدالرازق محمد | E4: الرصيد المستحق منذ تاريخ التعيين | F4: =IF(F3<=5,F3*21,(((F3-5)*30)+(5*21))) -> 42.593978
B5: المسمى الوظيفي | C5: =VLOOKUP(C3,score,13,FALSE) -> محاسب تكاليف | E5: الرصيد السنوي المستحق | F5: =IF(F3<=5,21,30) -> 21
B6: تاريخ التعيين | C6: =VLOOKUP(C3,score,14,FALSE) -> 45280 | E6: الرصيد المتبقي حتى اليوم | F6: =F4-E37 -> 14.593978
B8: احتساب رصيد الموظف لتارخ معين
B9: تاريخ بداية الاجازة | C9: 45657 | D9: =YEARFRAC(C9,C6,1) -> 1.0314637 | E9: الرصيد حتى تاريخه | F9: =(IF(D9<=5,D9*21,(((D9-5)*30)+(5*21))))-E37 -> -6.3392613
B10: الاجازات السنوية
B11: # | C11: تاريخ بداية الاجازة | D11: تاريخ نهاية الاجازة | E11: المدة | F11: هل تم صرف تذاكر السفر له
B12: 1 | C12: 45519 | D12: 45547 | E12: =D12-C12 -> 28 | F12: نعم
B13: 2 | E13: =D13-C13 -> 0
B14: 3 | E14: =D14-C14 -> 0
B15: 4 | E15: =D15-C15 -> 0
B16: 5 | E16: =D16-C16 -> 0
B17: 6 | E17: =D17-C17 -> 0
B18: 7 | E18: =D18-C18 -> 0
B19: 8 | E19: =D19-C19 -> 0
B20: 9 | E20: =D20-C20 -> 0
B21: 10 | E21: =D21-C21 -> 0
B22: 11 | E22: =D22-C22 -> 0
B23: 12 | E23: =D23-C23 -> 0
B24: 13 | E24: =D24-C24 -> 0
... B36: 25 | E36: =D36-C36 -> 0
B37: المجموع | E37: =SUM(E12:E36) -> 28
B39: الاجازات الأخرى
B41: # | C41: تاريخ بداية الاجازة | D41: تاريخ نهاية الاجازة | E41: المدة | F41: نوع الاجازة
B42: 1 | E42: =D42-C42 -> 0
B43: 2 | E43: =D43-C43 -> 0
B44: 3 | E44: =D44-C44 -> 0
B45: 4 | E45: =D45-C45 -> 0
B46: 5 | E46: =D46-C46 -> 0
B47: 6 | E47: =D47-C47 -> 0
B48: 7 | E48: =D48-C48 -> 0
B49: 8 | E49: =D49-C49 -> 0

Sheet 10043
B1: #VALUE!
B2: نموذج احتساب رصيد الاجازات
B3: رقم الموظف | C3: 10043 | E3: مدة العمل | F3: =YEARFRAC(TODAY(),C6,1) -> 1.9863201
B4: الاسم | C4: =VLOOKUP(C3,score,2,FALSE) -> MOHAMMED SAJID SALIM | E4: الرصيد المستحق منذ تاريخ التعيين | F4: =IF(F3<=5,F3*21,(((F3-5)*30)+(5*21))) -> 41.712722
B5: المسمى الوظيفي | C5: =VLOOKUP(C3,score,13,FALSE) -> كهربائي سيارات | E5: الرصيد السنوي المستحق | F5: =IF(F3<=5,21,30) -> 21
B6: تاريخ التعيين | C6: =VLOOKUP(C3,score,14,FALSE) -> 45295 | E6: الرصيد المتبقي حتى اليوم | F6: =F4-E37 -> 20.712722
B8: احتساب رصيد الموظف لتارخ معين
B9: تاريخ بداية الاجازة | C9: 45657 | D9: =YEARFRAC(C9,C6,1) -> 0.98907104 | E9: الرصيد حتى تاريخه | F9: =(IF(D9<=5,D9*21,(((D9-5)*30)+(5*21))))-E37 -> -0.2295082
B10: الاجازات السنوية
B11: # | C11: تاريخ بداية الاجازة | D11: تاريخ نهاية الاجازة | E11: المدة | F11: هل تم صرف تذاكر السفر له
B12: 1 | C12: 45627 | D12: 45648 | E12: =D12-C12 -> 21 | F12: نعم
B13: 2 | E13: =D13-C13 -> 0
B14: 3 | E14: =D14-C14 -> 0
B15: 4 | E15: =D15-C15 -> 0
B16: 5 | E16: =D16-C16 -> 0
B17: 6 | E17: =D17-C17 -> 0
B18: 7 | E18: =D18-C18 -> 0
B19: 8 | E19: =D19-C19 -> 0
B20: 9 | E20: =D20-C20 -> 0
B21: 10 | E21: =D21-C21 -> 0
B22: 11 | E22: =D22-C22 -> 0
B23: 12 | E23: =D23-C23 -> 0
B24: 13 | E24: =D24-C24 -> 0
... B36: 25 | E36: =D36-C36 -> 0
B37: المجموع | E37: =SUM(E12:E36) -> 21
B39: الاجازات الأخرى
B41: # | C41: تاريخ بداية الاجازة | D41: تاريخ نهاية الاجازة | E41: المدة | F41: نوع الاجازة
B42: 1 | E42: =D42-C42 -> 0
B43: 2 | E43: =D43-C43 -> 0
B44: 3 | E44: =D44-C44 -> 0
B45: 4 | E45: =D45-C45 -> 0
B46: 5 | E46: =D46-C46 -> 0
B47: 6 | E47: =D47-C47 -> 0
B48: 7 | E48: =D48-C48 -> 0
B49: 8 | E49: =D49-C49 -> 0

Sheet 10044
B1: #VALUE!
B2: نموذج احتساب رصيد الاجازات
B3: رقم الموظف | C3: 10044 | E3: مدة العمل | F3: =YEARFRAC(TODAY(),C6,1) -> 1.8577291
B4: الاسم | C4: =VLOOKUP(C3,score,2,FALSE) -> ريوف وليد محمد الحسين | E4: الرصيد المستحق منذ تاريخ التعيين | F4: =IF(F3<=5,F3*21,(((F3-5)*30)+(5*21))) -> 39.012312
B5: المسمى الوظيفي | C5: =VLOOKUP(C3,score,13,FALSE) -> أخصائي خدمة عملاء | E5: الرصيد السنوي المستحق | F5: =IF(F3<=5,21,30) -> 21
B6: تاريخ التعيين | C6: =VLOOKUP(C3,score,14,FALSE) -> 45342 | E6: الرصيد المتبقي حتى اليوم | F6: =F4-E37 -> 15.012312
B8: احتساب رصيد الموظف لتارخ معين
B9: تاريخ بداية الاجازة | C9: 45657 | D9: =YEARFRAC(C9,C6,1) -> 0.86065574 | E9: الرصيد حتى تاريخه | F9: =(IF(D9<=5,D9*21,(((D9-5)*30)+(5*21))))-E37 -> -5.9262295
B10: الاجازات السنوية
B11: # | C11: تاريخ بداية الاجازة | D11: تاريخ نهاية الاجازة | E11: المدة | F11: هل تم صرف تذاكر السفر له
B12: 1 | C12: 45461 | D12: 45467 | E12: =D12-C12 -> 6
B13: 2 | C13: 45606 | D13: 45624 | E13: =D13-C13 -> 18
B14: 3 | E14: =D14-C14 -> 0
B15: 4 | E15: =D15-C15 -> 0
B16: 5 | E16: =D16-C16 -> 0
B17: 6 | E17: =D17-C17 -> 0
B18: 7 | E18: =D18-C18 -> 0
B19: 8 | E19: =D19-C19 -> 0
B20: 9 | E20: =D20-C20 -> 0
B21: 10 | E21: =D21-C21 -> 0
B22: 11 | E22: =D22-C22 -> 0
B23: 12 | E23: =D23-C23 -> 0
B24: 13 | E24: =D24-C24 -> 0
B25: 14 | E25: =D25-C25 -> 0
... B36: 25 | E36: =D36-C36 -> 0
B37: المجموع | E37: =SUM(E12:E36) -> 24
B39: الاجازات الأخرى
B41: # | C41: تاريخ بداية الاجازة | D41: تاريخ نهاية الاجازة | E41: المدة | F41: نوع الاجازة
B42: 1 | E42: =D42-C42 -> 0
B43: 2 | E43: =D43-C43 -> 0
B44: 3 | E44: =D44-C44 -> 0
B45: 4 | E45: =D45-C45 -> 0
B46: 5 | E46: =D46-C46 -> 0
B47: 6 | E47: =D47-C47 -> 0
B48: 7 | E48: =D48-C48 -> 0
B49: 8 | E49: =D49-C49 -> 0

Sheet 10045
B1: #VALUE!
B2: نموذج احتساب رصيد الاجازات
B3: رقم الموظف | C3: 10045 | E3: مدة العمل | F3: =YEARFRAC(TODAY(),C6,1) -> 1.8577291
B4: الاسم | C4: =VLOOKUP(C3,score,2,FALSE) -> لولوه وليد محمد الحسين | E4: الرصيد المستحق منذ تاريخ التعيين | F4: =IF(F3<=5,F3*21,(((F3-5)*30)+(5*21))) -> 39.012312
B5: المسمى الوظيفي | C5: =VLOOKUP(C3,score,13,FALSE) -> أخصائي خدمة عملاء | E5: الرصيد السنوي المستحق | F5: =IF(F3<=5,21,30) -> 21
B6: تاريخ التعيين | C6: =VLOOKUP(C3,score,14,FALSE) -> 45342 | E6: الرصيد المتبقي حتى اليوم | F6: =F4-E37 -> 32.012312
B8: احتساب رصيد الموظف لتارخ معين
B9: تاريخ بداية الاجازة | C9: 45657 | D9: =YEARFRAC(C9,C6,1) -> 0.86065574 | E9: الرصيد حتى تاريخه | F9: =(IF(D9<=5,D9*21,(((D9-5)*30)+(5*21))))-E37 -> 11.07377
B10: الاجازات السنوية
B11: # | C11: تاريخ بداية الاجازة | D11: تاريخ نهاية الاجازة | E11: المدة | F11: هل تم صرف تذاكر السفر له
B12: 1 | C12: 45568 | D12: 45574 | E12: =D12-C12 -> 6
B13: 2 | C13: 45655 | D13: 45656 | E13: =D13-C13 -> 1
B14: 3 | E14: =D14-C14 -> 0
B15: 4 | E15: =D15-C15 -> 0
B16: 5 | E16: =D16-C16 -> 0
B17: 6 | E17: =D17-C17 -> 0
B18: 7 | E18: =D18-C18 -> 0
B19: 8 | E19: =D19-C19 -> 0
B20: 9 | E20: =D20-C20 -> 0
B21: 10 | E21: =D21-C21 -> 0
B22: 11 | E22: =D22-C22 -> 0
B23: 12 | E23: =D23-C23 -> 0
B24: 13 | E24: =D24-C24 -> 0
B25: 14 | E25: =D25-C25 -> 0
... B36: 25 | E36: =D36-C36 -> 0
B37: المجموع | E37: =SUM(E12:E36) -> 7
B39: الاجازات الأخرى
B41: # | C41: تاريخ بداية الاجازة | D41: تاريخ نهاية الاجازة | E41: المدة | F41: نوع الاجازة
B42: 1 | E42: =D42-C42 -> 0
B43: 2 | E43: =D43-C43 -> 0
B44: 3 | E44: =D44-C44 -> 0
B45: 4 | E45: =D45-C45 -> 0
B46: 5 | E46: =D46-C46 -> 0
B47: 6 | E47: =D47-C47 -> 0
B48: 7 | E48: =D48-C48 -> 0
B49: 8 | E49: =D49-C49 -> 0

Sheet 10046
B1: #VALUE!
B2: نموذج احتساب رصيد الاجازات
B3: رقم الموظف | C3: 10046 | E3: مدة العمل | F3: =YEARFRAC(TODAY(),C6,1) -> 1.8413133
B4: الاسم | C4: =VLOOKUP(C3,score,2,FALSE) -> نوف ابراهيم محمد العبدالقادر | E4: الرصيد المستحق منذ تاريخ التعيين | F4: =IF(F3<=5,F3*21,(((F3-5)*30)+(5*21))) -> 38.667579
B5: المسمى الوظيفي | C5: =VLOOKUP(C3,score,13,FALSE) -> أخصائي مبيعات | E5: الرصيد السنوي المستحق | F5: =IF(F3<=5,21,30) -> 21
B6: تاريخ التعيين | C6: =VLOOKUP(C3,score,14,FALSE) -> 45348 | E6: الرصيد المتبقي حتى اليوم | F6: =F4-E37 -> 20.667579
B8: احتساب رصيد الموظف لتارخ معين
B9: تاريخ بداية الاجازة | C9: 45657 | D9: =YEARFRAC(C9,C6,1) -> 0.8442623 | E9: الرصيد حتى تاريخه | F9: =(IF(D9<=5,D9*21,(((D9-5)*30)+(5*21))))-E37 -> -0.2704918
B10: الاجازات السنوية
B11: # | C11: تاريخ بداية الاجازة | D11: تاريخ نهاية الاجازة | E11: المدة | F11: هل تم صرف تذاكر السفر له
B12: 1 | C12: 45365 | D12: 45366 | E12: =D12-C12 -> 1
B13: 2 | C13: 45449 | D13: 45459 | E13: =D13-C13 -> 10
B14: 3 | C14: 45327 | D14: 45334 | E14: =D14-C14 -> 7
B15: 4 | E15: =D15-C15 -> 0
B16: 5 | E16: =D16-C16 -> 0
B17: 6 | E17: =D17-C17 -> 0
B18: 7 | E18: =D18-C18 -> 0
B19: 8 | E19: =D19-C19 -> 0
B20: 9 | E20: =D20-C20 -> 0
B21: 10 | E21: =D21-C21 -> 0
B22: 11 | E22: =D22-C22 -> 0
B23: 12 | E23: =D23-C23 -> 0
B24: 13 | E24: =D24-C24 -> 0
B25: 14 | E25: =D25-C25 -> 0
B26: 15 | E26: =D26-C26 -> 0
... B36: 25 | E36: =D36-C36 -> 0
B37: المجموع | E37: =SUM(E12:E36) -> 18
B39: الاجازات الأخرى
B41: # | C41: تاريخ بداية الاجازة | D41: تاريخ نهاية الاجازة | E41: المدة | F41: نوع الاجازة
B42: 1 | E42: =D42-C42 -> 0
B43: 2 | E43: =D43-C43 -> 0
B44: 3 | E44: =D44-C44 -> 0
B45: 4 | E45: =D45-C45 -> 0
B46: 5 | E46: =D46-C46 -> 0
B47: 6 | E47: =D47-C47 -> 0
B48: 7 | E48: =D48-C48 -> 0
B49: 8 | E49: =D49-C49 -> 0

Sheet 10047
B1: #VALUE!
B2: نموذج احتساب رصيد الاجازات
B3: رقم الموظف | C3: 10047 | E3: مدة العمل | F3: =YEARFRAC(TODAY(),C6,1) -> 1.5239398
B4: الاسم | C4: =VLOOKUP(C3,score,2,FALSE) -> نوره عيسى شافي الدوسري | E4: الرصيد المستحق منذ تاريخ التعيين | F4: =IF(F3<=5,F3*21,(((F3-5)*30)+(5*21))) -> 32.002736
B5: المسمى الوظيفي | C5: =VLOOKUP(C3,score,13,FALSE) -> أخصائي خدمة عملاء | E5: الرصيد السنوي المستحق | F5: =IF(F3<=5,21,30) -> 21
B6: تاريخ التعيين | C6: =VLOOKUP(C3,score,14,FALSE) -> 45464 | E6: الرصيد المتبقي حتى اليوم | F6: =F4-E37 -> 26.002736
B8: احتساب رصيد الموظف لتارخ معين
B9: تاريخ بداية الاجازة | C9: 45657 | D9: =YEARFRAC(C9,C6,1) -> 0.5273224 | E9: الرصيد حتى تاريخه | F9: =(IF(D9<=5,D9*21,(((D9-5)*30)+(5*21))))-E37 -> 5.0737705
B10: الاجازات السنوية
B11: # | C11: تاريخ بداية الاجازة | D11: تاريخ نهاية الاجازة | E11: المدة | F11: هل تم صرف تذاكر السفر له
B12: 1 | C12: 45659 | D12: 45660 | E12: =D12-C12 -> 1
B13: 2 | C13: 45731 | D13: 45736 | E13: =D13-C13 -> 5
B14: 3 | E14: =D14-C14 -> 0
B15: 4 | E15: =D15-C15 -> 0
B16: 5 | E16: =D16-C16 -> 0
B17: 6 | E17: =D17-C17 -> 0
B18: 7 | E18: =D18-C18 -> 0
B19: 8 | E19: =D19-C19 -> 0
B20: 9 | E20: =D20-C20 -> 0
B21: 10 | E21: =D21-C21 -> 0
B22: 11 | E22: =D22-C22 -> 0
B23: 12 | E23: =D23-C23 -> 0
B24: 13 | E24: =D24-C24 -> 0
B25: 14 | E25: =D25-C25 -> 0
... B36: 25 | E36: =D36-C36 -> 0
B37: المجموع | E37: =SUM(E12:E36) -> 6
B39: الاجازات الأخرى
B41: # | C41: تاريخ بداية الاجازة | D41: تاريخ نهاية الاجازة | E41: المدة | F41: نوع الاجازة
B42: 1 | E42: =D42-C42 -> 0
B43: 2 | E43: =D43-C43 -> 0
B44: 3 | E44: =D44-C44 -> 0
B45: 4 | E45: =D45-C45 -> 0
B46: 5 | E46: =D46-C46 -> 0
B47: 6 | E47: =D47-C47 -> 0
B48: 7 | E48: =D48-C48 -> 0
B49: 8 | E49: =D49-C49 -> 0

Sheet 10048
B1: #VALUE!
B2: نموذج احتساب رصيد الاجازات
B3: رقم الموظف | C3: 10048 | E3: مدة العمل | F3: =YEARFRAC(TODAY(),C6,1) -> 1.5239398
B4: الاسم | C4: =VLOOKUP(C3,score,2,FALSE) -> مناير حزام حسن القحطاني | E4: الرصيد المستحق منذ تاريخ التعيين | F4: =IF(F3<=5,F3*21,(((F3-5)*30)+(5*21))) -> 32.002736
B5: المسمى الوظيفي | C5: =VLOOKUP(C3,score,13,FALSE) -> أخصائي خدمة عملاء | E5: الرصيد السنوي المستحق | F5: =IF(F3<=5,21,30) -> 21
B6: تاريخ التعيين | C6: =VLOOKUP(C3,score,14,FALSE) -> 45464 | E6: الرصيد المتبقي حتى اليوم | F6: =F4-E37 -> 25.002736
B8: احتساب رصيد الموظف لتارخ معين
B9: تاريخ بداية الاجازة | C9: 45657 | D9: =YEARFRAC(C9,C6,1) -> 0.5273224 | E9: الرصيد حتى تاريخه | F9: =(IF(D9<=5,D9*21,(((D9-5)*30)+(5*21))))-E37 -> 4.0737705
B10: الاجازات السنوية
B11: # | C11: تاريخ بداية الاجازة | D11: تاريخ نهاية الاجازة | E11: المدة | F11: هل تم صرف تذاكر السفر له
B12: 1 | C12: 45563 | D12: 45570 | E12: =D12-C12 -> 7
B13: 2 | E13: =D13-C13 -> 0
B14: 3 | E14: =D14-C14 -> 0
B15: 4 | E15: =D15-C15 -> 0
B16: 5 | E16: =D16-C16 -> 0
B17: 6 | E17: =D17-C17 -> 0
B18: 7 | E18: =D18-C18 -> 0
B19: 8 | E19: =D19-C19 -> 0
B20: 9 | E20: =D20-C20 -> 0
B21: 10 | E21: =D21-C21 -> 0
B22: 11 | E22: =D22-C22 -> 0
B23: 12 | E23: =D23-C23 -> 0
B24: 13 | E24: =D24-C24 -> 0
... B36: 25 | E36: =D36-C36 -> 0
B37: المجموع | E37: =SUM(E12:E36) -> 7
B39: الاجازات الأخرى
B41: # | C41: تاريخ بداية الاجازة | D41: تاريخ نهاية الاجازة | E41: المدة | F41: نوع الاجازة
B42: 1 | E42: =D42-C42 -> 0
B43: 2 | E43: =D43-C43 -> 0
B44: 3 | E44: =D44-C44 -> 0
B45: 4 | E45: =D45-C45 -> 0
B46: 5 | E46: =D46-C46 -> 0
B47: 6 | E47: =D47-C47 -> 0
B48: 7 | E48: =D48-C48 -> 0
B49: 8 | E49: =D49-C49 -> 0

Sheet 10049
B1: #VALUE!
B2: نموذج احتساب رصيد الاجازات
B3: رقم الموظف | C3: 10049 | E3: مدة العمل | F3: =YEARFRAC(TODAY(),C6,1) -> 1.3543092
B4: الاسم | C4: =VLOOKUP(C3,score,2,FALSE) -> شذى علي عبدالرحمن العسكر | E4: الرصيد المستحق منذ تاريخ التعيين | F4: =IF(F3<=5,F3*21,(((F3-5)*30)+(5*21))) -> 28.440492
B5: المسمى الوظيفي | C5: =VLOOKUP(C3,score,13,FALSE) -> أخصائي خدمة عملاء | E5: الرصيد السنوي المستحق | F5: =IF(F3<=5,21,30) -> 21
B6: تاريخ التعيين | C6: =VLOOKUP(C3,score,14,FALSE) -> 45526 | E6: الرصيد المتبقي حتى اليوم | F6: =F4-E37 -> 21.440492
B8: احتساب رصيد الموظف لتارخ معين
B9: تاريخ بداية الاجازة | C9: 45657 | D9: =YEARFRAC(C9,C6,1) -> 0.3579235 | E9: الرصيد حتى تاريخه | F9: =(IF(D9<=5,D9*21,(((D9-5)*30)+(5*21))))-E37 -> 0.51639344
B10: الاجازات السنوية
B11: # | C11: تاريخ بداية الاجازة | D11: تاريخ نهاية الاجازة | E11: المدة | F11: هل تم صرف تذاكر السفر له
B12: 1 | C12: 45619 | D12: 45626 | E12: =D12-C12 -> 7
B13: 2 | E13: =D13-C13 -> 0
B14: 3 | E14: =D14-C14 -> 0
B15: 4 | E15: =D15-C15 -> 0
B16: 5 | E16: =D16-C16 -> 0
B17: 6 | E17: =D17-C17 -> 0
B18: 7 | E18: =D18-C18 -> 0
B19: 8 | E19: =D19-C19 -> 0
B20: 9 | E20: =D20-C20 -> 0
B21: 10 | E21: =D21-C21 -> 0
B22: 11 | E22: =D22-C22 -> 0
B23: 12 | E23: =D23-C23 -> 0
B24: 13 | E24: =D24-C24 -> 0
... B36: 25 | E36: =D36-C36 -> 0
B37: المجموع | E37: =SUM(E12:E36) -> 7
B39: الاجازات الأخرى
B41: # | C41: تاريخ بداية الاجازة | D41: تاريخ نهاية الاجازة | E41: المدة | F41: نوع الاجازة
B42: 1 | E42: =D42-C42 -> 0
B43: 2 | E43: =D43-C43 -> 0
B44: 3 | E44: =D44-C44 -> 0
B45: 4 | E45: =D45-C45 -> 0
B46: 5 | E46: =D46-C46 -> 0
B47: 6 | E47: =D47-C47 -> 0
B48: 7 | E48: =D48-C48 -> 0
B49: 8 | E49: =D49-C49 -> 0

Sheet 10050
B1: #VALUE!
B2: نموذج احتساب رصيد الاجازات
B3: رقم الموظف | C3: 10050 | E3: مدة العمل | F3: =YEARFRAC(TODAY(),C6,1) -> 1.3515732
B4: الاسم | C4: =VLOOKUP(C3,score,2,FALSE) -> سليمان راجح عبدالسلام راجح | E4: الرصيد المستحق منذ تاريخ التعيين | F4: =IF(F3<=5,F3*21,(((F3-5)*30)+(5*21))) -> 28.383037
B5: المسمى الوظيفي | C5: =VLOOKUP(C3,score,13,FALSE) -> عامل تحميل وتنزيل | E5: الرصيد السنوي المستحق | F5: =IF(F3<=5,21,30) -> 21
B6: تاريخ التعيين | C6: =VLOOKUP(C3,score,14,FALSE) -> 45527 | E6: الرصيد المتبقي حتى اليوم | F6: =F4-E37 -> 21.383037
B8: احتساب رصيد الموظف لتارخ معين
B9: تاريخ بداية الاجازة | C9: 45657 | D9: =YEARFRAC(C9,C6,1) -> 0.35519126 | E9: الرصيد حتى تاريخه | F9: =(IF(D9<=5,D9*21,(((D9-5)*30)+(5*21))))-E37 -> 0.45901639
B10: الاجازات السنوية
B11: # | C11: تاريخ بداية الاجازة | D11: تاريخ نهاية الاجازة | E11: المدة | F11: هل تم صرف تذاكر السفر له
B12: 1 | C12: 45628 | D12: 45635 | E12: =D12-C12 -> 7
B13: 2 | E13: =D13-C13 -> 0
B14: 3 | E14: =D14-C14 -> 0
B15: 4 | E15: =D15-C15 -> 0
B16: 5 | E16: =D16-C16 -> 0
B17: 6 | E17: =D17-C17 -> 0
B18: 7 | E18: =D18-C18 -> 0
B19: 8 | E19: =D19-C19 -> 0
B20: 9 | E20: =D20-C20 -> 0
B21: 10 | E21: =D21-C21 -> 0
B22: 11 | E22: =D22-C22 -> 0
B23: 12 | E23: =D23-C23 -> 0
B24: 13 | E24: =D24-C24 -> 0
... B36: 25 | E36: =D36-C36 -> 0
B37: المجموع | E37: =SUM(E12:E36) -> 7
B39: الاجازات الأخرى
B41: # | C41: تاريخ بداية الاجازة | D41: تاريخ نهاية الاجازة | E41: المدة | F41: نوع الاجازة
B42: 1 | E42: =D42-C42 -> 0
B43: 2 | E43: =D43-C43 -> 0
B44: 3 | E44: =D44-C44 -> 0
B45: 4 | E45: =D45-C45 -> 0
B46: 5 | E46: =D46-C46 -> 0
B47: 6 | E47: =D47-C47 -> 0
B48: 7 | E48: =D48-C48 -> 0
B49: 8 | E49: =D49-C49 -> 0

Sheet 10051
B1: #VALUE!
B2: نموذج احتساب رصيد الاجازات
B3: رقم الموظف | C3: 10051 | E3: مدة العمل | F3: =YEARFRAC(TODAY(),C6,1) -> 1.3461012
B4: الاسم | C4: =VLOOKUP(C3,score,2,FALSE) -> ARIFUL ISLAM | E4: الرصيد المستحق منذ تاريخ التعيين | F4: =IF(F3<=5,F3*21,(((F3-5)*30)+(5*21))) -> 28.268126
B5: المسمى الوظيفي | C5: =VLOOKUP(C3,score,13,FALSE) -> عامل مطبخ | E5: الرصيد السنوي المستحق | F5: =IF(F3<=5,21,30) -> 21
B6: تاريخ التعيين | C6: =VLOOKUP(C3,score,14,FALSE) -> 45529 | E6: الرصيد المتبقي حتى اليوم | F6: =F4-E37 -> 21.268126
B8: احتساب رصيد الموظف لتارخ معين
B9: تاريخ بداية الاجازة | C9: 45657 | D9: =YEARFRAC(C9,C6,1) -> 0.34972678 | E9: الرصيد حتى تاريخه | F9: =(IF(D9<=5,D9*21,(((D9-5)*30)+(5*21))))-E37 -> 0.3442623
B10: الاجازات السنوية
B11: # | C11: تاريخ بداية الاجازة | D11: تاريخ نهاية الاجازة | E11: المدة | F11: هل تم صرف تذاكر السفر له
B12: 1 | C12: 45627 | D12: 45634 | E12: =D12-C12 -> 7
B13: 2 | E13: =D13-C13 -> 0
B14: 3 | E14: =D14-C14 -> 0
B15: 4 | E15: =D15-C15 -> 0
B16: 5 | E16: =D16-C16 -> 0
B17: 6 | E17: =D17-C17 -> 0
B18: 7 | E18: =D18-C18 -> 0
B19: 8 | E19: =D19-C19 -> 0
B20: 9 | E20: =D20-C20 -> 0
B21: 10 | E21: =D21-C21 -> 0
B22: 11 | E22: =D22-C22 -> 0
B23: 12 | E23: =D23-C23 -> 0
B24: 13 | E24: =D24-C24 -> 0
... B36: 25 | E36: =D36-C36 -> 0
B37: المجموع | E37: =SUM(E12:E36) -> 7
B39: الاجازات الأخرى
B41: # | C41: تاريخ بداية الاجازة | D41: تاريخ نهاية الاجازة | E41: المدة | F41: نوع الاجازة
B42: 1 | E42: =D42-C42 -> 0
B43: 2 | E43: =D43-C43 -> 0
B44: 3 | E44: =D44-C44 -> 0
B45: 4 | E45: =D45-C45 -> 0
B46: 5 | E46: =D46-C46 -> 0
B47: 6 | E47: =D47-C47 -> 0
B48: 7 | E48: =D48-C48 -> 0
B49: 8 | E49: =D49-C49 -> 0

Sheet 10052
B1: #VALUE!
B2: نموذج احتساب رصيد الاجازات
B3: رقم الموظف | C3: 10052 | E3: مدة العمل | F3: =YEARFRAC(TODAY(),C6,1) -> 1.3461012
B4: الاسم | C4: =VLOOKUP(C3,score,2,FALSE) -> عبدالله امين علي عبده الشلح | E4: الرصيد المستحق منذ تاريخ التعيين | F4: =IF(F3<=5,F3*21,(((F3-5)*30)+(5*21))) -> 28.268126
B5: المسمى الوظيفي | C5: =VLOOKUP(C3,score,13,FALSE) -> عامل مطبخ | E5: الرصيد السنوي المستحق | F5: =IF(F3<=5,21,30) -> 21
B6: تاريخ التعيين | C6: =VLOOKUP(C3,score,14,FALSE) -> 45529 | E6: الرصيد المتبقي حتى اليوم | F6: =F4-E37 -> 21.268126
B8: احتساب رصيد الموظف لتارخ معين
B9: تاريخ بداية الاجازة | C9: 45657 | D9: =YEARFRAC(C9,C6,1) -> 0.34972678 | E9: الرصيد حتى تاريخه | F9: =(IF(D9<=5,D9*21,(((D9-5)*30)+(5*21))))-E37 -> 0.3442623
B10: الاجازات السنوية
B11: # | C11: تاريخ بداية الاجازة | D11: تاريخ نهاية الاجازة | E11: المدة | F11: هل تم صرف تذاكر السفر له
B12: 1 | C12: 45597 | D12: 45604 | E12: =D12-C12 -> 7
B13: 2 | E13: =D13-C13 -> 0
B14: 3 | E14: =D14-C14 -> 0
B15: 4 | E15: =D15-C15 -> 0
B16: 5 | E16: =D16-C16 -> 0
B17: 6 | E17: =D17-C17 -> 0
B18: 7 | E18: =D18-C18 -> 0
B19: 8 | E19: =D19-C19 -> 0
B20: 9 | E20: =D20-C20 -> 0
B21: 10 | E21: =D21-C21 -> 0
B22: 11 | E22: =D22-C22 -> 0
B23: 12 | E23: =D23-C23 -> 0
B24: 13 | E24: =D24-C24 -> 0
... B36: 25 | E36: =D36-C36 -> 0
B37: المجموع | E37: =SUM(E12:E36) -> 7
B39: الاجازات الأخرى
B41: # | C41: تاريخ بداية الاجازة | D41: تاريخ نهاية الاجازة | E41: المدة | F41: نوع الاجازة
B42: 1 | E42: =D42-C42 -> 0
B43: 2 | E43: =D43-C43 -> 0
B44: 3 | E44: =D44-C44 -> 0
B45: 4 | E45: =D45-C45 -> 0
B46: 5 | E46: =D46-C46 -> 0
B47: 6 | E47: =D47-C47 -> 0
B48: 7 | E48: =D48-C48 -> 0
B49: 8 | E49: =D49-C49 -> 0

Sheet 10053
B1: #VALUE!
B2: نموذج احتساب رصيد الاجازات
B3: رقم الموظف | C3: 10053 | E3: مدة العمل | F3: =YEARFRAC(TODAY(),C6,1) -> 1.3433653
B4: الاسم | C4: =VLOOKUP(C3,score,2,FALSE) -> FAKRUL ISLAM RUBEL | E4: الرصيد المستحق منذ تاريخ التعيين | F4: =IF(F3<=5,F3*21,(((F3-5)*30)+(5*21))) -> 28.21067
B5: المسمى الوظيفي | C5: =VLOOKUP(C3,score,13,FALSE) -> عامل مطبخ | E5: الرصيد السنوي المستحق | F5: =IF(F3<=5,21,30) -> 21
B6: تاريخ التعيين | C6: =VLOOKUP(C3,score,14,FALSE) -> 45530 | E6: الرصيد المتبقي حتى اليوم | F6: =F4-E37 -> 21.21067
B8: احتساب رصيد الموظف لتارخ معين
B9: تاريخ بداية الاجازة | C9: 45657 | D9: =YEARFRAC(C9,C6,1) -> 0.34699454 | E9: الرصيد حتى تاريخه | F9: =(IF(D9<=5,D9*21,(((D9-5)*30)+(5*21))))-E37 -> 0.28688525
B10: الاجازات السنوية
B11: # | C11: تاريخ بداية الاجازة | D11: تاريخ نهاية الاجازة | E11: المدة | F11: هل تم صرف تذاكر السفر له
B12: 1 | C12: 45648 | D12: 45655 | E12: =D12-C12 -> 7
B13: 2 | E13: =D13-C13 -> 0
B14: 3 | E14: =D14-C14 -> 0
B15: 4 | E15: =D15-C15 -> 0
B16: 5 | E16: =D16-C16 -> 0
B17: 6 | E17: =D17-C17 -> 0
B18: 7 | E18: =D18-C18 -> 0
B19: 8 | E19: =D19-C19 -> 0
B20: 9 | E20: =D20-C20 -> 0
B21: 10 | E21: =D21-C21 -> 0
B22: 11 | E22: =D22-C22 -> 0
B23: 12 | E23: =D23-C23 -> 0
B24: 13 | E24: =D24-C24 -> 0
... B36: 25 | E36: =D36-C36 -> 0
B37: المجموع | E37: =SUM(E12:E36) -> 7
B39: الاجازات الأخرى
B41: # | C41: تاريخ بداية الاجازة | D41: تاريخ نهاية الاجازة | E41: المدة | F41: نوع الاجازة
B42: 1 | E42: =D42-C42 -> 0
B43: 2 | E43: =D43-C43 -> 0
B44: 3 | E44: =D44-C44 -> 0
B45: 4 | E45: =D45-C45 -> 0
B46: 5 | E46: =D46-C46 -> 0
B47: 6 | E47: =D47-C47 -> 0
B48: 7 | E48: =D48-C48 -> 0
B49: 8 | E49: =D49-C49 -> 0

Sheet 10054
B1: #VALUE!
B2: نموذج احتساب رصيد الاجازات
B3: رقم الموظف | C3: 10054 | E3: مدة العمل | F3: =YEARFRAC(TODAY(),C6,1) -> 1.3378933
B4: الاسم | C4: =VLOOKUP(C3,score,2,FALSE) -> أسماء مزهى زهيان المطيري | E4: الرصيد المستحق منذ تاريخ التعيين | F4: =IF(F3<=5,F3*21,(((F3-5)*30)+(5*21))) -> 28.095759
B5: المسمى الوظيفي | C5: =VLOOKUP(C3,score,13,FALSE) -> أخصائي خدمة عملاء | E5: الرصيد السنوي المستحق | F5: =IF(F3<=5,21,30) -> 21
B6: تاريخ التعيين | C6: =VLOOKUP(C3,score,14,FALSE) -> 45532 | E6: الرصيد المتبقي حتى اليوم | F6: =F4-E37 -> 21.095759
B8: احتساب رصيد الموظف لتارخ معين
B9: تاريخ بداية الاجازة | C9: 45657 | D9: =YEARFRAC(C9,C6,1) -> 0.34153005 | E9: الرصيد حتى تاريخه | F9: =(IF(D9<=5,D9*21,(((D9-5)*30)+(5*21))))-E37 -> 0.17213115
B10: الاجازات السنوية
B11: # | C11: تاريخ بداية الاجازة | D11: تاريخ نهاية الاجازة | E11: المدة | F11: هل تم صرف تذاكر السفر له
B12: 1 | C12: 45558 | D12: 45565 | E12: =D12-C12 -> 7
B13: 2 | E13: =D13-C13 -> 0
B14: 3 | E14: =D14-C14 -> 0
B15: 4 | E15: =D15-C15 -> 0
B16: 5 | E16: =D16-C16 -> 0
B17: 6 | E17: =D17-C17 -> 0
B18: 7 | E18: =D18-C18 -> 0
B19: 8 | E19: =D19-C19 -> 0
B20: 9 | E20: =D20-C20 -> 0
B21: 10 | E21: =D21-C21 -> 0
B22: 11 | E22: =D22-C22 -> 0
B23: 12 | E23: =D23-C23 -> 0
B24: 13 | E24: =D24-C24 -> 0
... B36: 25 | E36: =D36-C36 -> 0
B37: المجموع | E37: =SUM(E12:E36) -> 7
B39: الاجازات الأخرى
B41: # | C41: تاريخ بداية الاجازة | D41: تاريخ نهاية الاجازة | E41: المدة | F41: نوع الاجازة
B42: 1 | E42: =D42-C42 -> 0
B43: 2 | E43: =D43-C43 -> 0
B44: 3 | E44: =D44-C44 -> 0
B45: 4 | E45: =D45-C45 -> 0
B46: 5 | E46: =D46-C46 -> 0
B47: 6 | E47: =D47-C47 -> 0
B48: 7 | E48: =D48-C48 -> 0
B49: 8 | E49: =D49-C49 -> 0

Sheet 10055
B1: #VALUE!
B2: نموذج احتساب رصيد الاجازات
B3: رقم الموظف | C3: 10055 | E3: مدة العمل | F3: =YEARFRAC(TODAY(),C6,1) -> 1.3351573
B4: الاسم | C4: =VLOOKUP(C3,score,2,FALSE) -> ميلاف سالم مطلق البلوي | E4: الرصيد المستحق منذ تاريخ التعيين | F4: =IF(F3<=5,F3*21,(((F3-5)*30)+(5*21))) -> 28.038304
B5: المسمى الوظيفي | C5: =VLOOKUP(C3,score,13,FALSE) -> أخصائي خدمة عملاء | E5: الرصيد السنوي المستحق | F5: =IF(F3<=5,21,30) -> 21
B6: تاريخ التعيين | C6: =VLOOKUP(C3,score,14,FALSE) -> 45533 | E6: الرصيد المتبقي حتى اليوم | F6: =F4-E37 -> 21.038304
B8: احتساب رصيد الموظف لتارخ معين
B9: تاريخ بداية الاجازة | C9: 45657 | D9: =YEARFRAC(C9,C6,1) -> 0.33879781 | E9: الرصيد حتى تاريخه | F9: =(IF(D9<=5,D9*21,(((D9-5)*30)+(5*21))))-E37 -> 0.1147541
B10: الاجازات السنوية
B11: # | C11: تاريخ بداية الاجازة | D11: تاريخ نهاية الاجازة | E11: المدة | F11: هل تم صرف تذاكر السفر له
B12: 1 | C12: 45619 | D12: 45626 | E12: =D12-C12 -> 7
B13: 2 | E13: =D13-C13 -> 0
B14: 3 | E14: =D14-C14 -> 0
B15: 4 | E15: =D15-C15 -> 0
B16: 5 | E16: =D16-C16 -> 0
B17: 6 | E17: =D17-C17 -> 0
B18: 7 | E18: =D18-C18 -> 0
B19: 8 | E19: =D19-C19 -> 0
B20: 9 | E20: =D20-C20 -> 0
B21: 10 | E21: =D21-C21 -> 0
B22: 11 | E22: =D22-C22 -> 0
B23: 12 | E23: =D23-C23 -> 0
B24: 13 | E24: =D24-C24 -> 0
... B36: 25 | E36: =D36-C36 -> 0
B37: المجموع | E37: =SUM(E12:E36) -> 7
B39: الاجازات الأخرى
B41: # | C41: تاريخ بداية الاجازة | D41: تاريخ نهاية الاجازة | E41: المدة | F41: نوع الاجازة
B42: 1 | C42: 45626 | D42: 45689 | E42: =D42-C42 -> 63 | F42: مرضية
B43: 2 | E43: =D43-C43 -> 0
B44: 3 | E44: =D44-C44 -> 0
B45: 4 | E45: =D45-C45 -> 0
B46: 5 | E46: =D46-C46 -> 0
B47: 6 | E47: =D47-C47 -> 0
B48: 7 | E48: =D48-C48 -> 0
B49: 8 | E49: =D49-C49 -> 0

Sheet 10056
B1: #VALUE!
B2: نموذج احتساب رصيد الاجازات
B3: رقم الموظف | C3: 10056 | E3: مدة العمل | F3: =YEARFRAC(TODAY(),C6,1) -> 1.3132695
B4: الاسم | C4: =VLOOKUP(C3,score,2,FALSE) -> عبدالرحمن عبدالله احمد ادم | E4: الرصيد المستحق منذ تاريخ التعيين | F4: =IF(F3<=5,F3*21,(((F3-5)*30)+(5*21))) -> 27.578659
B5: المسمى الوظيفي | C5: =VLOOKUP(C3,score,13,FALSE) -> سائق شاحنة صغيرة | E5: الرصيد السنوي المستحق | F5: =IF(F3<=5,21,30) -> 21
B6: تاريخ التعيين | C6: =VLOOKUP(C3,score,14,FALSE) -> 45541 | E6: الرصيد المتبقي حتى اليوم | F6: =F4-E37 -> 21.578659
B8: احتساب رصيد الموظف لتارخ معين
B9: تاريخ بداية الاجازة | C9: 45657 | D9: =YEARFRAC(C9,C6,1) -> 0.31693989 | E9: الرصيد حتى تاريخه | F9: =(IF(D9<=5,D9*21,(((D9-5)*30)+(5*21))))-E37 -> 0.6557377
B10: الاجازات السنوية
B11: # | C11: تاريخ بداية الاجازة | D11: تاريخ نهاية الاجازة | E11: المدة | F11: هل تم صرف تذاكر السفر له
B12: 1 | C12: 45567 | D12: 45570 | E12: =D12-C12 -> 3
B13: 2 | C13: 45632 | D13: 45635 | E13: =D13-C13 -> 3
B14: 3 | E14: =D14-C14 -> 0
B15: 4 | E15: =D15-C15 -> 0
B16: 5 | E16: =D16-C16 -> 0
B17: 6 | E17: =D17-C17 -> 0
B18: 7 | E18: =D18-C18 -> 0
B19: 8 | E19: =D19-C19 -> 0
B20: 9 | E20: =D20-C20 -> 0
B21: 10 | E21: =D21-C21 -> 0
B22: 11 | E22: =D22-C22 -> 0
B23: 12 | E23: =D23-C23 -> 0
B24: 13 | E24: =D24-C24 -> 0
B25: 14 | E25: =D25-C25 -> 0
... B36: 25 | E36: =D36-C36 -> 0
B37: المجموع | E37: =SUM(E12:E36) -> 6
B39: الاجازات الأخرى
B41: # | C41: تاريخ بداية الاجازة | D41: تاريخ نهاية الاجازة | E41: المدة | F41: نوع الاجازة
B42: 1 | E42: =D42-C42 -> 0
B43: 2 | E43: =D43-C43 -> 0
B44: 3 | E44: =D44-C44 -> 0
B45: 4 | E45: =D45-C45 -> 0
B46: 5 | E46: =D46-C46 -> 0
B47: 6 | E47: =D47-C47 -> 0
B48: 7 | E48: =D48-C48 -> 0
B49: 8 | E49: =D49-C49 -> 0

Sheet 10057
B1: #VALUE!
B2: نموذج احتساب رصيد الاجازات
B3: رقم الموظف | C3: 10057 | E3: مدة العمل | F3: =YEARFRAC(TODAY(),C6,1) -> 1.2640219
B4: الاسم | C4: =VLOOKUP(C3,score,2,FALSE) -> نجيبه عبده احمد مجرشي | E4: الرصيد المستحق منذ تاريخ التعيين | F4: =IF(F3<=5,F3*21,(((F3-5)*30)+(5*21))) -> 26.54446
B5: المسمى الوظيفي | C5: =VLOOKUP(C3,score,13,FALSE) -> أخصائي خدمة عملاء | E5: الرصيد السنوي المستحق | F5: =IF(F3<=5,21,30) -> 21
B6: تاريخ التعيين | C6: =VLOOKUP(C3,score,14,FALSE) -> 45559 | E6: الرصيد المتبقي حتى اليوم | F6: =F4-E37 -> 21.54446
B8: احتساب رصيد الموظف لتارخ معين
B9: تاريخ بداية الاجازة | C9: 45657 | D9: =YEARFRAC(C9,C6,1) -> 0.26775956 | E9: الرصيد حتى تاريخه | F9: =(IF(D9<=5,D9*21,(((D9-5)*30)+(5*21))))-E37 -> 0.62295082
B10: الاجازات السنوية
B11: # | C11: تاريخ بداية الاجازة | D11: تاريخ نهاية الاجازة | E11: المدة | F11: هل تم صرف تذاكر السفر له
B12: 1 | C12: 45616 | D12: 45617 | E12: =D12-C12 -> 1
B13: 2 | C13: 45655 | D13: 45659 | E13: =D13-C13 -> 4
B14: 3 | E14: =D14-C14 -> 0
B15: 4 | E15: =D15-C15 -> 0
B16: 5 | E16: =D16-C16 -> 0
B17: 6 | E17: =D17-C17 -> 0
B18: 7 | E18: =D18-C18 -> 0
B19: 8 | E19: =D19-C19 -> 0
B20: 9 | E20: =D20-C20 -> 0
B21: 10 | E21: =D21-C21 -> 0
B22: 11 | E22: =D22-C22 -> 0
B23: 12 | E23: =D23-C23 -> 0
B24: 13 | E24: =D24-C24 -> 0
B25: 14 | E25: =D25-C25 -> 0
... B36: 25 | E36: =D36-C36 -> 0
B37: المجموع | E37: =SUM(E12:E36) -> 5
B39: الاجازات الأخرى
B41: # | C41: تاريخ بداية الاجازة | D41: تاريخ نهاية الاجازة | E41: المدة | F41: نوع الاجازة
B42: 1 | E42: =D42-C42 -> 0
B43: 2 | E43: =D43-C43 -> 0
B44: 3 | E44: =D44-C44 -> 0
B45: 4 | E45: =D45-C45 -> 0
B46: 5 | E46: =D46-C46 -> 0
B47: 6 | E47: =D47-C47 -> 0
B48: 7 | E48: =D48-C48 -> 0
B49: 8 | E49: =D49-C49 -> 0

Sheet 10058
B1: #VALUE!
B2: نموذج احتساب رصيد الاجازات
B3: رقم الموظف | C3: 10058 | E3: مدة العمل | F3: =YEARFRAC(TODAY(),C6,1) -> 1.24487
B4: الاسم | C4: =VLOOKUP(C3,score,2,FALSE) -> ريم عبدالكريم وصال العنزي | E4: الرصيد المستحق منذ تاريخ التعيين | F4: =IF(F3<=5,F3*21,(((F3-5)*30)+(5*21))) -> 26.142271
B5: المسمى الوظيفي | C5: =VLOOKUP(C3,score,13,FALSE) -> أخصائي خدمة عملاء | E5: الرصيد السنوي المستحق | F5: =IF(F3<=5,21,30) -> 21
B6: تاريخ التعيين | C6: =VLOOKUP(C3,score,14,FALSE) -> 45566 | E6: الرصيد المتبقي حتى اليوم | F6: =F4-E37 -> 23.142271
B8: احتساب رصيد الموظف لتارخ معين
B9: تاريخ بداية الاجازة | C9: 45657 | D9: =YEARFRAC(C9,C6,1) -> 0.24863388 | E9: الرصيد حتى تاريخه | F9: =(IF(D9<=5,D9*21,(((D9-5)*30)+(5*21))))-E37 -> 2.2213115
B10: الاجازات السنوية
B11: # | C11: تاريخ بداية الاجازة | D11: تاريخ نهاية الاجازة | E11: المدة | F11: هل تم صرف تذاكر السفر له
B12: 1 | C12: 45648 | D12: 45649 | E12: =D12-C12 -> 1
B13: 2 | C13: 45742 | D13: 45744 | E13: =D13-C13 -> 2
B14: 3 | E14: =D14-C14 -> 0
B15: 4 | E15: =D15-C15 -> 0
B16: 5 | E16: =D16-C16 -> 0
B17: 6 | E17: =D17-C17 -> 0
B18: 7 | E18: =D18-C18 -> 0
B19: 8 | E19: =D19-C19 -> 0
B20: 9 | E20: =D20-C20 -> 0
B21: 10 | E21: =D21-C21 -> 0
B22: 11 | E22: =D22-C22 -> 0
B23: 12 | E23: =D23-C23 -> 0
B24: 13 | E24: =D24-C24 -> 0
B25: 14 | E25: =D25-C25 -> 0
... B36: 25 | E36: =D36-C36 -> 0
B37: المجموع | E37: =SUM(E12:E36) -> 3
B39: الاجازات الأخرى
B41: # | C41: تاريخ بداية الاجازة | D41: تاريخ نهاية الاجازة | E41: المدة | F41: نوع الاجازة
B42: 1 | E42: =D42-C42 -> 0
B43: 2 | E43: =D43-C43 -> 0
B44: 3 | E44: =D44-C44 -> 0
B45: 4 | E45: =D45-C45 -> 0
B46: 5 | E46: =D46-C46 -> 0
B47: 6 | E47: =D47-C47 -> 0
B48: 7 | E48: =D48-C48 -> 0
B49: 8 | E49: =D49-C49 -> 0

Sheet 10059
B1: #VALUE!
B2: نموذج احتساب رصيد الاجازات
B3: رقم الموظف | C3: 10059 | E3: مدة العمل | F3: =YEARFRAC(TODAY(),C6,1) -> 1.2175103
B4: الاسم | C4: =VLOOKUP(C3,score,2,FALSE) -> حصه ابراهيم محمد العبدالقادر | E4: الرصيد المستحق منذ تاريخ التعيين | F4: =IF(F3<=5,F3*21,(((F3-5)*30)+(5*21))) -> 25.567715
B5: المسمى الوظيفي | C5: =VLOOKUP(C3,score,13,FALSE) -> أخصائي مبيعات | E5: الرصيد السنوي المستحق | F5: =IF(F3<=5,21,30) -> 21
B6: تاريخ التعيين | C6: =VLOOKUP(C3,score,14,FALSE) -> 45576 | E6: الرصيد المتبقي حتى اليوم | F6: =F4-E37 -> 19.567715
B8: احتساب رصيد الموظف لتارخ معين
B9: تاريخ بداية الاجازة | C9: 45657 | D9: =YEARFRAC(C9,C6,1) -> 0.22131148 | E9: الرصيد حتى تاريخه | F9: =(IF(D9<=5,D9*21,(((D9-5)*30)+(5*21))))-E37 -> -1.352459
B10: الاجازات السنوية
B11: # | C11: تاريخ بداية الاجازة | D11: تاريخ نهاية الاجازة | E11: المدة | F11: هل تم صرف تذاكر السفر له
B12: 1 | C12: 45675 | D12: 45676 | E12: =D12-C12 -> 1
B13: 2 | C13: 45682 | D13: 45683 | E13: =D13-C13 -> 1
B14: 3 | C14: 45703 | D14: 45707 | E14: =D14-C14 -> 4
B15: 4 | E15: =D15-C15 -> 0
B16: 5 | E16: =D16-C16 -> 0
B17: 6 | E17: =D17-C17 -> 0
B18: 7 | E18: =D18-C18 -> 0
B19: 8 | E19: =D19-C19 -> 0
B20: 9 | E20: =D20-C20 -> 0
B21: 10 | E21: =D21-C21 -> 0
B22: 11 | E22: =D22-C22 -> 0
B23: 12 | E23: =D23-C23 -> 0
B24: 13 | E24: =D24-C24 -> 0
B25: 14 | E25: =D25-C25 -> 0
B26: 15 | E26: =D26-C26 -> 0
... B36: 25 | E36: =D36-C36 -> 0
B37: المجموع | E37: =SUM(E12:E36) -> 6
B39: الاجازات الأخرى
B41: # | C41: تاريخ بداية الاجازة | D41: تاريخ نهاية الاجازة | E41: المدة | F41: نوع الاجازة
B42: 1 | E42: =D42-C42 -> 0
B43: 2 | E43: =D43-C43 -> 0
B44: 3 | E44: =D44-C44 -> 0
B45: 4 | E45: =D45-C45 -> 0
B46: 5 | E46: =D46-C46 -> 0
B47: 6 | E47: =D47-C47 -> 0
B48: 7 | E48: =D48-C48 -> 0
B49: 8 | E49: =D49-C49 -> 0

Sheet 10060
B1: #VALUE!
B2: نموذج احتساب رصيد الاجازات
B3: رقم الموظف | C3: 10060 | E3: مدة العمل | F3: =YEARFRAC(TODAY(),C6,1) -> 1.2120383
B4: الاسم | C4: =VLOOKUP(C3,score,2,FALSE) -> أفراح عبدالعزيز راشد الحربي | E4: الرصيد المستحق منذ تاريخ التعيين | F4: =IF(F3<=5,F3*21,(((F3-5)*30)+(5*21))) -> 25.452804
B5: المسمى الوظيفي | C5: =VLOOKUP(C3,score,13,FALSE) -> أخصائي مبيعات | E5: الرصيد السنوي المستحق | F5: =IF(F3<=5,21,30) -> 21
B6: تاريخ التعيين | C6: =VLOOKUP(C3,score,14,FALSE) -> 45578 | E6: الرصيد المتبقي حتى اليوم | F6: =F4-E37 -> 20.452804
B8: احتساب رصيد الموظف لتارخ معين
B9: تاريخ بداية الاجازة | C9: 45657 | D9: =YEARFRAC(C9,C6,1) -> 0.21584699 | E9: الرصيد حتى تاريخه | F9: =(IF(D9<=5,D9*21,(((D9-5)*30)+(5*21))))-E37 -> -0.46721311
B10: الاجازات السنوية
B11: # | C11: تاريخ بداية الاجازة | D11: تاريخ نهاية الاجازة | E11: المدة | F11: هل تم صرف تذاكر السفر له
B12: 1 | C12: 45662 | D12: 45663 | E12: =D12-C12 -> 1
B13: 2 | C13: 45679 | D13: 45680 | E13: =D13-C13 -> 1
B14: 3 | C14: 45772 | D14: 45773 | E14: =D14-C14 -> 1
B15: 4 | C15: 45766 | D15: 45768 | E15: =D15-C15 -> 2
B16: 5 | E16: =D16-C16 -> 0
B17: 6 | E17: =D17-C17 -> 0
B18: 7 | E18: =D18-C18 -> 0
B19: 8 | E19: =D19-C19 -> 0
B20: 9 | E20: =D20-C20 -> 0
B21: 10 | E21: =D21-C21 -> 0
B22: 11 | E22: =D22-C22 -> 0
B23: 12 | E23: =D23-C23 -> 0
B24: 13 | E24: =D24-C24 -> 0
B25: 14 | E25: =D25-C25 -> 0
B26: 15 | E26: =D26-C26 -> 0
B27: 16 | E27: =D27-C27 -> 0
... B36: 25 | E36: =D36-C36 -> 0
B37: المجموع | E37: =SUM(E12:E36) -> 5
B39: الاجازات الأخرى
B41: # | C41: تاريخ بداية الاجازة | D41: تاريخ نهاية الاجازة | E41: المدة | F41: نوع الاجازة
B42: 1 | E42: =D42-C42 -> 0
B43: 2 | E43: =D43-C43 -> 0
B44: 3 | E44: =D44-C44 -> 0
B45: 4 | E45: =D45-C45 -> 0
B46: 5 | E46: =D46-C46 -> 0
B47: 6 | E47: =D47-C47 -> 0
B48: 7 | E48: =D48-C48 -> 0
B49: 8 | E49: =D49-C49 -> 0

Sheet 10061
B1: #VALUE!
B2: نموذج احتساب رصيد الاجازات
B3: رقم الموظف | C3: 10061 | E3: مدة العمل | F3: =YEARFRAC(TODAY(),C6,1) -> 1.1682627
B4: الاسم | C4: =VLOOKUP(C3,score,2,FALSE) -> مها دخيل الله بن زهيان المطيري | E4: الرصيد المستحق منذ تاريخ التعيين | F4: =IF(F3<=5,F3*21,(((F3-5)*30)+(5*21))) -> 24.533516
B5: المسمى الوظيفي | C5: =VLOOKUP(C3,score,13,FALSE) -> أخصائي خدمة عملاء | E5: الرصيد السنوي المستحق | F5: =IF(F3<=5,21,30) -> 21
B6: تاريخ التعيين | C6: =VLOOKUP(C3,score,14,FALSE) -> 45594 | E6: الرصيد المتبقي حتى اليوم | F6: =F4-E37 -> 17.533516
B8: احتساب رصيد الموظف لتارخ معين
B9: تاريخ بداية الاجازة | C9: 45657 | D9: =YEARFRAC(C9,C6,1) -> 0.17213115 | E9: الرصيد حتى تاريخه | F9: =(IF(D9<=5,D9*21,(((D9-5)*30)+(5*21))))-E37 -> -3.3852459
B10: الاجازات السنوية
B11: # | C11: تاريخ بداية الاجازة | D11: تاريخ نهاية الاجازة | E11: المدة | F11: هل تم صرف تذاكر السفر له
B12: 1 | C12: 45659 | D12: 45660 | E12: =D12-C12 -> 1
B13: 2 | C13: 45741 | D13: 45747 | E13: =D13-C13 -> 6
B14: 3 | E14: =D14-C14 -> 0
B15: 4 | E15: =D15-C15 -> 0
B16: 5 | E16: =D16-C16 -> 0
B17: 6 | E17: =D17-C17 -> 0
B18: 7 | E18: =D18-C18 -> 0
B19: 8 | E19: =D19-C19 -> 0
B20: 9 | E20: =D20-C20 -> 0
B21: 10 | E21: =D21-C21 -> 0
B22: 11 | E22: =D22-C22 -> 0
B23: 12 | E23: =D23-C23 -> 0
B24: 13 | E24: =D24-C24 -> 0
B25: 14 | E25: =D25-C25 -> 0
... B36: 25 | E36: =D36-C36 -> 0
B37: المجموع | E37: =SUM(E12:E36) -> 7
B39: الاجازات الأخرى
B41: # | C41: تاريخ بداية الاجازة | D41: تاريخ نهاية الاجازة | E41: المدة | F41: نوع الاجازة
B42: 1 | E42: =D42-C42 -> 0
B43: 2 | E43: =D43-C43 -> 0
B44: 3 | E44: =D44-C44 -> 0
B45: 4 | E45: =D45-C45 -> 0
B46: 5 | E46: =D46-C46 -> 0
B47: 6 | E47: =D47-C47 -> 0
B48: 7 | E48: =D48-C48 -> 0
B49: 8 | E49: =D49-C49 -> 0

Sheet 10062
B1: #VALUE!
B2: نموذج احتساب رصيد الاجازات
B3: رقم الموظف | C3: 10062 | E3: مدة العمل | F3: =YEARFRAC(TODAY(),C6,1) -> 1.0971272
B4: الاسم | C4: =VLOOKUP(C3,score,2,FALSE) -> طخيمه راشد عبدالله الحديبي | E4: الرصيد المستحق منذ تاريخ التعيين | F4: =IF(F3<=5,F3*21,(((F3-5)*30)+(5*21))) -> 23.039672
B5: المسمى الوظيفي | C5: =VLOOKUP(C3,score,13,FALSE) -> أخصائي مبيعات | E5: الرصيد السنوي المستحق | F5: =IF(F3<=5,21,30) -> 21
B6: تاريخ التعيين | C6: =VLOOKUP(C3,score,14,FALSE) -> 45620 | E6: الرصيد المتبقي حتى اليوم | F6: =F4-E37 -> 21.039672
B8: احتساب رصيد الموظف لتارخ معين
B9: تاريخ بداية الاجازة | C9: 45657 | D9: =YEARFRAC(C9,C6,1) -> 0.1010929 | E9: الرصيد حتى تاريخه | F9: =(IF(D9<=5,D9*21,(((D9-5)*30)+(5*21))))-E37 -> 0.12295082
B10: الاجازات السنوية
B11: # | C11: تاريخ بداية الاجازة | D11: تاريخ نهاية الاجازة | E11: المدة | F11: هل تم صرف تذاكر السفر له
B12: 1 | C12: 45666 | D12: 45667 | E12: =D12-C12 -> 1
B13: 2 | C13: 45724 | D13: 45725 | E13: =D13-C13 -> 1
B14: 3 | E14: =D14-C14 -> 0
B15: 4 | E15: =D15-C15 -> 0
B16: 5 | E16: =D16-C16 -> 0
B17: 6 | E17: =D17-C17 -> 0
B18: 7 | E18: =D18-C18 -> 0
B19: 8 | E19: =D19-C19 -> 0
B20: 9 | E20: =D20-C20 -> 0
B21: 10 | E21: =D21-C21 -> 0
B22: 11 | E22: =D22-C22 -> 0
B23: 12 | E23: =D23-C23 -> 0
B24: 13 | E24: =D24-C24 -> 0
B25: 14 | E25: =D25-C25 -> 0
... B36: 25 | E36: =D36-C36 -> 0
B37: المجموع | E37: =SUM(E12:E36) -> 2
B39: الاجازات الأخرى
B41: # | C41: تاريخ بداية الاجازة | D41: تاريخ نهاية الاجازة | E41: المدة | F41: نوع الاجازة
B42: 1 | E42: =D42-C42 -> 0
B43: 2 | E43: =D43-C43 -> 0
B44: 3 | E44: =D44-C44 -> 0
B45: 4 | E45: =D45-C45 -> 0
B46: 5 | E46: =D46-C46 -> 0
B47: 6 | E47: =D47-C47 -> 0
B48: 7 | E48: =D48-C48 -> 0
B49: 8 | E49: =D49-C49 -> 0

Sheet 10063
B1: #VALUE!
B2: نموذج احتساب رصيد الاجازات
B3: رقم الموظف | C3: 10063 | E3: مدة العمل | F3: =YEARFRAC(TODAY(),C6,1) -> 1.0642955
B4: الاسم | C4: =VLOOKUP(C3,score,2,FALSE) -> هياء عبدالله بن فهيد الهواشله | E4: الرصيد المستحق منذ تاريخ التعيين | F4: =IF(F3<=5,F3*21,(((F3-5)*30)+(5*21))) -> 22.350205
B5: المسمى الوظيفي | C5: =VLOOKUP(C3,score,13,FALSE) -> أخصائي مبيعات | E5: الرصيد السنوي المستحق | F5: =IF(F3<=5,21,30) -> 21
B6: تاريخ التعيين | C6: =VLOOKUP(C3,score,14,FALSE) -> 45632 | E6: الرصيد المتبقي حتى اليوم | F6: =F4-E37 -> 21.350205
B8: احتساب رصيد الموظف لتارخ معين
B9: تاريخ بداية الاجازة | C9: 45657 | D9: =YEARFRAC(C9,C6,1) -> 0.068306011 | E9: الرصيد حتى تاريخه | F9: =(IF(D9<=5,D9*21,(((D9-5)*30)+(5*21))))-E37 -> 0.43442623
B10: الاجازات السنوية
B11: # | C11: تاريخ بداية الاجازة | D11: تاريخ نهاية الاجازة | E11: المدة | F11: هل تم صرف تذاكر السفر له
B12: 1 | C12: 45688 | D12: 45689 | E12: =D12-C12 -> 1
B13: 2 | E13: =D13-C13 -> 0
B14: 3 | E14: =D14-C14 -> 0
B15: 4 | E15: =D15-C15 -> 0
B16: 5 | E16: =D16-C16 -> 0
B17: 6 | E17: =D17-C17 -> 0
B18: 7 | E18: =D18-C18 -> 0
B19: 8 | E19: =D19-C19 -> 0
B20: 9 | E20: =D20-C20 -> 0
B21: 10 | E21: =D21-C21 -> 0
B22: 11 | E22: =D22-C22 -> 0
B23: 12 | E23: =D23-C23 -> 0
B24: 13 | E24: =D24-C24 -> 0
... B36: 25 | E36: =D36-C36 -> 0
B37: المجموع | E37: =SUM(E12:E36) -> 1
B39: الاجازات الأخرى
B41: # | C41: تاريخ بداية الاجازة | D41: تاريخ نهاية الاجازة | E41: المدة | F41: نوع الاجازة
B42: 1 | E42: =D42-C42 -> 0
B43: 2 | E43: =D43-C43 -> 0
B44: 3 | E44: =D44-C44 -> 0
B45: 4 | E45: =D45-C45 -> 0
B46: 5 | E46: =D46-C46 -> 0
B47: 6 | E47: =D47-C47 -> 0
B48: 7 | E48: =D48-C48 -> 0
B49: 8 | E49: =D49-C49 -> 0

Sheet 10064
B1: #VALUE!
B2: نموذج احتساب رصيد الاجازات
B3: رقم الموظف | C3: 10064 | E3: مدة العمل | F3: =YEARFRAC(TODAY(),C6,1) -> 1.0341997
B4: الاسم | C4: =VLOOKUP(C3,score,2,FALSE) -> محمد نجيب عبدالوهاب عبدالله | E4: الرصيد المستحق منذ تاريخ التعيين | F4: =IF(F3<=5,F3*21,(((F3-5)*30)+(5*21))) -> 21.718194
B5: المسمى الوظيفي | C5: =VLOOKUP(C3,score,13,FALSE) -> عامل تعبئة وتغليف | E5: الرصيد السنوي المستحق | F5: =IF(F3<=5,21,30) -> 21
B6: تاريخ التعيين | C6: =VLOOKUP(C3,score,14,FALSE) -> 45643 | E6: الرصيد المتبقي حتى اليوم | F6: =F4-E37 -> 21.718194
B8: احتساب رصيد الموظف لتارخ معين
B9: تاريخ بداية الاجازة | C9: 45657 | D9: =YEARFRAC(C9,C6,1) -> 0.038251366 | E9: الرصيد حتى تاريخه | F9: =(IF(D9<=5,D9*21,(((D9-5)*30)+(5*21))))-E37 -> 0.80327869
B10: الاجازات السنوية
B11: # | C11: تاريخ بداية الاجازة | D11: تاريخ نهاية الاجازة | E11: المدة | F11: هل تم صرف تذاكر السفر له
B12: 1 | E12: =D12-C12 -> 0
B13: 2 | E13: =D13-C13 -> 0
B14: 3 | E14: =D14-C14 -> 0
B15: 4 | E15: =D15-C15 -> 0
B16: 5 | E16: =D16-C16 -> 0
B17: 6 | E17: =D17-C17 -> 0
B18: 7 | E18: =D18-C18 -> 0
B19: 8 | E19: =D19-C19 -> 0
B20: 9 | E20: =D20-C20 -> 0
B21: 10 | E21: =D21-C21 -> 0
B22: 11 | E22: =D22-C22 -> 0
B23: 12 | E23: =D23-C23 -> 0
... B36: 25 | E36: =D36-C36 -> 0
B37: المجموع | E37: =SUM(E12:E36) -> 0
B39: الاجازات الأخرى
B41: # | C41: تاريخ بداية الاجازة | D41: تاريخ نهاية الاجازة | E41: المدة | F41: نوع الاجازة
B42: 1 | E42: =D42-C42 -> 0
B43: 2 | E43: =D43-C43 -> 0
B44: 3 | E44: =D44-C44 -> 0
B45: 4 | E45: =D45-C45 -> 0
B46: 5 | E46: =D46-C46 -> 0
B47: 6 | E47: =D47-C47 -> 0
B48: 7 | E48: =D48-C48 -> 0
B49: 8 | E49: =D49-C49 -> 0

Sheet 10065
B1: #VALUE!
B2: نموذج احتساب رصيد الاجازات
B3: رقم الموظف | C3: 10065 | E3: مدة العمل | F3: =YEARFRAC(TODAY(),C6,1) -> 1.0205198
B4: الاسم | C4: =VLOOKUP(C3,score,2,FALSE) -> عبدالسلام كامل سيف عبده | E4: الرصيد المستحق منذ تاريخ التعيين | F4: =IF(F3<=5,F3*21,(((F3-5)*30)+(5*21))) -> 21.430917
B5: المسمى الوظيفي | C5: =VLOOKUP(C3,score,13,FALSE) -> عامل تحميل وتنزيل | E5: الرصيد السنوي المستحق | F5: =IF(F3<=5,21,30) -> 21
B6: تاريخ التعيين | C6: =VLOOKUP(C3,score,14,FALSE) -> 45648 | E6: الرصيد المتبقي حتى اليوم | F6: =F4-E37 -> 21.430917
B8: احتساب رصيد الموظف لتارخ معين
B9: تاريخ بداية الاجازة | C9: 45657 | D9: =YEARFRAC(C9,C6,1) -> 0.024590164 | E9: الرصيد حتى تاريخه | F9: =(IF(D9<=5,D9*21,(((D9-5)*30)+(5*21))))-E37 -> 0.51639344
B10: الاجازات السنوية
B11: # | C11: تاريخ بداية الاجازة | D11: تاريخ نهاية الاجازة | E11: المدة | F11: هل تم صرف تذاكر السفر له
B12: 1 | E12: =D12-C12 -> 0
B13: 2 | E13: =D13-C13 -> 0
B14: 3 | E14: =D14-C14 -> 0
B15: 4 | E15: =D15-C15 -> 0
B16: 5 | E16: =D16-C16 -> 0
B17: 6 | E17: =D17-C17 -> 0
B18: 7 | E18: =D18-C18 -> 0
B19: 8 | E19: =D19-C19 -> 0
B20: 9 | E20: =D20-C20 -> 0
B21: 10 | E21: =D21-C21 -> 0
B22: 11 | E22: =D22-C22 -> 0
B23: 12 | E23: =D23-C23 -> 0
... B36: 25 | E36: =D36-C36 -> 0
B37: المجموع | E37: =SUM(E12:E36) -> 0
B39: الاجازات الأخرى
B41: # | C41: تاريخ بداية الاجازة | D41: تاريخ نهاية الاجازة | E41: المدة | F41: نوع الاجازة
B42: 1 | E42: =D42-C42 -> 0
B43: 2 | E43: =D43-C43 -> 0
B44: 3 | E44: =D44-C44 -> 0
B45: 4 | E45: =D45-C45 -> 0
B46: 5 | E46: =D46-C46 -> 0
B47: 6 | E47: =D47-C47 -> 0
B48: 7 | E48: =D48-C48 -> 0
B49: 8 | E49: =D49-C49 -> 0

Sheet 10066
B1: #VALUE!
B2: نموذج احتساب رصيد الاجازات
B3: رقم الموظف | C3: 10066 | E3: مدة العمل | F3: =YEARFRAC(TODAY(),C6,1) -> 1.004104
B4: الاسم | C4: =VLOOKUP(C3,score,2,FALSE) -> نموذج الاجازة | E4: الرصيد المستحق منذ تاريخ التعيين | F4: =IF(F3<=5,F3*21,(((F3-5)*30)+(5*21))) -> 21.086183
B5: المسمى الوظيفي | C5: =VLOOKUP(C3,score,13,FALSE) -> أخصائي خدمة عملاء | E5: الرصيد السنوي المستحق | F5: =IF(F3<=5,21,30) -> 21
B6: تاريخ التعيين | C6: =VLOOKUP(C3,score,14,FALSE) -> 45654 | E6: الرصيد المتبقي حتى اليوم | F6: =F4-E37 -> 21.086183
B8: احتساب رصيد الموظف لتارخ معين
B9: تاريخ بداية الاجازة | C9: 45657 | D9: =YEARFRAC(C9,C6,1) -> 0.0081967213 | E9: الرصيد حتى تاريخه | F9: =(IF(D9<=5,D9*21,(((D9-5)*30)+(5*21))))-E37 -> 0.17213115
B10: الاجازات السنوية
B11: # | C11: تاريخ بداية الاجازة | D11: تاريخ نهاية الاجازة | E11: المدة | F11: هل تم صرف تذاكر السفر له
B12: 1 | E12: =D12-C12 -> 0
B13: 2 | E13: =D13-C13 -> 0
B14: 3 | E14: =D14-C14 -> 0
B15: 4 | E15: =D15-C15 -> 0
B16: 5 | E16: =D16-C16 -> 0
B17: 6 | E17: =D17-C17 -> 0
B18: 7 | E18: =D18-C18 -> 0
B19: 8 | E19: =D19-C19 -> 0
B20: 9 | E20: =D20-C20 -> 0
B21: 10 | E21: =D21-C21 -> 0
B22: 11 | E22: =D22-C22 -> 0
B23: 12 | E23: =D23-C23 -> 0
... B36: 25 | E36: =D36-C36 -> 0
B37: المجموع | E37: =SUM(E12:E36) -> 0
B39: الاجازات الأخرى
B41: # | C41: تاريخ بداية الاجازة | D41: تاريخ نهاية الاجازة | E41: المدة | F41: نوع الاجازة
B42: 1 | C42: 45800 | D42: 45805 | E42: =D42-C42 -> 5 | F42: زواج
B43: 2 | E43: =D43-C43 -> 0
B44: 3 | E44: =D44-C44 -> 0
B45: 4 | E45: =D45-C45 -> 0
B46: 5 | E46: =D46-C46 -> 0
B47: 6 | E47: =D47-C47 -> 0
B48: 7 | E48: =D48-C48 -> 0
B49: 8 | E49: =D49-C49 -> 0

Sheet 10067
B1: #VALUE!
B2: نموذج احتساب رصيد الاجازات
B3: رقم الموظف | C3: 10067 | E3: مدة العمل | F3: =YEARFRAC(TODAY(),C6,1) -> 0.94246575
B4: الاسم | C4: =VLOOKUP(C3,score,2,FALSE) -> HAZRAT KHAN HAJAT MIR | E4: الرصيد المستحق منذ تاريخ التعيين | F4: =IF(F3<=5,F3*21,(((F3-5)*30)+(5*21))) -> 19.791781
B5: المسمى الوظيفي | C5: =VLOOKUP(C3,score,13,FALSE) -> عامل مطبخ | E5: الرصيد السنوي المستحق | F5: =IF(F3<=5,21,30) -> 21
B6: تاريخ التعيين | C6: =VLOOKUP(C3,score,14,FALSE) -> 45677 | E6: الرصيد المتبقي حتى اليوم | F6: =F4-E37 -> 19.791781
B8: احتساب رصيد الموظف لتارخ معين
B9: تاريخ بداية الاجازة | C9: 45657 | D9: =YEARFRAC(C9,C6,1) -> 0.054794521 | E9: الرصيد حتى تاريخه | F9: =(IF(D9<=5,D9*21,(((D9-5)*30)+(5*21))))-E37 -> 1.1506849
B10: الاجازات السنوية
B11: # | C11: تاريخ بداية الاجازة | D11: تاريخ نهاية الاجازة | E11: المدة | F11: هل تم صرف تذاكر السفر له
B12: 1 | E12: =D12-C12 -> 0
B13: 2 | E13: =D13-C13 -> 0
B14: 3 | E14: =D14-C14 -> 0
B15: 4 | E15: =D15-C15 -> 0
B16: 5 | E16: =D16-C16 -> 0
B17: 6 | E17: =D17-C17 -> 0
B18: 7 | E18: =D18-C18 -> 0
B19: 8 | E19: =D19-C19 -> 0
B20: 9 | E20: =D20-C20 -> 0
B21: 10 | E21: =D21-C21 -> 0
B22: 11 | E22: =D22-C22 -> 0
B23: 12 | E23: =D23-C23 -> 0
... B36: 25 | E36: =D36-C36 -> 0
B37: المجموع | E37: =SUM(E12:E36) -> 0
B39: الاجازات الأخرى
B41: # | C41: تاريخ بداية الاجازة | D41: تاريخ نهاية الاجازة | E41: المدة | F41: نوع الاجازة
B42: 1 | E42: =D42-C42 -> 0
B43: 2 | E43: =D43-C43 -> 0
B44: 3 | E44: =D44-C44 -> 0
B45: 4 | E45: =D45-C45 -> 0
B46: 5 | E46: =D46-C46 -> 0
B47: 6 | E47: =D47-C47 -> 0
B48: 7 | E48: =D48-C48 -> 0
B49: 8 | E49: =D49-C49 -> 0

Sheet 10068
B1: #VALUE!
B2: نموذج احتساب رصيد الاجازات
B3: رقم الموظف | C3: 10068 | E3: مدة العمل | F3: =YEARFRAC(TODAY(),C6,1) -> 0.93424658
B4: الاسم | C4: =VLOOKUP(C3,score,2,FALSE) -> GHULAM MUSTAFA MAQBOOL AHMAD | E4: الرصيد المستحق منذ تاريخ التعيين | F4: =IF(F3<=5,F3*21,(((F3-5)*30)+(5*21))) -> 19.619178
B5: المسمى الوظيفي | C5: =VLOOKUP(C3,score,13,FALSE) -> عامل غسيل ملابس | E5: الرصيد السنوي المستحق | F5: =IF(F3<=5,21,30) -> 21
B6: تاريخ التعيين | C6: =VLOOKUP(C3,score,14,FALSE) -> 45680 | E6: الرصيد المتبقي حتى اليوم | F6: =F4-E37 -> 19.619178
B8: احتساب رصيد الموظف لتارخ معين
B9: تاريخ بداية الاجازة | C9: 45657 | D9: =YEARFRAC(C9,C6,1) -> 0.063013699 | E9: الرصيد حتى تاريخه | F9: =(IF(D9<=5,D9*21,(((D9-5)*30)+(5*21))))-E37 -> 1.3232877
B10: الاجازات السنوية
B11: # | C11: تاريخ بداية الاجازة | D11: تاريخ نهاية الاجازة | E11: المدة | F11: هل تم صرف تذاكر السفر له
B12: 1 | E12: =D12-C12 -> 0
B13: 2 | E13: =D13-C13 -> 0
B14: 3 | E14: =D14-C14 -> 0
B15: 4 | E15: =D15-C15 -> 0
B16: 5 | E16: =D16-C16 -> 0
B17: 6 | E17: =D17-C17 -> 0
B18: 7 | E18: =D18-C18 -> 0
B19: 8 | E19: =D19-C19 -> 0
B20: 9 | E20: =D20-C20 -> 0
B21: 10 | E21: =D21-C21 -> 0
B22: 11 | E22: =D22-C22 -> 0
B23: 12 | E23: =D23-C23 -> 0
... B36: 25 | E36: =D36-C36 -> 0
B37: المجموع | E37: =SUM(E12:E36) -> 0
B39: الاجازات الأخرى
B41: # | C41: تاريخ بداية الاجازة | D41: تاريخ نهاية الاجازة | E41: المدة | F41: نوع الاجازة
B42: 1 | E42: =D42-C42 -> 0
B43: 2 | E43: =D43-C43 -> 0
B44: 3 | E44: =D44-C44 -> 0
B45: 4 | E45: =D45-C45 -> 0
B46: 5 | E46: =D46-C46 -> 0
B47: 6 | E47: =D47-C47 -> 0
B48: 7 | E48: =D48-C48 -> 0
B49: 8 | E49: =D49-C49 -> 0

Sheet 10069
B1: #VALUE!
B2: نموذج احتساب رصيد الاجازات
B3: رقم الموظف | C3: 10069 | E3: مدة العمل | F3: =YEARFRAC(TODAY(),C6,1) -> 0.90958904
B4: الاسم | C4: =VLOOKUP(C3,score,2,FALSE) -> مرام احمد بن حسن الزهراني | E4: الرصيد المستحق منذ تاريخ التعيين | F4: =IF(F3<=5,F3*21,(((F3-5)*30)+(5*21))) -> 19.10137
B5: المسمى الوظيفي | C5: =VLOOKUP(C3,score,13,FALSE) -> أخصائي مبيعات | E5: الرصيد السنوي المستحق | F5: =IF(F3<=5,21,30) -> 21
B6: تاريخ التعيين | C6: =VLOOKUP(C3,score,14,FALSE) -> 45689 | E6: الرصيد المتبقي حتى اليوم | F6: =F4-E37 -> 18.10137
B8: احتساب رصيد الموظف لتارخ معين
B9: تاريخ بداية الاجازة | C9: 45657 | D9: =YEARFRAC(C9,C6,1) -> 0.087671233 | E9: الرصيد حتى تاريخه | F9: =(IF(D9<=5,D9*21,(((D9-5)*30)+(5*21))))-E37 -> 0.84109589
B10: الاجازات السنوية
B11: # | C11: تاريخ بداية الاجازة | D11: تاريخ نهاية الاجازة | E11: المدة | F11: هل تم صرف تذاكر السفر له
B12: 1 | C12: 45780 | D12: 45781 | E12: =D12-C12 -> 1
B13: 2 | E13: =D13-C13 -> 0
B14: 3 | E14: =D14-C14 -> 0
B15: 4 | E15: =D15-C15 -> 0
B16: 5 | E16: =D16-C16 -> 0
B17: 6 | E17: =D17-C17 -> 0
B18: 7 | E18: =D18-C18 -> 0
B19: 8 | E19: =D19-C19 -> 0
B20: 9 | E20: =D20-C20 -> 0
B21: 10 | E21: =D21-C21 -> 0
B22: 11 | E22: =D22-C22 -> 0
B23: 12 | E23: =D23-C23 -> 0
B24: 13 | E24: =D24-C24 -> 0
... B36: 25 | E36: =D36-C36 -> 0
B37: المجموع | E37: =SUM(E12:E36) -> 1
B39: الاجازات الأخرى
B41: # | C41: تاريخ بداية الاجازة | D41: تاريخ نهاية الاجازة | E41: المدة | F41: نوع الاجازة
B42: 1 | E42: =D42-C42 -> 0
B43: 2 | E43: =D43-C43 -> 0
B44: 3 | E44: =D44-C44 -> 0
B45: 4 | E45: =D45-C45 -> 0
B46: 5 | E46: =D46-C46 -> 0
B47: 6 | E47: =D47-C47 -> 0
B48: 7 | E48: =D48-C48 -> 0
B49: 8 | E49: =D49-C49 -> 0

Sheet 10070
B1: #VALUE!
B2: نموذج احتساب رصيد الاجازات
B3: رقم الموظف | C3: 10070 | E3: مدة العمل | F3: =YEARFRAC(TODAY(),C6,1) -> 0.81917808
B4: الاسم | C4: =VLOOKUP(C3,score,2,FALSE) -> نوره سعدون صقر العتيبي | E4: الرصيد المستحق منذ تاريخ التعيين | F4: =IF(F3<=5,F3*21,(((F3-5)*30)+(5*21))) -> 17.20274
B5: المسمى الوظيفي | C5: =VLOOKUP(C3,score,13,FALSE) -> أخصائي خدمة عملاء | E5: الرصيد السنوي المستحق | F5: =IF(F3<=5,21,30) -> 21
B6: تاريخ التعيين | C6: =VLOOKUP(C3,score,14,FALSE) -> 45722 | E6: الرصيد المتبقي حتى اليوم | F6: =F4-E37 -> 17.20274
B8: احتساب رصيد الموظف لتارخ معين
B9: تاريخ بداية الاجازة | C9: 45657 | D9: =YEARFRAC(C9,C6,1) -> 0.17808219 | E9: الرصيد حتى تاريخه | F9: =(IF(D9<=5,D9*21,(((D9-5)*30)+(5*21))))-E37 -> 3.739726
B10: الاجازات السنوية
B11: # | C11: تاريخ بداية الاجازة | D11: تاريخ نهاية الاجازة | E11: المدة | F11: هل تم صرف تذاكر السفر له
B12: 1 | E12: =D12-C12 -> 0
B13: 2 | E13: =D13-C13 -> 0
B14: 3 | E14: =D14-C14 -> 0
B15: 4 | E15: =D15-C15 -> 0
B16: 5 | E16: =D16-C16 -> 0
B17: 6 | E17: =D17-C17 -> 0
B18: 7 | E18: =D18-C18 -> 0
B19: 8 | E19: =D19-C19 -> 0
B20: 9 | E20: =D20-C20 -> 0
B21: 10 | E21: =D21-C21 -> 0
B22: 11 | E22: =D22-C22 -> 0
B23: 12 | E23: =D23-C23 -> 0
... B36: 25 | E36: =D36-C36 -> 0
B37: المجموع | E37: =SUM(E12:E36) -> 0
B39: الاجازات الأخرى
B41: # | C41: تاريخ بداية الاجازة | D41: تاريخ نهاية الاجازة | E41: المدة | F41: نوع الاجازة
B42: 1 | E42: =D42-C42 -> 0
B43: 2 | E43: =D43-C43 -> 0
B44: 3 | E44: =D44-C44 -> 0
B45: 4 | E45: =D45-C45 -> 0
B46: 5 | E46: =D46-C46 -> 0
B47: 6 | E47: =D47-C47 -> 0
B48: 7 | E48: =D48-C48 -> 0
B49: 8 | E49: =D49-C49 -> 0

Sheet 10071
B1: #VALUE!
B2: نموذج احتساب رصيد الاجازات
