Workbook

Sheet تكاليف المنتجات
A1: # | B1: Ingerident Name | C1: اسم المكون | D1: التكلفة قبل الضريبة (للمصفى) | F1: الصافي | G1: المصفى | H1: اسم الوصفة | J1: اوصال لحم بيستو | M1: كباب لحم | P1: شيش طاووق | S1: كباب دجاج | V1: حمسة لحم | Y1: دجاج فاهيتا | AB1: لبنة مع خضار | AE1: مصقعة باذنجان | AH1: تبولة | AK1: فتوش | AN1: بابا غنوج | AQ1: ورق عنب | AT1: ملفوف محشي | AW1: حمص كلاسيك | AZ1: حمص بيستو | BC1: متبل باذنجان | BF1: متبل خضار مشوية | BI1: ارز الزعفران | BL1: ذرة مشوية | BO1: كبة مقلية | BR1: زهرة مقلية | BU1: بطاطا حارة | BX1: بطاطا مشوية بالاعشاب | CA1: حمص لحم | CD1: صلصة ثوم | CG1: صلصة طحينة | CJ1: صلصة الجبنة | CM1: صلصة الزبادي | CP1: صلصة المايونيز الحارة | CS1: متبل محضر 1 كيلو | CV1: بيستو صوص 1 كيلو | CY1: حمص محضر 1 كيلو | DB1: خضار مشوية 1 كيلو | DE1: صوص فتوش | DH1: ذرة محضر 1 كيلو | DK1: صلصة طماطم محضرة
H2: التكلفة قبل الضريبة | J2: =SUM(K10:K142) -> 9.6924351 | M2: =SUM(N10:N142) -> 7.46828 | P2: =SUM(Q10:Q142) -> 4.1725675 | S2: =SUM(T10:T142) -> 5.0339158 | V2: =SUM(W10:W142) -> 6.633786 | Y2: =SUM(Z10:Z142) -> 4.2958416 | AB2: =SUM(AC10:AC142) -> 3.6889196 | AE2: =SUM(AF10:AF142) -> 2.87723 | AH2: =SUM(AI10:AI142) -> 1.1374836 | AK2: =SUM(AL10:AL142) -> 2.4518189 | AN2: =SUM(AO10:AO142) -> 4.0902399 | AQ2: =SUM(AR10:AR142) -> 4.3667579 | AT2: =SUM(AU10:AU142) -> 1.3528911 | AW2: =SUM(AX10:AX142) -> 2.1891231 | AZ2: =SUM(BA10:BA142) -> 3.9314167 | BC2: =SUM(BD10:BD142) -> 1.4439199 | BF2: =SUM(BG10:BG142) -> 3.0536774 | BI2: =SUM(BJ10:BJ142) -> 3.4456422 | BL2: =SUM(BM10:BM142) -> 1.3607709 | BO2: =SUM(BP10:BP142) -> 2.2973438 | BR2: =SUM(BS10:BS142) -> 3.6220431 | BU2: =SUM(BV10:BV142) -> 3.3522781 | BX2: =SUM(BY10:BY142) -> 1.8655869 | CA2: =SUM(CB10:CB142) -> 3.5869224 | CD2: =SUM(CE10:CE142) -> 0.26805875 | CG2: =SUM(CH10:CH142) -> 0.20513913 | CJ2: =SUM(CK10:CK142) -> 0.38352 | CM2: =SUM(CN10:CN142) -> 0.15968624 | CP2: =SUM(CQ10:CQ142) -> 0.16961198 | CS2: =SUM(CT10:CT142) -> 3.6376204 | CV2: =SUM(CW10:CW142) -> 60.350604 | CY2: =SUM(CZ10:CZ142) -> 4.8729168 | DB2: =SUM(DC10:DC192) -> 1.6099501 | DE2: =SUM(DF10:DF142) -> 0.20685852 | DH2: =SUM(DI10:DI142) -> 2.7179764 | DK2: =SUM(DL10:DL142) -> 2.5342246
H3: تكلفة التوصيل | J3: =18%*J5 -> 6.48 | M3: =18%*M5 -> 5.22 | P3: =18%*P5 -> 4.86 | S3: =18%*S5 -> 4.86 | V3: =18%*V5 -> 4.14 | Y3: =18%*Y5 -> 3.78 | AB3: =18%*AB5 -> 3.78 | AE3: =18%*AE5 -> 4.14 | AH3: =18%*AH5 -> 2.16 | AK3: =18%*AK5 -> 2.16 | AN3: =18%*AN5 -> 2.7 | AQ3: =18%*AQ5 -> 2.88 | AT3: =18%*AT5 -> 2.88 | AW3: =18%*AW5 -> 2.16 | AZ3: =18%*AZ5 -> 2.16 | BC3: =18%*BC5 -> 2.16 | BF3: =18%*BF5 -> 2.16 | BI3: =18%*BI5 -> 2.16 | BL3: =18%*BL5 -> 2.16 | BO3: =18%*BO5 -> 2.16 | BR3: =18%*BR5 -> 2.16 | BU3: =18%*BU5 -> 2.16 | BX3: =18%*BX5 -> 2.16 | CA3: =18%*CA5 -> 2.88 | CD3: =18%*CD5 -> 0.36 | CG3: =18%*CG5 -> 0.36 | CJ3: =18%*CJ5 -> 0.36 | CM3: =18%*CM5 -> 0.36 | CP3: =18%*CP5 -> 0.36 | CS3: =18%*CS2 -> 0.65477166 | CV3: =18%*CV2 -> 10.863109 | CY3: =18%*CY2 -> 0.87712503 | DB3: =18%*DB2 -> 0.28979101 | DE3: =18%*DE2 -> 0.037234533 | DH3: =18%*DH2 -> 0.48923575 | DK3: =18%*DK2 -> 0.45616043
H4: التكلفة الكلية | J4: =J2+J3 -> 16.172435 | M4: =M2+M3 -> 12.68828 | P4: =P2+P3 -> 9.0325675 | S4: =S2+S3 -> 9.8939158 | V4: =V2+V3 -> 10.773786 | Y4: =Y2+Y3 -> 8.0758416 | AB4: =AB2+AB3 -> 7.4689196 | AE4: =AE2+AE3 -> 7.01723 | AH4: =AH2+AH3 -> 3.2974836 | AK4: =AK2+AK3 -> 4.6118189 | AN4: =AN2+AN3 -> 6.7902399 | AQ4: =AQ2+AQ3 -> 7.2467579 | AT4: =AT2+AT3 -> 4.2328911 | AW4: =AW2+AW3 -> 4.3491231 | AZ4: =AZ2+AZ3 -> 6.0914167 | BC4: =BC2+BC3 -> 3.6039199 | BF4: =BF2+BF3 -> 5.2136774 | BI4: =BI2+BI3 -> 5.6056422 | BL4: =BL2+BL3 -> 3.5207709 | BO4: =BO2+BO3 -> 4.4573438 | BR4: =BR2+BR3 -> 5.7820431 | BU4: =BU2+BU3 -> 5.5122781 | BX4: =BX2+BX3 -> 4.0255869 | CA4: =CA2+CA3 -> 6.4669224 | CD4: =CD2+CD3 -> 0.62805875 | CG4: =CG2+CG3 -> 0.56513913 | CJ4: =CJ2+CJ3 -> 0.74352 | CM4: =CM2+CM3 -> 0.51968624 | CP4: =CP2+CP3 -> 0.52961198 | CS4: =CS2+CS3 -> 4.292392 | CV4: =CV2+CV3 -> 71.213712 | CY4: =CY2+CY3 -> 5.7500419 | DB4: =DB2+DB3 -> 1.8997411 | DE4: =DE2+DE3 -> 0.24409305 | DH4: =DH2+DH3 -> 3.2072122 | DK4: =DK2+DK3 -> 2.990385
H5: البيع شامل الضريبة | J5: 36 | M5: 29 | P5: 27 | S5: 27 | V5: 23 | Y5: 21 | AB5: 21 | AE5: 23 | AH5: 12 | AK5: 12 | AN5: 15 | AQ5: 16 | AT5: 16 | AW5: 12 | AZ5: 12 | BC5: 12 | BF5: 12 | BI5: 12 | BL5: 12 | BO5: 12 | BR5: 12 | BU5: 12 | BX5: 12 | CA5: 16 | CD5: 2 | CG5: 2 | CJ5: 2 | CM5: 2 | CP5: 2 | CS5: 10 | CV5: 2 | CY5: 2 | DB5: 2 | DE5: 2 | DH5: 2 | DK5: 2
E6: =1.1+0.21+0.236 -> 1.546 | H6: الضريبة | J6: =J5-J5/1.15 -> 4.6956522 | M6: =M5-M5/1.15 -> 3.7826087 | P6: =P5-P5/1.15 -> 3.5217391 | S6: =S5-S5/1.15 -> 3.5217391 | V6: =V5-V5/1.15 -> 3 | Y6: =Y5-Y5/1.15 -> 2.7391304 | AB6: =AB5-AB5/1.15 -> 2.7391304 | AE6: =AE5-AE5/1.15 -> 3 | AH6: =AH5-AH5/1.15 -> 1.5652174 | AK6: =AK5-AK5/1.15 -> 1.5652174 | AN6: =AN5-AN5/1.15 -> 1.9565217 | AQ6: =AQ5-AQ5/1.15 -> 2.0869565 | AT6: =AT5-AT5/1.15 -> 2.0869565 | AW6: =AW5-AW5/1.15 -> 1.5652174 | AZ6: =AZ5-AZ5/1.15 -> 1.5652174 | BC6: =BC5-BC5/1.15 -> 1.5652174 | BF6: =BF5-BF5/1.15 -> 1.5652174 | BI6: =BI5-BI5/1.15 -> 1.5652174 | BL6: =BL5-BL5/1.15 -> 1.5652174 | BO6: =BO5-BO5/1.15 -> 1.5652174 | BR6: =BR5-BR5/1.15 -> 1.5652174 | BU6: =BU5-BU5/1.15 -> 1.5652174 | BX6: =BX5-BX5/1.15 -> 1.5652174 | CA6: =CA5-CA5/1.15 -> 2.0869565 | CD6: =CD5-CD5/1.15 -> 0.26086957 | CG6: =CG5-CG5/1.15 -> 0.26086957 | CJ6: =CJ5-CJ5/1.15 -> 0.26086957 | CM6: =CM5-CM5/1.15 -> 0.26086957 | CP6: =CP5-CP5/1.15 -> 0.26086957 | CS6: =CS5-CS5/1.15 -> 1.3043478 | CV6: =CV5-CV5/1.15 -> 0.26086957 | CY6: =CY5-CY5/1.15 -> 0.26086957 | DB6: =DB5-DB5/1.15 -> 0.26086957 | DE6: =DE5-DE5/1.15 -> 0.26086957 | DH6: =DH5-DH5/1.15 -> 0.26086957 | DK6: =DK5-DK5/1.15 -> 0.26086957
H7: الصافي | J7: =J5-J4-J6 -> 15.131913 | M7: =M5-M4-M6 -> 12.529111 | P7: =P5-P4-P6 -> 14.445693 | S7: =S5-S4-S6 -> 13.584345 | V7: =V5-V4-V6 -> 9.226214 | Y7: =Y5-Y4-Y6 -> 10.185028 | AB7: =AB5-AB4-AB6 -> 10.79195 | AE7: =AE5-AE4-AE6 -> 12.98277 | AH7: =AH5-AH4-AH6 -> 7.137299 | AK7: =AK5-AK4-AK6 -> 5.8229637 | AN7: =AN5-AN4-AN6 -> 6.2532384 | AQ7: =AQ5-AQ4-AQ6 -> 6.6662856 | AT7: =AT5-AT4-AT6 -> 9.6801523 | AW7: =AW5-AW4-AW6 -> 6.0856595 | AZ7: =AZ5-AZ4-AZ6 -> 4.3433659 | BC7: =BC5-BC4-BC6 -> 6.8308627 | BF7: =BF5-BF4-BF6 -> 5.2211052 | BI7: =BI5-BI4-BI6 -> 4.8291405 | BL7: =BL5-BL4-BL6 -> 6.9140117 | BO7: =BO5-BO4-BO6 -> 5.9774388 | BR7: =BR5-BR4-BR6 -> 4.6527395 | BU7: =BU5-BU4-BU6 -> 4.9225045 | BX7: =BX5-BX4-BX6 -> 6.4091957 | CA7: =CA5-CA4-CA6 -> 7.4461211 | CD7: =CD5-CD4-CD6 -> 1.1110717 | CG7: =CG5-CG4-CG6 -> 1.1739913 | CJ7: =CJ5-CJ4-CJ6 -> 0.99561043 | CM7: =CM5-CM4-CM6 -> 1.2194442 | CP7: =CP5-CP4-CP6 -> 1.2095185 | CS7: =CS5-CS4-CS6 -> 4.4032602 | CV7: =CV5-CV4-CV6 -> -69.474582 | CY7: =CY5-CY4-CY6 -> -4.0109114 | DB7: =DB5-DB4-DB6 -> -0.16061064 | DE7: =DE5-DE4-DE6 -> 1.4950374 | DH7: =DH5-DH4-DH6 -> -1.4680817 | DK7: =DK5-DK4-DK6 -> -1.2512546
H8: نسبة التكلفة | J8: =J4/(J5-J6) -> 0.51661946 | M8: =M4/(M5-M6) -> 0.50315593 | P8: =P4/(P5-P6) -> 0.38472047 | S8: =S4/(S5-S6) -> 0.42140753 | V8: =V4/(V5-V6) -> 0.5386893 | Y8: =Y4/(Y5-Y6) -> 0.44224847 | AB8: =AB4/(AB5-AB6) -> 0.40901226 | AE8: =AE4/(AE5-AE6) -> 0.3508615 | AH8: =AH4/(AH5-AH6) -> 0.31600885 | AK8: =AK4/(AK5-AK6) -> 0.44196598 | AN8: =AN4/(AN5-AN6) -> 0.52058506 | AQ8: =AQ4/(AQ5-AQ6) -> 0.52086072 | AT8: =AT4/(AT5-AT6) -> 0.30423905 | AW8: =AW4/(AW5-AW6) -> 0.41679097 | AZ8: =AZ4/(AZ5-AZ6) -> 0.58376077 | BC8: =BC4/(BC5-BC6) -> 0.34537566 | BF8: =BF4/(BF5-BF6) -> 0.49964408 | BI8: =BI4/(BI5-BI6) -> 0.53720737 | BL8: =BL4/(BL5-BL6) -> 0.33740722 | BO8: =BO4/(BO5-BO6) -> 0.42716211 | BR8: =BR4/(BR5-BR6) -> 0.55411247 | BU8: =BU4/(BU5-BU6) -> 0.52825999 | BX8: =BX4/(BX5-BX6) -> 0.38578541 | CA8: =CA4/(CA5-CA6) -> 0.46481005 | CD8: =CD4/(CD5-CD6) -> 0.36113378 | CG8: =CG4/(CG5-CG6) -> 0.324955 | CJ8: =CJ4/(CJ5-CJ6) -> 0.427524 | CM8: =CM4/(CM5-CM6) -> 0.29881959 | CP8: =CP4/(CP5-CP6) -> 0.30452689 | CS8: =CS4/(CS5-CS6) -> 0.49362508 | CV8: =CV4/(CV5-CV6) -> 40.947885 | CY8: =CY4/(CY5-CY6) -> 3.3062741 | DB8: =DB4/(DB5-DB6) -> 1.0923511 | DE8: =DE4/(DE5-DE6) -> 0.1403535 | DH8: =DH4/(DH5-DH6) -> 1.844147 | DK8: =DK4/(DK5-DK6) -> 1.7194714
H9: الضريبة | I9: التكلفة شامل الضريبة | J9: الكمية | K9: التكلفة | L9: نسبة التكلفة | M9: الكمية | N9: التكلفة | O9: نسبة التكلفة | P9: الكمية | Q9: التكلفة | R9: نسبة التكلفة | S9: الكمية | T9: التكلفة | U9: نسبة التكلفة | V9: الكمية | W9: التكلفة | X9: نسبة التكلفة | Y9: الكمية | Z9: التكلفة | AA9: نسبة التكلفة | AB9: الكمية | AC9: التكلفة | AD9: نسبة التكلفة | AE9: الكمية | AF9: التكلفة | AG9: نسبة التكلفة | AH9: الكمية | AI9: التكلفة | AJ9: نسبة التكلفة | AK9: الكمية | AL9: التكلفة | AM9: نسبة التكلفة | AN9: الكمية | AO9: التكلفة | AP9: نسبة التكلفة | AQ9: الكمية | AR9: التكلفة | AS9: نسبة التكلفة | AT9: الكمية | AU9: التكلفة | AV9: نسبة التكلفة | AW9: الكمية | AX9: التكلفة | AY9: نسبة التكلفة | AZ9: الكمية | BA9: التكلفة | BB9: نسبة التكلفة | BC9: الكمية | BD9: التكلفة | BE9: نسبة التكلفة | BF9: الكمية | BG9: التكلفة | BH9: نسبة التكلفة | BI9: الكمية | BJ9: التكلفة | BK9: نسبة التكلفة | BL9: الكمية | BM9: التكلفة | BN9: نسبة التكلفة | BO9: الكمية | BP9: التكلفة | BQ9: نسبة التكلفة | BR9: الكمية | BS9: التكلفة | BT9: نسبة التكلفة | BU9: الكمية | BV9: التكلفة | BW9: نسبة التكلفة | BX9: الكمية | BY9: التكلفة | BZ9: نسبة التكلفة | CA9: الكمية | CB9: التكلفة | CC9: نسبة التكلفة | CD9: الكمية | CE9: التكلفة | CF9: نسبة التكلفة | CG9: الكمية | CH9: التكلفة | CI9: نسبة التكلفة | CJ9: الكمية | CK9: التكلفة | CL9: نسبة التكلفة | CM9: الكمية | CN9: التكلفة | CO9: نسبة التكلفة | CP9: الكمية | CQ9: التكلفة | CR9: نسبة التكلفة | CS9: الكمية | CT9: التكلفة | CU9: نسبة التكلفة | CV9: الكمية | CW9: التكلفة | CX9: نسبة التكلفة | CY9: الكمية | CZ9: التكلفة | DA9: نسبة التكلفة | DB9: الكمية | DC9: التكلفة | DD9: نسبة التكلفة | DE9: الكمية | DF9: التكلفة | DG9: نسبة التكلفة | DH9: الكمية | DI9: التكلفة | DJ9: نسبة التكلفة | DK9: الكمية | DL9: التكلفة | DM9: نسبة التكلفة
A10: 1 | B10: Shawarma chicken | C10: دجاج شاورما | D10: =E10/G10 -> 19.375 | E10: 15.5 | F10: 1 | G10: 0.8 | H10: =D10*15% -> 2.90625 | I10: =H10+D10 -> 22.28125 | K10: =J10*D10 -> 0 | L10: =K10/$J$2 -> 0 | N10: =M10*D10 -> 0 | O10: =N10/$M$2 -> 0 | Q10: =P10*D10 -> 0 | R10: =Q10/$P$2 -> 0 | S10: 0.12 | T10: =S10*D10 -> 2.325 | U10: =T10/$S$2 -> 0.46186708 | W10: =V10*D10 -> 0 | X10: =W10/$V$2 -> 0 | Z10: =Y10*D10 -> 0 | AA10: =Z10/$Y$2 -> 0 | AC10: =AB10*D10 -> 0 | AD10: =AC10/$AB$2 -> 0 | AF10: =AE10*D10 -> 0 | AG10: =AF10/$AE$2 -> 0 | AI10: =AH10*D10 -> 0 | AJ10: =AI10/$AH$2 -> 0 | AL10: =AK10*D10 -> 0 | AM10: =AL10/$AK$2 -> 0 | AO10: =AN10*D10 -> 0 | AP10: =AO10/$AN$2 -> 0 | AR10: =AQ10*D10 -> 0 | AS10: =AR10/$AQ$2 -> 0 | AU10: =D10*AT10 -> 0 | AV10: =AU10/$AT$2 -> 0 | AX10: =D10*AW10 -> 0 | AY10: =AX10/$AW$2 -> 0 | BA10: =AZ10*D10 -> 0 | BB10: =BA10/$AZ$2 -> 0 | BD10: =D10*BC10 -> 0 | BE10: =BD10/$BC$2 -> 0 | BG10: =D10*BF10 -> 0 | BH10: =BG10/$BF$2 -> 0 | BJ10: =BI10*D10 -> 0 | BK10: =BJ10/$BI$2 -> 0 | BM10: =BL10*D10 -> 0 | BN10: =BM10/$BL$2 -> 0 | BP10: =BO10*D10 -> 0 | BQ10: =BP10/$BO$2 -> 0 | BS10: =D10*BR10 -> 0 | BT10: =BS10/$BR$2 -> 0 | BV10: =BU10*D10 -> 0 | BW10: =BV10/$BU$2 -> 0 | BY10: =D10*BX10 -> 0 | BZ10: =BY10/$BX$2 -> 0 | CB10: =CA10*D10 -> 0 | CC10: =CB10/$CA$2 -> 0 | CE10: =D10*CD10 -> 0 | CF10: =CE10/$CD$2 -> 0 | CH10: =D10*CG10 -> 0 | CI10: =CH10/$CG$2 -> 0 | CK10: =D10*CJ10 -> 0 | CL10: =CK10/$CJ$2 -> 0 | CN10: =D10*CM10 -> 0 | CO10: =CN10/$CM$2 -> 0 | CQ10: =CP10*D10 -> 0 | CR10: =CQ10/$CP$2 -> 0 | CT10: =CS10*G10 -> 0 | CU10: =CT10/$CP$2 -> 0 | CW10: =CV10*D10 -> 0 | CX10: =CW10/$CP$2 -> 0 | CZ10: =CY10*M10 -> 0 | DA10: =CZ10/$CP$2 -> 0 | DC10: =DB10*P10 -> 0 | DD10: =DC10/$CP$2 -> 0 | DF10: =DE10*D10 -> 0 | DG10: =DF10/$CP$2 -> 0 | DI10: =DH10*D10 -> 0 | DJ10: =DI10/$CP$2 -> 0 | DL10: =DK10*D10 -> 0 | DM10: =DL10/$CP$2 -> 0
A11: 2 | B11: Tenderloin | C11: لحم تندرلوين | D11: =E11/G11 -> 58.75 | E11: 47 | F11: 1 | G11: 0.8 | H11: =D11*15% -> 8.8125 | I11: =H11+D11 -> 67.5625 | J11: 0.12 | K11: =J11*D11 -> 7.05 | L11: =K11/$J$2 -> 0.72737139 | N11: =M11*D11 -> 0 | O11: =N11/$M$2 -> 0 | Q11: =P11*D11 -> 0 | R11: =Q11/$P$2 -> 0 | T11: =S11*D11 -> 0 | U11: =T11/$S$2 -> 0 | V11: 0.07 | W11: =V11*D11 -> 4.1125 | X11: =W11/$V$2 -> 0.61993256 | Z11: =Y11*D11 -> 0 | AA11: =Z11/$Y$2 -> 0 | AC11: =AB11*D11 -> 0 | AD11: =AC11/$AB$2 -> 0 | AF11: =AE11*D11 -> 0 | AG11: =AF11/$AE$2 -> 0 | AI11: =AH11*D11 -> 0 | AJ11: =AI11/$AH$2 -> 0 | AL11: =AK11*D11 -> 0 | AM11: =AL11/$AK$2 -> 0 | AO11: =AN11*D11 -> 0 | AP11: =AO11/$AN$2 -> 0 | AR11: =AQ11*D11 -> 0 | AS11: =AR11/$AQ$2 -> 0 | AU11: =D11*AT11 -> 0 | AV11: =AU11/$AT$2 -> 0 | AX11: =D11*AW11 -> 0 | AY11: =AX11/$AW$2 -> 0 | BA11: =AZ11*D11 -> 0 | BB11: =BA11/$AZ$2 -> 0 | BD11: =D11*BC11 -> 0 | BE11: =BD11/$BC$2 -> 0 | BG11: =D11*BF11 -> 0 | BH11: =BG11/$BF$2 -> 0 | BJ11: =BI11*D11 -> 0 | BK11: =BJ11/$BI$2 -> 0 | BM11: =BL11*D11 -> 0 | BN11: =BM11/$BL$2 -> 0 | BP11: =BO11*D11 -> 0 | BQ11: =BP11/$BO$2 -> 0 | BS11: =D11*BR11 -> 0 | BT11: =BS11/$BR$2 -> 0 | BV11: =BU11*D11 -> 0 | BW11: =BV11/$BU$2 -> 0 | BY11: =D11*BX11 -> 0 | BZ11: =BY11/$BX$2 -> 0 | CA11: 0.03 | CB11: =CA11*D11 -> 1.7625 | CC11: =CB11/$CA$2 -> 0.49136831 | CE11: =D11*CD11 -> 0 | CF11: =CE11/$CD$2 -> 0 | CH11: =D11*CG11 -> 0 | CI11: =CH11/$CG$2 -> 0 | CK11: =D11*CJ11 -> 0 | CL11: =CK11/$CJ$2 -> 0 | CN11: =D11*CM11 -> 0 | CO11: =CN11/$CM$2 -> 0 | CQ11: =CP11*D11 -> 0 | CR11: =CQ11/$CP$2 -> 0 | CT11: =CS11*G11 -> 0 | CU11: =CT11/$CP$2 -> 0 | CW11: =CV11*D11 -> 0 | CX11: =CW11/$CP$2 -> 0 | CZ11: =CY11*M11 -> 0 | DA11: =CZ11/$CP$2 -> 0 | DC11: =DB11*P11 -> 0 | DD11: =DC11/$CP$2 -> 0 | DF11: =DE11*D11 -> 0 | DG11: =DF11/$CP$2 -> 0 | DI11: =DH11*D11 -> 0 | DJ11: =DI11/$CP$2 -> 0 | DL11: =DK11*D11 -> 0 | DM11: =DL11/$CP$2 -> 0
A12: 3 | B12: Beef Brisket | C12: لحم بريسكت | D12: =E12/G12 -> 50 | E12: 40 | F12: 1 | G12: 0.8 | H12: =D12*15% -> 7.5 | I12: =H12+D12 -> 57.5 | K12: =J12*D12 -> 0 | L12: =K12/$J$2 -> 0 | M12: 0.05 | N12: =M12*D12 -> 2.5 | O12: =N12/$M$2 -> 0.3347491 | Q12: =P12*D12 -> 0 | R12: =Q12/$P$2 -> 0 | T12: =S12*D12 -> 0 | U12: =T12/$S$2 -> 0 | W12: =V12*D12 -> 0 | X12: =W12/$V$2 -> 0 | Z12: =Y12*D12 -> 0 | AA12: =Z12/$Y$2 -> 0 | AC12: =AB12*D12 -> 0 | AD12: =AC12/$AB$2 -> 0 | AF12: =AE12*D12 -> 0 | AG12: =AF12/$AE$2 -> 0 | AI12: =AH12*D12 -> 0 | AJ12: =AI12/$AH$2 -> 0 | AL12: =AK12*D12 -> 0 | AM12: =AL12/$AK$2 -> 0 | AO12: =AN12*D12 -> 0 | AP12: =AO12/$AN$2 -> 0 | AR12: =AQ12*D12 -> 0 | AS12: =AR12/$AQ$2 -> 0 | AU12: =D12*AT12 -> 0 | AV12: =AU12/$AT$2 -> 0 | AX12: =D12*AW12 -> 0 | AY12: =AX12/$AW$2 -> 0 | BA12: =AZ12*D12 -> 0 | BB12: =BA12/$AZ$2 -> 0 | BD12: =D12*BC12 -> 0 | BE12: =BD12/$BC$2 -> 0 | BG12: =D12*BF12 -> 0 | BH12: =BG12/$BF$2 -> 0 | BJ12: =BI12*D12 -> 0 | BK12: =BJ12/$BI$2 -> 0 | BM12: =BL12*D12 -> 0 | BN12: =BM12/$BL$2 -> 0 | BP12: =BO12*D12 -> 0 | BQ12: =BP12/$BO$2 -> 0 | BS12: =D12*BR12 -> 0 | BT12: =BS12/$BR$2 -> 0 | BV12: =BU12*D12 -> 0 | BW12: =BV12/$BU$2 -> 0 | BY12: =D12*BX12 -> 0 | BZ12: =BY12/$BX$2 -> 0 | CB12: =CA12*D12 -> 0 | CC12: =CB12/$CA$2 -> 0 | CE12: =D12*CD12 -> 0 | CF12: =CE12/$CD$2 -> 0 | CH12: =D12*CG12 -> 0 | CI12: =CH12/$CG$2 -> 0 | CK12: =D12*CJ12 -> 0 | CL12: =CK12/$CJ$2 -> 0 | CN12: =D12*CM12 -> 0 | CO12: =CN12/$CM$2 -> 0 | CQ12: =CP12*D12 -> 0 | CR12: =CQ12/$CP$2 -> 0 | CT12: =CS12*G12 -> 0 | CU12: =CT12/$CP$2 -> 0 | CW12: =CV12*D12 -> 0 | CX12: =CW12/$CP$2 -> 0 | CZ12: =CY12*M12 -> 0 | DA12: =CZ12/$CP$2 -> 0 | DC12: =DB12*P12 -> 0 | DD12: =DC12/$CP$2 -> 0 | DF12: =DE12*D12 -> 0 | DG12: =DF12/$CP$2 -> 0 | DI12: =DH12*D12 -> 0 | DJ12: =DI12/$CP$2 -> 0 | DL12: =DK12*D12 -> 0 | DM12: =DL12/$CP$2 -> 0
A13: 4 | B13: Beef chuck | C13: لحم تشك | D13: =E13/G13 -> 50 | E13: 40 | F13: 1 | G13: 0.8 | H13: =D13*15% -> 7.5 | I13: =H13+D13 -> 57.5 | K13: =J13*D13 -> 0 | L13: =K13/$J$2 -> 0 | M13: 0.05 | N13: =M13*D13 -> 2.5 | O13: =N13/$M$2 -> 0.3347491 | Q13: =P13*D13 -> 0 | R13: =Q13/$P$2 -> 0 | T13: =S13*D13 -> 0 | U13: =T13/$S$2 -> 0 | W13: =V13*D13 -> 0 | X13: =W13/$V$2 -> 0 | Z13: =Y13*D13 -> 0 | AA13: =Z13/$Y$2 -> 0 | AC13: =AB13*D13 -> 0 | AD13: =AC13/$AB$2 -> 0 | AF13: =AE13*D13 -> 0 | AG13: =AF13/$AE$2 -> 0 | AI13: =AH13*D13 -> 0 | AJ13: =AI13/$AH$2 -> 0 | AL13: =AK13*D13 -> 0 | AM13: =AL13/$AK$2 -> 0 | AO13: =AN13*D13 -> 0 | AP13: =AO13/$AN$2 -> 0 | AR13: =AQ13*D13 -> 0 | AS13: =AR13/$AQ$2 -> 0 | AU13: =D13*AT13 -> 0 | AV13: =AU13/$AT$2 -> 0 | AX13: =D13*AW13 -> 0 | AY13: =AX13/$AW$2 -> 0 | BA13: =AZ13*D13 -> 0 | BB13: =BA13/$AZ$2 -> 0 | BD13: =D13*BC13 -> 0 | BE13: =BD13/$BC$2 -> 0 | BG13: =D13*BF13 -> 0 | BH13: =BG13/$BF$2 -> 0 | BJ13: =BI13*D13 -> 0 | BK13: =BJ13/$BI$2 -> 0 | BM13: =BL13*D13 -> 0 | BN13: =BM13/$BL$2 -> 0 | BO13: 0.02 | BP13: =BO13*D13 -> 1 | BQ13: =BP13/$BO$2 -> 0.43528531 | BS13: =D13*BR13 -> 0 | BT13: =BS13/$BR$2 -> 0 | BV13: =BU13*D13 -> 0 | BW13: =BV13/$BU$2 -> 0 | BY13: =D13*BX13 -> 0 | BZ13: =BY13/$BX$2 -> 0 | CB13: =CA13*D13 -> 0 | CC13: =CB13/$CA$2 -> 0 | CE13: =D13*CD13 -> 0 | CF13: =CE13/$CD$2 -> 0 | CH13: =D13*CG13 -> 0 | CI13: =CH13/$CG$2 -> 0 | CK13: =D13*CJ13 -> 0 | CL13: =CK13/$CJ$2 -> 0 | CN13: =D13*CM13 -> 0 | CO13: =CN13/$CM$2 -> 0 | CQ13: =CP13*D13 -> 0 | CR13: =CQ13/$CP$2 -> 0 | CT13: =CS13*G13 -> 0 | CU13: =CT13/$CP$2 -> 0 | CW13: =CV13*D13 -> 0 | CX13: =CW13/$CP$2 -> 0 | CZ13: =CY13*M13 -> 0 | DA13: =CZ13/$CP$2 -> 0 | DC13: =DB13*P13 -> 0 | DD13: =DC13/$CP$2 -> 0 | DF13: =DE13*D13 -> 0 | DG13: =DF13/$CP$2 -> 0 | DI13: =DH13*D13 -> 0 | DJ13: =DI13/$CP$2 -> 0 | DL13: =DK13*D13 -> 0 | DM13: =DL13/$CP$2 -> 0
A14: 5 | B14: Chicken breast | C14: صدور دجاج | D14: =E14/G14 -> 17.894737 | E14: 17 | F14: 1 | G14: 0.95 | H14: =D14*15% -> 2.6842105 | I14: =H14+D14 -> 20.578947 | K14: =J14*D14 -> 0 | L14: =K14/$J$2 -> 0 | N14: =M14*D14 -> 0 | O14: =N14/$M$2 -> 0 | P14: 0.12 | Q14: =P14*D14 -> 2.1473684 | R14: =Q14/$P$2 -> 0.51463959 | T14: =S14*D14 -> 0 | U14: =T14/$S$2 -> 0 | W14: =V14*D14 -> 0 | X14: =W14/$V$2 -> 0 | Y14: 0.1 | Z14: =Y14*D14 -> 1.7894737 | AA14: =Z14/$Y$2 -> 0.41655951 | AC14: =AB14*D14 -> 0 | AD14: =AC14/$AB$2 -> 0 | AF14: =AE14*D14 -> 0 | AG14: =AF14/$AE$2 -> 0 | AI14: =AH14*D14 -> 0 | AJ14: =AI14/$AH$2 -> 0 | AL14: =AK14*D14 -> 0 | AM14: =AL14/$AK$2 -> 0 | AO14: =AN14*D14 -> 0 | AP14: =AO14/$AN$2 -> 0 | AR14: =AQ14*D14 -> 0 | AS14: =AR14/$AQ$2 -> 0 | AU14: =D14*AT14 -> 0 | AV14: =AU14/$AT$2 -> 0 | AX14: =D14*AW14 -> 0 | AY14: =AX14/$AW$2 -> 0 | BA14: =AZ14*D14 -> 0 | BB14: =BA14/$AZ$2 -> 0 | BD14: =D14*BC14 -> 0 | BE14: =BD14/$BC$2 -> 0 | BG14: =D14*BF14 -> 0 | BH14: =BG14/$BF$2 -> 0 | BJ14: =BI14*D14 -> 0 | BK14: =BJ14/$BI$2 -> 0 | BM14: =BL14*D14 -> 0 | BN14: =BM14/$BL$2 -> 0 | BP14: =BO14*D14 -> 0 | BQ14: =BP14/$BO$2 -> 0 | BS14: =D14*BR14 -> 0 | BT14: =BS14/$BR$2 -> 0 | BV14: =BU14*D14 -> 0 | BW14: =BV14/$BU$2 -> 0 | BY14: =D14*BX14 -> 0 | BZ14: =BY14/$BX$2 -> 0 | CB14: =CA14*D14 -> 0 | CC14: =CB14/$CA$2 -> 0 | CE14: =D14*CD14 -> 0 | CF14: =CE14/$CD$2 -> 0 | CH14: =D14*CG14 -> 0 | CI14: =CH14/$CG$2 -> 0 | CK14: =D14*CJ14 -> 0 | CL14: =CK14/$CJ$2 -> 0 | CN14: =D14*CM14 -> 0 | CO14: =CN14/$CM$2 -> 0 | CQ14: =CP14*D14 -> 0 | CR14: =CQ14/$CP$2 -> 0 | CT14: =CS14*G14 -> 0 | CU14: =CT14/$CP$2 -> 0 | CW14: =CV14*D14 -> 0 | CX14: =CW14/$CP$2 -> 0 | CZ14: =CY14*M14 -> 0 | DA14: =CZ14/$CP$2 -> 0 | DC14: =DB14*P14 -> 0 | DD14: =DC14/$CP$2 -> 0 | DF14: =DE14*D14 -> 0 | DG14: =DF14/$CP$2 -> 0 | DI14: =DH14*D14 -> 0 | DJ14: =DI14/$CP$2 -> 0 | DL14: =DK14*D14 -> 0 | DM14: =DL14/$CP$2 -> 0
A15: 6 | B15: All spice | C15: بهارات مشكلة | D15: =E15/G15 -> 10 | E15: 10 | F15: 1 | G15: 1 | H15: =D15*15% -> 1.5 | I15: =H15+D15 -> 11.5 | K15: =J15*D15 -> 0 | L15: =K15/$J$2 -> 0 | N15: =M15*D15 -> 0 | O15: =N15/$M$2 -> 0 | Q15: =P15*D15 -> 0 | R15: =Q15/$P$2 -> 0 | T15: =S15*D15 -> 0 | U15: =T15/$S$2 -> 0 | W15: =V15*D15 -> 0 | X15: =W15/$V$2 -> 0 | Z15: =Y15*D15 -> 0 | AA15: =Z15/$Y$2 -> 0 | AC15: =AB15*D15 -> 0 | AD15: =AC15/$AB$2 -> 0 | AF15: =AE15*D15 -> 0 | AG15: =AF15/$AE$2 -> 0 | AI15: =AH15*D15 -> 0 | AJ15: =AI15/$AH$2 -> 0 | AL15: =AK15*D15 -> 0 | AM15: =AL15/$AK$2 -> 0 | AO15: =AN15*D15 -> 0 | AP15: =AO15/$AN$2 -> 0 | AR15: =AQ15*D15 -> 0 | AS15: =AR15/$AQ$2 -> 0 | AU15: =D15*AT15 -> 0 | AV15: =AU15/$AT$2 -> 0 | AX15: =D15*AW15 -> 0 | AY15: =AX15/$AW$2 -> 0 | BA15: =AZ15*D15 -> 0 | BB15: =BA15/$AZ$2 -> 0 | BD15: =D15*BC15 -> 0 | BE15: =BD15/$BC$2 -> 0 | BG15: =D15*BF15 -> 0 | BH15: =BG15/$BF$2 -> 0 | BJ15: =BI15*D15 -> 0 | BK15: =BJ15/$BI$2 -> 0 | BM15: =BL15*D15 -> 0 | BN15: =BM15/$BL$2 -> 0 | BO15: 0.0004 | BP15: =BO15*D15 -> 0.004 | BQ15: =BP15/$BO$2 -> 0.0017411412 | BS15: =D15*BR15 -> 0 | BT15: =BS15/$BR$2 -> 0 | BV15: =BU15*D15 -> 0 | BW15: =BV15/$BU$2 -> 0 | BY15: =D15*BX15 -> 0 | BZ15: =BY15/$BX$2 -> 0 | CB15: =CA15*D15 -> 0 | CC15: =CB15/$CA$2 -> 0 | CE15: =D15*CD15 -> 0 | CF15: =CE15/$CD$2 -> 0 | CH15: =D15*CG15 -> 0 | CI15: =CH15/$CG$2 -> 0 | CK15: =D15*CJ15 -> 0 | CL15: =CK15/$CJ$2 -> 0 | CN15: =D15*CM15 -> 0 | CO15: =CN15/$CM$2 -> 0 | CQ15: =CP15*D15 -> 0 | CR15: =CQ15/$CP$2 -> 0 | CT15: =CS15*G15 -> 0 | CU15: =CT15/$CP$2 -> 0 | CW15: =CV15*D15 -> 0 | CX15: =CW15/$CP$2 -> 0 | CZ15: =CY15*M15 -> 0 | DA15: =CZ15/$CP$2 -> 0 | DC15: =DB15*P15 -> 0 | DD15: =DC15/$CP$2 -> 0 | DF15: =DE15*D15 -> 0 | DG15: =DF15/$CP$2 -> 0 | DI15: =DH15*D15 -> 0 | DJ15: =DI15/$CP$2 -> 0 | DL15: =DK15*D15 -> 0 | DM15: =DL15/$CP$2 -> 0
A16: 7 | B16: Almonds | C16: لوز | D16: =E16/G16 -> 30 | E16: 30 | F16: 1 | G16: 1 | H16: =D16*15% -> 4.5 | I16: =H16+D16 -> 34.5 | K16: =J16*D16 -> 0 | L16: =K16/$J$2 -> 0 | N16: =M16*D16 -> 0 | O16: =N16/$M$2 -> 0 | Q16: =P16*D16 -> 0 | R16: =Q16/$P$2 -> 0 | T16: =S16*D16 -> 0 | U16: =T16/$S$2 -> 0 | W16: =V16*D16 -> 0 | X16: =W16/$V$2 -> 0 | Z16: =Y16*D16 -> 0 | AA16: =Z16/$Y$2 -> 0 | AC16: =AB16*D16 -> 0 | AD16: =AC16/$AB$2 -> 0 | AF16: =AE16*D16 -> 0 | AG16: =AF16/$AE$2 -> 0 | AI16: =AH16*D16 -> 0 | AJ16: =AI16/$AH$2 -> 0 | AL16: =AK16*D16 -> 0 | AM16: =AL16/$AK$2 -> 0 | AO16: =AN16*D16 -> 0 | AP16: =AO16/$AN$2 -> 0 | AR16: =AQ16*D16 -> 0 | AS16: =AR16/$AQ$2 -> 0 | AU16: =D16*AT16 -> 0 | AV16: =AU16/$AT$2 -> 0 | AX16: =D16*AW16 -> 0 | AY16: =AX16/$AW$2 -> 0 | BA16: =AZ16*D16 -> 0 | BB16: =BA16/$AZ$2 -> 0 | BD16: =D16*BC16 -> 0 | BE16: =BD16/$BC$2 -> 0 | BG16: =D16*BF16 -> 0 | BH16: =BG16/$BF$2 -> 0 | BJ16: =BI16*D16 -> 0 | BK16: =BJ16/$BI$2 -> 0 | BM16: =BL16*D16 -> 0 | BN16: =BM16/$BL$2 -> 0 | BO16: 0.001 | BP16: =BO16*D16 -> 0.03 | BQ16: =BP16/$BO$2 -> 0.013058559 | BS16: =D16*BR16 -> 0 | BT16: =BS16/$BR$2 -> 0 | BV16: =BU16*D16 -> 0 | BW16: =BV16/$BU$2 -> 0 | BY16: =D16*BX16 -> 0 | BZ16: =BY16/$BX$2 -> 0 | CB16: =CA16*D16 -> 0 | CC16: =CB16/$CA$2 -> 0 | CE16: =D16*CD16 -> 0 | CF16: =CE16/$CD$2 -> 0 | CH16: =D16*CG16 -> 0 | CI16: =CH16/$CG$2 -> 0 | CK16: =D16*CJ16 -> 0 | CL16: =CK16/$CJ$2 -> 0 | CN16: =D16*CM16 -> 0 | CO16: =CN16/$CM$2 -> 0 | CQ16: =CP16*D16 -> 0 | CR16: =CQ16/$CP$2 -> 0 | CT16: =CS16*G16 -> 0 | CU16: =CT16/$CP$2 -> 0 | CV16: 0.2 | CW16: =CV16*D16 -> 6 | CX16: =CW16/$CP$2 -> 35.37486 | CZ16: =CY16*M16 -> 0 | DA16: =CZ16/$CP$2 -> 0 | DC16: =DB16*P16 -> 0 | DD16: =DC16/$CP$2 -> 0 | DF16: =DE16*D16 -> 0 | DG16: =DF16/$CP$2 -> 0 | DI16: =DH16*D16 -> 0 | DJ16: =DI16/$CP$2 -> 0 | DL16: =DK16*D16 -> 0 | DM16: =DL16/$CP$2 -> 0
A17: 8 | B17: Arabic spice | C17: بهارات عربية | D17: =E17/G17 -> 45 | E17: 45 | F17: 1 | G17: 1 | H17: =D17*15% -> 6.75 | I17: =H17+D17 -> 51.75 | K17: =J17*D17 -> 0 | L17: =K17/$J$2 -> 0 | N17: =M17*D17 -> 0 | O17: =N17/$M$2 -> 0 | Q17: =P17*D17 -> 0 | R17: =Q17/$P$2 -> 0 | T17: =S17*D17 -> 0 | U17: =T17/$S$2 -> 0 | W17: =V17*D17 -> 0 | X17: =W17/$V$2 -> 0 | Z17: =Y17*D17 -> 0 | AA17: =Z17/$Y$2 -> 0 | AC17: =AB17*D17 -> 0 | AD17: =AC17/$AB$2 -> 0 | AF17: =AE17*D17 -> 0 | AG17: =AF17/$AE$2 -> 0 | AI17: =AH17*D17 -> 0 | AJ17: =AI17/$AH$2 -> 0 | AL17: =AK17*D17 -> 0 | AM17: =AL17/$AK$2 -> 0 | AO17: =AN17*D17 -> 0 | AP17: =AO17/$AN$2 -> 0 | AR17: =AQ17*D17 -> 0 | AS17: =AR17/$AQ$2 -> 0 | AU17: =D17*AT17 -> 0 | AV17: =AU17/$AT$2 -> 0 | AX17: =D17*AW17 -> 0 | AY17: =AX17/$AW$2 -> 0 | BA17: =AZ17*D17 -> 0 | BB17: =BA17/$AZ$2 -> 0 | BD17: =D17*BC17 -> 0 | BE17: =BD17/$BC$2 -> 0 | BG17: =D17*BF17 -> 0 | BH17: =BG17/$BF$2 -> 0 | BJ17: =BI17*D17 -> 0 | BK17: =BJ17/$BI$2 -> 0 | BM17: =BL17*D17 -> 0 | BN17: =BM17/$BL$2 -> 0 | BP17: =BO17*D17 -> 0 | BQ17: =BP17/$BO$2 -> 0 | BS17: =D17*BR17 -> 0 | BT17: =BS17/$BR$2 -> 0 | BV17: =BU17*D17 -> 0 | BW17: =BV17/$BU$2 -> 0 | BY17: =D17*BX17 -> 0 | BZ17: =BY17/$BX$2 -> 0 | CB17: =CA17*D17 -> 0 | CC17: =CB17/$CA$2 -> 0 | CE17: =D17*CD17 -> 0 | CF17: =CE17/$CD$2 -> 0 | CH17: =D17*CG17 -> 0 | CI17: =CH17/$CG$2 -> 0 | CK17: =D17*CJ17 -> 0 | CL17: =CK17/$CJ$2 -> 0 | CN17: =D17*CM17 -> 0 | CO17: =CN17/$CM$2 -> 0 | CQ17: =CP17*D17 -> 0 | CR17: =CQ17/$CP$2 -> 0 | CT17: =CS17*G17 -> 0 | CU17: =CT17/$CP$2 -> 0 | CW17: =CV17*D17 -> 0 | CX17: =CW17/$CP$2 -> 0 | CZ17: =CY17*M17 -> 0 | DA17: =CZ17/$CP$2 -> 0 | DC17: =DB17*P17 -> 0 | DD17: =DC17/$CP$2 -> 0 | DF17: =DE17*D17 -> 0 | DG17: =DF17/$CP$2 -> 0 | DI17: =DH17*D17 -> 0 | DJ17: =DI17/$CP$2 -> 0 | DL17: =DK17*D17 -> 0 | DM17: =DL17/$CP$2 -> 0
A18: 9 | B18: Argula | C18: جرجير | D18: =E18/G18 -> 56.8125 | E18: 45.45 | F18: 1 | G18: 0.8 | H18: =D18*15% -> 8.521875 | I18: =H18+D18 -> 65.334375 | K18: =J18*D18 -> 0 | L18: =K18/$J$2 -> 0 | N18: =M18*D18 -> 0 | O18: =N18/$M$2 -> 0 | Q18: =P18*D18 -> 0 | R18: =Q18/$P$2 -> 0 | T18: =S18*D18 -> 0 | U18: =T18/$S$2 -> 0 | W18: =V18*D18 -> 0 | X18: =W18/$V$2 -> 0 | Z18: =Y18*D18 -> 0 | AA18: =Z18/$Y$2 -> 0 | AC18: =AB18*D18 -> 0 | AD18: =AC18/$AB$2 -> 0 | AF18: =AE18*D18 -> 0 | AG18: =AF18/$AE$2 -> 0 | AI18: =AH18*D18 -> 0 | AJ18: =AI18/$AH$2 -> 0 | AK18: 0.015 | AL18: =AK18*D18 -> 0.8521875 | AM18: =AL18/$AK$2 -> 0.34757359 | AO18: =AN18*D18 -> 0 | AP18: =AO18/$AN$2 -> 0 | AR18: =AQ18*D18 -> 0 | AS18: =AR18/$AQ$2 -> 0 | AU18: =D18*AT18 -> 0 | AV18: =AU18/$AT$2 -> 0 | AX18: =D18*AW18 -> 0 | AY18: =AX18/$AW$2 -> 0 | BA18: =AZ18*D18 -> 0 | BB18: =BA18/$AZ$2 -> 0 | BD18: =D18*BC18 -> 0 | BE18: =BD18/$BC$2 -> 0 | BG18: =D18*BF18 -> 0 | BH18: =BG18/$BF$2 -> 0 | BJ18: =BI18*D18 -> 0 | BK18: =BJ18/$BI$2 -> 0 | BM18: =BL18*D18 -> 0 | BN18: =BM18/$BL$2 -> 0 | BP18: =BO18*D18 -> 0 | BQ18: =BP18/$BO$2 -> 0 | BS18: =D18*BR18 -> 0 | BT18: =BS18/$BR$2 -> 0 | BV18: =BU18*D18 -> 0 | BW18: =BV18/$BU$2 -> 0 | BY18: =D18*BX18 -> 0 | BZ18: =BY18/$BX$2 -> 0 | CB18: =CA18*D18 -> 0 | CC18: =CB18/$CA$2 -> 0 | CE18: =D18*CD18 -> 0 | CF18: =CE18/$CD$2 -> 0 | CH18: =D18*CG18 -> 0 | CI18: =CH18/$CG$2 -> 0 | CK18: =D18*CJ18 -> 0 | CL18: =CK18/$CJ$2 -> 0 | CN18: =D18*CM18 -> 0 | CO18: =CN18/$CM$2 -> 0 | CQ18: =CP18*D18 -> 0 | CR18: =CQ18/$CP$2 -> 0 | CT18: =CS18*G18 -> 0 | CU18: =CT18/$CP$2 -> 0 | CW18: =CV18*D18 -> 0 | CX18: =CW18/$CP$2 -> 0 | CZ18: =CY18*M18 -> 0 | DA18: =CZ18/$CP$2 -> 0 | DC18: =DB18*P18 -> 0 | DD18: =DC18/$CP$2 -> 0 | DF18: =DE18*D18 -> 0 | DG18: =DF18/$CP$2 -> 0 | DI18: =DH18*D18 -> 0 | DJ18: =DI18/$CP$2 -> 0 | DL18: =DK18*D18 -> 0 | DM18: =DL18/$CP$2 -> 0
A19: 10 | B19: Balsamic vinegar | C19: خل بالسمك | D19: =E19/G19 -> 28.333333 | E19: =170/6 -> 28.333333 | F19: 1 | G19: 1 | H19: =D19*15% -> 4.25 | I19: =H19+D19 -> 32.583333 | J19: 0.005 | K19: =J19*D19 -> 0.14166667 | L19: =K19/$J$2 -> 0.01461621 | N19: =M19*D19 -> 0 | O19: =N19/$M$2 -> 0 | Q19: =P19*D19 -> 0 | R19: =Q19/$P$2 -> 0 | T19: =S19*D19 -> 0 | U19: =T19/$S$2 -> 0 | W19: =V19*D19 -> 0 | X19: =W19/$V$2 -> 0 | Z19: =Y19*D19 -> 0 | AA19: =Z19/$Y$2 -> 0 | AC19: =AB19*D19 -> 0 | AD19: =AC19/$AB$2 -> 0 | AF19: =AE19*D19 -> 0 | AG19: =AF19/$AE$2 -> 0 | AI19: =AH19*D19 -> 0 | AJ19: =AI19/$AH$2 -> 0 | AL19: =AK19*D19 -> 0 | AM19: =AL19/$AK$2 -> 0 | AO19: =AN19*D19 -> 0 | AP19: =AO19/$AN$2 -> 0 | AR19: =AQ19*D19 -> 0 | AS19: =AR19/$AQ$2 -> 0 | AU19: =D19*AT19 -> 0 | AV19: =AU19/$AT$2 -> 0 | AX19: =D19*AW19 -> 0 | AY19: =AX19/$AW$2 -> 0 | BA19: =AZ19*D19 -> 0 | BB19: =BA19/$AZ$2 -> 0 | BD19: =D19*BC19 -> 0 | BE19: =BD19/$BC$2 -> 0 | BG19: =D19*BF19 -> 0 | BH19: =BG19/$BF$2 -> 0 | BJ19: =BI19*D19 -> 0 | BK19: =BJ19/$BI$2 -> 0 | BM19: =BL19*D19 -> 0 | BN19: =BM19/$BL$2 -> 0 | BP19: =BO19*D19 -> 0 | BQ19: =BP19/$BO$2 -> 0 | BS19: =D19*BR19 -> 0 | BT19: =BS19/$BR$2 -> 0 | BV19: =BU19*D19 -> 0 | BW19: =BV19/$BU$2 -> 0 | BY19: =D19*BX19 -> 0 | BZ19: =BY19/$BX$2 -> 0 | CB19: =CA19*D19 -> 0 | CC19: =CB19/$CA$2 -> 0 | CE19: =D19*CD19 -> 0 | CF19: =CE19/$CD$2 -> 0 | CH19: =D19*CG19 -> 0 | CI19: =CH19/$CG$2 -> 0 | CK19: =D19*CJ19 -> 0 | CL19: =CK19/$CJ$2 -> 0 | CN19: =D19*CM19 -> 0 | CO19: =CN19/$CM$2 -> 0 | CQ19: =CP19*D19 -> 0 | CR19: =CQ19/$CP$2 -> 0 | CT19: =CS19*G19 -> 0 | CU19: =CT19/$CP$2 -> 0 | CW19: =CV19*D19 -> 0 | CX19: =CW19/$CP$2 -> 0 | CZ19: =CY19*M19 -> 0 | DA19: =CZ19/$CP$2 -> 0 | DC19: =DB19*P19 -> 0 | DD19: =DC19/$CP$2 -> 0 | DF19: =DE19*D19 -> 0 | DG19: =DF19/$CP$2 -> 0 | DI19: =DH19*D19 -> 0 | DJ19: =DI19/$CP$2 -> 0 | DL19: =DK19*D19 -> 0 | DM19: =DL19/$CP$2 -> 0
A20: 11 | B20: Barkla | C20: باركلا | D20: =E20/G20 -> 3.125 | E20: =15/6 -> 2.5 | F20: 1 | G20: 0.8 | H20: =D20*15% -> 0.46875 | I20: =H20+D20 -> 3.59375 | K20: =J20*D20 -> 0 | L20: =K20/$J$2 -> 0 | N20: =M20*D20 -> 0 | O20: =N20/$M$2 -> 0 | Q20: =P20*D20 -> 0 | R20: =Q20/$P$2 -> 0 | T20: =S20*D20 -> 0 | U20: =T20/$S$2 -> 0 | W20: =V20*D20 -> 0 | X20: =W20/$V$2 -> 0 | Z20: =Y20*D20 -> 0 | AA20: =Z20/$Y$2 -> 0 | AC20: =AB20*D20 -> 0 | AD20: =AC20/$AB$2 -> 0 | AF20: =AE20*D20 -> 0 | AG20: =AF20/$AE$2 -> 0 | AI20: =AH20*D20 -> 0 | AJ20: =AI20/$AH$2 -> 0 | AK20: 0.01 | AL20: =AK20*D20 -> 0.03125 | AM20: =AL20/$AK$2 -> 0.01274564 | AO20: =AN20*D20 -> 0 | AP20: =AO20/$AN$2 -> 0 | AR20: =AQ20*D20 -> 0 | AS20: =AR20/$AQ$2 -> 0 | AU20: =D20*AT20 -> 0 | AV20: =AU20/$AT$2 -> 0 | AX20: =D20*AW20 -> 0 | AY20: =AX20/$AW$2 -> 0 | BA20: =AZ20*D20 -> 0 | BB20: =BA20/$AZ$2 -> 0 | BD20: =D20*BC20 -> 0 | BE20: =BD20/$BC$2 -> 0 | BG20: =D20*BF20 -> 0 | BH20: =BG20/$BF$2 -> 0 | BJ20: =BI20*D20 -> 0 | BK20: =BJ20/$BI$2 -> 0 | BM20: =BL20*D20 -> 0 | BN20: =BM20/$BL$2 -> 0 | BP20: =BO20*D20 -> 0 | BQ20: =BP20/$BO$2 -> 0 | BS20: =D20*BR20 -> 0 | BT20: =BS20/$BR$2 -> 0 | BV20: =BU20*D20 -> 0 | BW20: =BV20/$BU$2 -> 0 | BY20: =D20*BX20 -> 0 | BZ20: =BY20/$BX$2 -> 0 | CB20: =CA20*D20 -> 0 | CC20: =CB20/$CA$2 -> 0 | CE20: =D20*CD20 -> 0 | CF20: =CE20/$CD$2 -> 0 | CH20: =D20*CG20 -> 0 | CI20: =CH20/$CG$2 -> 0 | CK20: =D20*CJ20 -> 0 | CL20: =CK20/$CJ$2 -> 0 | CN20: =D20*CM20 -> 0 | CO20: =CN20/$CM$2 -> 0 | CQ20: =CP20*D20 -> 0 | CR20: =CQ20/$CP$2 -> 0 | CT20: =CS20*G20 -> 0 | CU20: =CT20/$CP$2 -> 0 | CW20: =CV20*D20 -> 0 | CX20: =CW20/$CP$2 -> 0 | CZ20: =CY20*M20 -> 0 | DA20: =CZ20/$CP$2 -> 0 | DC20: =DB20*P20 -> 0 | DD20: =DC20/$CP$2 -> 0 | DF20: =DE20*D20 -> 0 | DG20: =DF20/$CP$2 -> 0 | DI20: =DH20*D20 -> 0 | DJ20: =DI20/$CP$2 -> 0 | DL20: =DK20*D20 -> 0 | DM20: =DL20/$CP$2 -> 0
A21: 12 | B21: WALIMA RICE | C21: ارز بسمتى | D21: =E21/G21 -> 5.75 | E21: =230/40 -> 5.75 | F21: 1 | G21: 1 | H21: =D21*15% -> 0.8625 | I21: =H21+D21 -> 6.6125 | K21: =J21*D21 -> 0 | L21: =K21/$J$2 -> 0 | N21: =M21*D21 -> 0 | O21: =N21/$M$2 -> 0 | Q21: =P21*D21 -> 0 | R21: =Q21/$P$2 -> 0 | T21: =S21*D21 -> 0 | U21: =T21/$S$2 -> 0 | W21: =V21*D21 -> 0 | X21: =W21/$V$2 -> 0 | Z21: =Y21*D21 -> 0 | AA21: =Z21/$Y$2 -> 0 | AC21: =AB21*D21 -> 0 | AD21: =AC21/$AB$2 -> 0 | AF21: =AE21*D21 -> 0 | AG21: =AF21/$AE$2 -> 0 | AI21: =AH21*D21 -> 0 | AJ21: =AI21/$AH$2 -> 0 | AL21: =AK21*D21 -> 0 | AM21: =AL21/$AK$2 -> 0 | AO21: =AN21*D21 -> 0 | AP21: =AO21/$AN$2 -> 0 | AR21: =AQ21*D21 -> 0 | AS21: =AR21/$AQ$2 -> 0 | AU21: =D21*AT21 -> 0 | AV21: =AU21/$AT$2 -> 0 | AX21: =D21*AW21 -> 0 | AY21: =AX21/$AW$2 -> 0 | BA21: =AZ21*D21 -> 0 | BB21: =BA21/$AZ$2 -> 0 | BD21: =D21*BC21 -> 0 | BE21: =BD21/$BC$2 -> 0 | BG21: =D21*BF21 -> 0 | BH21: =BG21/$BF$2 -> 0 | BI21: 0.1 | BJ21: =BI21*D21 -> 0.575 | BK21: =BJ21/$BI$2 -> 0.16687746 | BM21: =BL21*D21 -> 0 | BN21: =BM21/$BL$2 -> 0 | BP21: =BO21*D21 -> 0 | BQ21: =BP21/$BO$2 -> 0 | BS21: =D21*BR21 -> 0 | BT21: =BS21/$BR$2 -> 0 | BV21: =BU21*D21 -> 0 | BW21: =BV21/$BU$2 -> 0 | BY21: =D21*BX21 -> 0 | BZ21: =BY21/$BX$2 -> 0 | CB21: =CA21*D21 -> 0 | CC21: =CB21/$CA$2 -> 0 | CE21: =D21*CD21 -> 0 | CF21: =CE21/$CD$2 -> 0 | CH21: =D21*CG21 -> 0 | CI21: =CH21/$CG$2 -> 0 | CK21: =D21*CJ21 -> 0 | CL21: =CK21/$CJ$2 -> 0 | CN21: =D21*CM21 -> 0 | CO21: =CN21/$CM$2 -> 0 | CQ21: =CP21*D21 -> 0 | CR21: =CQ21/$CP$2 -> 0 | CT21: =CS21*G21 -> 0 | CU21: =CT21/$CP$2 -> 0 | CW21: =CV21*D21 -> 0 | CX21: =CW21/$CP$2 -> 0 | CZ21: =CY21*M21 -> 0 | DA21: =CZ21/$CP$2 -> 0 | DC21: =DB21*P21 -> 0 | DD21: =DC21/$CP$2 -> 0 | DF21: =DE21*D21 -> 0 | DG21: =DF21/$CP$2 -> 0 | DI21: =DH21*D21 -> 0 | DJ21: =DI21/$CP$2 -> 0 | DL21: =DK21*D21 -> 0 | DM21: =DL21/$CP$2 -> 0
A22: 13 | B22: BAY LEAFS | C22: أوراق غار | D22: =E22/G22 -> 10 | E22: 10 | F22: 1 | G22: 1 | H22: =D22*15% -> 1.5 | I22: =H22+D22 -> 11.5 | K22: =J22*D22 -> 0 | L22: =K22/$J$2 -> 0 | N22: =M22*D22 -> 0 | O22: =N22/$M$2 -> 0 | Q22: =P22*D22 -> 0 | R22: =Q22/$P$2 -> 0 | T22: =S22*D22 -> 0 | U22: =T22/$S$2 -> 0 | W22: =V22*D22 -> 0 | X22: =W22/$V$2 -> 0 | Z22: =Y22*D22 -> 0 | AA22: =Z22/$Y$2 -> 0 | AC22: =AB22*D22 -> 0 | AD22: =AC22/$AB$2 -> 0 | AF22: =AE22*D22 -> 0 | AG22: =AF22/$AE$2 -> 0 | AI22: =AH22*D22 -> 0 | AJ22: =AI22/$AH$2 -> 0 | AL22: =AK22*D22 -> 0 | AM22: =AL22/$AK$2 -> 0 | AO22: =AN22*D22 -> 0 | AP22: =AO22/$AN$2 -> 0 | AR22: =AQ22*D22 -> 0 | AS22: =AR22/$AQ$2 -> 0 | AU22: =D22*AT22 -> 0 | AV22: =AU22/$AT$2 -> 0 | AX22: =D22*AW22 -> 0 | AY22: =AX22/$AW$2 -> 0 | BA22: =AZ22*D22 -> 0 | BB22: =BA22/$AZ$2 -> 0 | BD22: =D22*BC22 -> 0 | BE22: =BD22/$BC$2 -> 0 | BG22: =D22*BF22 -> 0 | BH22: =BG22/$BF$2 -> 0 | BI22: 0.001 | BJ22: =BI22*D22 -> 0.01 | BK22: =BJ22/$BI$2 -> 0.0029022166 | BM22: =BL22*D22 -> 0 | BN22: =BM22/$BL$2 -> 0 | BP22: =BO22*D22 -> 0 | BQ22: =BP22/$BO$2 -> 0 | BS22: =D22*BR22 -> 0 | BT22: =BS22/$BR$2 -> 0 | BV22: =BU22*D22 -> 0 | BW22: =BV22/$BU$2 -> 0 | BY22: =D22*BX22 -> 0 | BZ22: =BY22/$BX$2 -> 0 | CB22: =CA22*D22 -> 0 | CC22: =CB22/$CA$2 -> 0 | CE22: =D22*CD22 -> 0 | CF22: =CE22/$CD$2 -> 0 | CH22: =D22*CG22 -> 0 | CI22: =CH22/$CG$2 -> 0 | CK22: =D22*CJ22 -> 0 | CL22: =CK22/$CJ$2 -> 0 | CN22: =D22*CM22 -> 0 | CO22: =CN22/$CM$2 -> 0 | CQ22: =CP22*D22 -> 0 | CR22: =CQ22/$CP$2 -> 0 | CT22: =CS22*G22 -> 0 | CU22: =CT22/$CP$2 -> 0 | CW22: =CV22*D22 -> 0 | CX22: =CW22/$CP$2 -> 0 | CZ22: =CY22*M22 -> 0 | DA22: =CZ22/$CP$2 -> 0 | DC22: =DB22*P22 -> 0 | DD22: =DC22/$CP$2 -> 0 | DF22: =DE22*D22 -> 0 | DG22: =DF22/$CP$2 -> 0 | DI22: =DH22*D22 -> 0 | DJ22: =DI22/$CP$2 -> 0 | DL22: =DK22*D22 -> 0 | DM22: =DL22/$CP$2 -> 0
A23: 14 | B23: Bbq seasoning | C23: بهارات مشاوى | D23: =E23/G23 -> 89.487179 | E23: =13.96*1000/156 -> 89.487179 | F23: 1 | G23: 1 | H23: =D23*15% -> 13.423077 | I23: =H23+D23 -> 102.91026 | K23: =J23*D23 -> 0 | L23: =K23/$J$2 -> 0 | N23: =M23*D23 -> 0 | O23: =N23/$M$2 -> 0 | Q23: =P23*D23 -> 0 | R23: =Q23/$P$2 -> 0 | S23: 0.002 | T23: =S23*D23 -> 0.17897436 | U23: =T23/$S$2 -> 0.035553705 | W23: =V23*D23 -> 0 | X23: =W23/$V$2 -> 0 | Z23: =Y23*D23 -> 0 | AA23: =Z23/$Y$2 -> 0 | AC23: =AB23*D23 -> 0 | AD23: =AC23/$AB$2 -> 0 | AF23: =AE23*D23 -> 0 | AG23: =AF23/$AE$2 -> 0 | AI23: =AH23*D23 -> 0 | AJ23: =AI23/$AH$2 -> 0 | AL23: =AK23*D23 -> 0 | AM23: =AL23/$AK$2 -> 0 | AO23: =AN23*D23 -> 0 | AP23: =AO23/$AN$2 -> 0 | AR23: =AQ23*D23 -> 0 | AS23: =AR23/$AQ$2 -> 0 | AU23: =D23*AT23 -> 0 | AV23: =AU23/$AT$2 -> 0 | AX23: =D23*AW23 -> 0 | AY23: =AX23/$AW$2 -> 0 | BA23: =AZ23*D23 -> 0 | BB23: =BA23/$AZ$2 -> 0 | BD23: =D23*BC23 -> 0 | BE23: =BD23/$BC$2 -> 0 | BG23: =D23*BF23 -> 0 | BH23: =BG23/$BF$2 -> 0 | BJ23: =BI23*D23 -> 0 | BK23: =BJ23/$BI$2 -> 0 | BM23: =BL23*D23 -> 0 | BN23: =BM23/$BL$2 -> 0 | BP23: =BO23*D23 -> 0 | BQ23: =BP23/$BO$2 -> 0 | BS23: =D23*BR23 -> 0 | BT23: =BS23/$BR$2 -> 0 | BV23: =BU23*D23 -> 0 | BW23: =BV23/$BU$2 -> 0 | BY23: =D23*BX23 -> 0 | BZ23: =BY23/$BX$2 -> 0 | CB23: =CA23*D23 -> 0 | CC23: =CB23/$CA$2 -> 0 | CE23: =D23*CD23 -> 0 | CF23: =CE23/$CD$2 -> 0 | CH23: =D23*CG23 -> 0 | CI23: =CH23/$CG$2 -> 0 | CK23: =D23*CJ23 -> 0 | CL23: =CK23/$CJ$2 -> 0 | CN23: =D23*CM23 -> 0 | CO23: =CN23/$CM$2 -> 0 | CQ23: =CP23*D23 -> 0 | CR23: =CQ23/$CP$2 -> 0 | CT23: =CS23*G23 -> 0 | CU23: =CT23/$CP$2 -> 0 | CW23: =CV23*D23 -> 0 | CX23: =CW23/$CP$2 -> 0 | CZ23: =CY23*M23 -> 0 | DA23: =CZ23/$CP$2 -> 0 | DC23: =DB23*P23 -> 0 | DD23: =DC23/$CP$2 -> 0 | DF23: =DE23*D23 -> 0 | DG23: =DF23/$CP$2 -> 0 | DI23: =DH23*D23 -> 0 | DJ23: =DI23/$CP$2 -> 0 | DL23: =DK23*D23 -> 0 | DM23: =DL23/$CP$2 -> 0
A24: 15 | B24: Black Olives | C24: زيتون اسود | D24: =E24/G24 -> 13.6 | E24: =136/10 -> 13.6 | F24: 1 | G24: 1 | H24: =D24*15% -> 2.04 | I24: =H24+D24 -> 15.64 | K24: =J24*D24 -> 0 | L24: =K24/$J$2 -> 0 | N24: =M24*D24 -> 0 | O24: =N24/$M$2 -> 0 | Q24: =P24*D24 -> 0 | R24: =Q24/$P$2 -> 0 | T24: =S24*D24 -> 0 | U24: =T24/$S$2 -> 0 | W24: =V24*D24 -> 0 | X24: =W24/$V$2 -> 0 | Z24: =Y24*D24 -> 0 | AA24: =Z24/$Y$2 -> 0 | AB24: 0.01 | AC24: =AB24*D24 -> 0.136 | AD24: =AC24/$AB$2 -> 0.036867163 | AF24: =AE24*D24 -> 0 | AG24: =AF24/$AE$2 -> 0 | AI24: =AH24*D24 -> 0 | AJ24: =AI24/$AH$2 -> 0 | AL24: =AK24*D24 -> 0 | AM24: =AL24/$AK$2 -> 0 | AO24: =AN24*D24 -> 0 | AP24: =AO24/$AN$2 -> 0 | AR24: =AQ24*D24 -> 0 | AS24: =AR24/$AQ$2 -> 0 | AU24: =D24*AT24 -> 0 | AV24: =AU24/$AT$2 -> 0 | AX24: =D24*AW24 -> 0 | AY24: =AX24/$AW$2 -> 0 | BA24: =AZ24*D24 -> 0 | BB24: =BA24/$AZ$2 -> 0 | BD24: =D24*BC24 -> 0 | BE24: =BD24/$BC$2 -> 0 | BG24: =D24*BF24 -> 0 | BH24: =BG24/$BF$2 -> 0 | BJ24: =BI24*D24 -> 0 | BK24: =BJ24/$BI$2 -> 0 | BM24: =BL24*D24 -> 0 | BN24: =BM24/$BL$2 -> 0 | BP24: =BO24*D24 -> 0 | BQ24: =BP24/$BO$2 -> 0 | BS24: =D24*BR24 -> 0 | BT24: =BS24/$BR$2 -> 0 | BV24: =BU24*D24 -> 0 | BW24: =BV24/$BU$2 -> 0 | BY24: =D24*BX24 -> 0 | BZ24: =BY24/$BX$2 -> 0 | CB24: =CA24*D24 -> 0 | CC24: =CB24/$CA$2 -> 0 | CE24: =D24*CD24 -> 0 | CF24: =CE24/$CD$2 -> 0 | CH24: =D24*CG24 -> 0 | CI24: =CH24/$CG$2 -> 0 | CK24: =D24*CJ24 -> 0 | CL24: =CK24/$CJ$2 -> 0 | CN24: =D24*CM24 -> 0 | CO24: =CN24/$CM$2 -> 0 | CQ24: =CP24*D24 -> 0 | CR24: =CQ24/$CP$2 -> 0 | CT24: =CS24*G24 -> 0 | CU24: =CT24/$CP$2 -> 0 | CW24: =CV24*D24 -> 0 | CX24: =CW24/$CP$2 -> 0 | CZ24: =CY24*M24 -> 0 | DA24: =CZ24/$CP$2 -> 0 | DC24: =DB24*P24 -> 0 | DD24: =DC24/$CP$2 -> 0 | DF24: =DE24*D24 -> 0 | DG24: =DF24/$CP$2 -> 0 | DI24: =DH24*D24 -> 0 | DJ24: =DI24/$CP$2 -> 0 | DL24: =DK24*D24 -> 0 | DM24: =DL24/$CP$2 -> 0
A25: 16 | B25: Black pepper | C25: فلفل اسود | D25: =E25/G25 -> 18 | E25: 18 | F25: 1 | G25: 1 | H25: =D25*15% -> 2.7 | I25: =H25+D25 -> 20.7 | J25: 0.005 | K25: =J25*D25 -> 0.09 | L25: =K25/$J$2 -> 0.0092855922 | M25: 0.002 | N25: =M25*D25 -> 0.036 | O25: =N25/$M$2 -> 0.004820387 | P25: 0.002 | Q25: =P25*D25 -> 0.036 | R25: =Q25/$P$2 -> 0.0086277814 | S25: 0.002 | T25: =S25*D25 -> 0.036 | U25: =T25/$S$2 -> 0.0071514903 | V25: 0.001 | W25: =V25*D25 -> 0.018 | X25: =W25/$V$2 -> 0.0027133827 | Y25: 0.002 | Z25: =Y25*D25 -> 0.036 | AA25: =Z25/$Y$2 -> 0.0083801972 | AC25: =AB25*D25 -> 0 | AD25: =AC25/$AB$2 -> 0 | AF25: =AE25*D25 -> 0 | AG25: =AF25/$AE$2 -> 0 | AI25: =AH25*D25 -> 0 | AJ25: =AI25/$AH$2 -> 0 | AL25: =AK25*D25 -> 0 | AM25: =AL25/$AK$2 -> 0 | AN25: 0.002 | AO25: =AN25*D25 -> 0.036 | AP25: =AO25/$AN$2 -> 0.0088014397 | AR25: =AQ25*D25 -> 0 | AS25: =AR25/$AQ$2 -> 0 | AT25: 0.0005 | AU25: =D25*AT25 -> 0.009 | AV25: =AU25/$AT$2 -> 0.00665242 | AX25: =D25*AW25 -> 0 | AY25: =AX25/$AW$2 -> 0 | BA25: =AZ25*D25 -> 0 | BB25: =BA25/$AZ$2 -> 0 | BD25: =D25*BC25 -> 0 | BE25: =BD25/$BC$2 -> 0 | BG25: =D25*BF25 -> 0 | BH25: =BG25/$BF$2 -> 0 | BJ25: =BI25*D25 -> 0 | BK25: =BJ25/$BI$2 -> 0 | BL25: 0.002 | BM25: =BL25*D25 -> 0.036 | BN25: =BM25/$BL$2 -> 0.026455591 | BO25: 0.0002 | BP25: =BO25*D25 -> 0.0036 | BQ25: =BP25/$BO$2 -> 0.0015670271 | BR25: 0.001 | BS25: =D25*BR25 -> 0.018 | BT25: =BS25/$BR$2 -> 0.0049695708 | BU25: 0.0025 | BV25: =BU25*D25 -> 0.045 | BW25: =BV25/$BU$2 -> 0.013423707 | BY25: =D25*BX25 -> 0 | BZ25: =BY25/$BX$2 -> 0 | CB25: =CA25*D25 -> 0 | CC25: =CB25/$CA$2 -> 0 | CE25: =D25*CD25 -> 0 | CF25: =CE25/$CD$2 -> 0 | CH25: =D25*CG25 -> 0 | CI25: =CH25/$CG$2 -> 0 | CK25: =D25*CJ25 -> 0 | CL25: =CK25/$CJ$2 -> 0 | CN25: =D25*CM25 -> 0 | CO25: =CN25/$CM$2 -> 0 | CQ25: =CP25*D25 -> 0 | CR25: =CQ25/$CP$2 -> 0 | CT25: =CS25*G25 -> 0 | CU25: =CT25/$CP$2 -> 0 | CV25: 0.01 | CW25: =CV25*D25 -> 0.18 | CX25: =CW25/$CP$2 -> 1.0612458 | CZ25: =CY25*M25 -> 0 | DA25: =CZ25/$CP$2 -> 0 | DC25: =DB25*P25 -> 0 | DD25: =DC25/$CP$2 -> 0 | DE25: =0.01/50 -> 0.0002 | DF25: =DE25*D25 -> 0.0036 | DG25: =DF25/$CP$2 -> 0.021224916 | DH25: 0.02 | DI25: =DH25*D25 -> 0.36 | DJ25: =DI25/$CP$2 -> 2.1224916 | DK25: 0.01 | DL25: =DK25*D25 -> 0.18 | DM25: =DL25/$CP$2 -> 1.0612458
A26: 17 | B26: Boiled chickpeas | C26: حمص مغلى | D26: =E26/G26 -> 5.3333333 | E26: =80/15 -> 5.3333333 | F26: 1 | G26: 1 | H26: =D26*15% -> 0.8 | I26: =H26+D26 -> 6.1333333 | K26: =J26*D26 -> 0 | L26: =K26/$J$2 -> 0 | N26: =M26*D26 -> 0 | O26: =N26/$M$2 -> 0 | Q26: =P26*D26 -> 0 | R26: =Q26/$P$2 -> 0 | T26: =S26*D26 -> 0 | U26: =T26/$S$2 -> 0 | W26: =V26*D26 -> 0 | X26: =W26/$V$2 -> 0 | Z26: =Y26*D26 -> 0 | AA26: =Z26/$Y$2 -> 0 | AC26: =AB26*D26 -> 0 | AD26: =AC26/$AB$2 -> 0 | AE26: 0.02 | AF26: =AE26*D26 -> 0.10666667 | AG26: =AF26/$AE$2 -> 0.037072694 | AI26: =AH26*D26 -> 0 | AJ26: =AI26/$AH$2 -> 0 | AL26: =AK26*D26 -> 0 | AM26: =AL26/$AK$2 -> 0 | AO26: =AN26*D26 -> 0 | AP26: =AO26/$AN$2 -> 0 | AR26: =AQ26*D26 -> 0 | AS26: =AR26/$AQ$2 -> 0 | AU26: =D26*AT26 -> 0 | AV26: =AU26/$AT$2 -> 0 | AW26: 0.0625 | AX26: =D26*AW26 -> 0.33333333 | AY26: =AX26/$AW$2 -> 0.15226797 | BA26: =AZ26*D26 -> 0 | BB26: =BA26/$AZ$2 -> 0 | BD26: =D26*BC26 -> 0 | BE26: =BD26/$BC$2 -> 0 | BG26: =D26*BF26 -> 0 | BH26: =BG26/$BF$2 -> 0 | BJ26: =BI26*D26 -> 0 | BK26: =BJ26/$BI$2 -> 0 | BM26: =BL26*D26 -> 0 | BN26: =BM26/$BL$2 -> 0 | BP26: =BO26*D26 -> 0 | BQ26: =BP26/$BO$2 -> 0 | BS26: =D26*BR26 -> 0 | BT26: =BS26/$BR$2 -> 0 | BV26: =BU26*D26 -> 0 | BW26: =BV26/$BU$2 -> 0 | BY26: =D26*BX26 -> 0 | BZ26: =BY26/$BX$2 -> 0 | CA26: 0.02 | CB26: =CA26*D26 -> 0.10666667 | CC26: =CB26/$CA$2 -> 0.029737657 | CE26: =D26*CD26 -> 0 | CF26: =CE26/$CD$2 -> 0 | CH26: =D26*CG26 -> 0 | CI26: =CH26/$CG$2 -> 0 | CK26: =D26*CJ26 -> 0 | CL26: =CK26/$CJ$2 -> 0 | CN26: =D26*CM26 -> 0 | CO26: =CN26/$CM$2 -> 0 | CQ26: =CP26*D26 -> 0 | CR26: =CQ26/$CP$2 -> 0 | CT26: =CS26*G26 -> 0 | CU26: =CT26/$CP$2 -> 0 | CW26: =CV26*D26 -> 0 | CX26: =CW26/$CP$2 -> 0 | CZ26: =CY26*M26 -> 0 | DA26: =CZ26/$CP$2 -> 0 | DC26: =DB26*P26 -> 0 | DD26: =DC26/$CP$2 -> 0 | DF26: =DE26*D26 -> 0 | DG26: =DF26/$CP$2 -> 0 | DI26: =DH26*D26 -> 0 | DJ26: =DI26/$CP$2 -> 0 | DL26: =DK26*D26 -> 0 | DM26: =DL26/$CP$2 -> 0
A27: 19 | B27: Bread regular | C27: خبز عادى | D27: =E27/G27 -> 0.12 | E27: =0.12 -> 0.12 | F27: 1 | G27: 1 | H27: =D27*15% -> 0.018 | I27: =H27+D27 -> 0.138 | J27: 2 | K27: =J27*D27 -> 0.24 | L27: =K27/$J$2 -> 0.024761579 | M27: 2 | N27: =M27*D27 -> 0.24 | O27: =N27/$M$2 -> 0.032135913 | P27: 2 | Q27: =P27*D27 -> 0.24 | R27: =Q27/$P$2 -> 0.057518543 | S27: 2 | T27: =S27*D27 -> 0.24 | U27: =T27/$S$2 -> 0.047676602 | V27: 2 | W27: =V27*D27 -> 0.24 | X27: =W27/$V$2 -> 0.036178435 | Y27: 2 | Z27: =Y27*D27 -> 0.24 | AA27: =Z27/$Y$2 -> 0.055867981 | AB27: 2 | AC27: =AB27*D27 -> 0.24 | AD27: =AC27/$AB$2 -> 0.0650597 | AE27: 2 | AF27: =AE27*D27 -> 0.24 | AG27: =AF27/$AE$2 -> 0.083413562 | AI27: =AH27*D27 -> 0 | AJ27: =AI27/$AH$2 -> 0 | AK27: 0.1 | AL27: =AK27*D27 -> 0.012 | AM27: =AL27/$AK$2 -> 0.0048943256 | AN27: 2 | AO27: =AN27*D27 -> 0.24 | AP27: =AO27/$AN$2 -> 0.058676265 | AR27: =AQ27*D27 -> 0 | AS27: =AR27/$AQ$2 -> 0 | AU27: =D27*AT27 -> 0 | AV27: =AU27/$AT$2 -> 0 | AX27: =D27*AW27 -> 0 | AY27: =AX27/$AW$2 -> 0 | BA27: =AZ27*D27 -> 0 | BB27: =BA27/$AZ$2 -> 0 | BD27: =D27*BC27 -> 0 | BE27: =BD27/$BC$2 -> 0 | BG27: =D27*BF27 -> 0 | BH27: =BG27/$BF$2 -> 0 | BJ27: =BI27*D27 -> 0 | BK27: =BJ27/$BI$2 -> 0 | BM27: =BL27*D27 -> 0 | BN27: =BM27/$BL$2 -> 0 | BP27: =BO27*D27 -> 0 | BQ27: =BP27/$BO$2 -> 0 | BS27: =D27*BR27 -> 0 | BT27: =BS27/$BR$2 -> 0 | BV27: =BU27*D27 -> 0 | BW27: =BV27/$BU$2 -> 0 | BY27: =D27*BX27 -> 0 | BZ27: =BY27/$BX$2 -> 0 | CA27: 2 | CB27: =CA27*D27 -> 0.24 | CC27: =CB27/$CA$2 -> 0.066909728 | CE27: =D27*CD27 -> 0 | CF27: =CE27/$CD$2 -> 0 | CH27: =D27*CG27 -> 0 | CI27: =CH27/$CG$2 -> 0 | CK27: =D27*CJ27 -> 0 | CL27: =CK27/$CJ$2 -> 0 | CN27: =D27*CM27 -> 0 | CO27: =CN27/$CM$2 -> 0 | CQ27: =CP27*D27 -> 0 | CR27: =CQ27/$CP$2 -> 0 | CT27: =CS27*G27 -> 0 | CU27: =CT27/$CP$2 -> 0 | CW27: =CV27*D27 -> 0 | CX27: =CW27/$CP$2 -> 0 | CZ27: =CY27*M27 -> 0 | DA27: =CZ27/$CP$2 -> 0 | DC27: =DB27*P27 -> 0 | DD27: =DC27/$CP$2 -> 0 | DF27: =DE27*D27 -> 0 | DG27: =DF27/$CP$2 -> 0 | DI27: =DH27*D27 -> 0 | DJ27: =DI27/$CP$2 -> 0 | DL27: =DK27*D27 -> 0 | DM27: =DL27/$CP$2 -> 0
A28: 20 | B28: Breadcrumbs | C28: فتات خبز | D28: =E28/G28 -> 12.5 | E28: =60/(12*400)*1000 -> 12.5 | F28: 1 | G28: 1 | H28: =D28*15% -> 1.875 | I28: =H28+D28 -> 14.375 | K28: =J28*D28 -> 0 | L28: =K28/$J$2 -> 0 | N28: =M28*D28 -> 0 | O28: =N28/$M$2 -> 0 | Q28: =P28*D28 -> 0 | R28: =Q28/$P$2 -> 0 | T28: =S28*D28 -> 0 | U28: =T28/$S$2 -> 0 | W28: =V28*D28 -> 0 | X28: =W28/$V$2 -> 0 | Z28: =Y28*D28 -> 0 | AA28: =Z28/$Y$2 -> 0 | AC28: =AB28*D28 -> 0 | AD28: =AC28/$AB$2 -> 0 | AF28: =AE28*D28 -> 0 | AG28: =AF28/$AE$2 -> 0 | AI28: =AH28*D28 -> 0 | AJ28: =AI28/$AH$2 -> 0 | AL28: =AK28*D28 -> 0 | AM28: =AL28/$AK$2 -> 0 | AO28: =AN28*D28 -> 0 | AP28: =AO28/$AN$2 -> 0 | AR28: =AQ28*D28 -> 0 | AS28: =AR28/$AQ$2 -> 0 | AU28: =D28*AT28 -> 0 | AV28: =AU28/$AT$2 -> 0 | AX28: =D28*AW28 -> 0 | AY28: =AX28/$AW$2 -> 0 | BA28: =AZ28*D28 -> 0 | BB28: =BA28/$AZ$2 -> 0 | BD28: =D28*BC28 -> 0 | BE28: =BD28/$BC$2 -> 0 | BG28: =D28*BF28 -> 0 | BH28: =BG28/$BF$2 -> 0 | BJ28: =BI28*D28 -> 0 | BK28: =BJ28/$BI$2 -> 0 | BM28: =BL28*D28 -> 0 | BN28: =BM28/$BL$2 -> 0 | BP28: =BO28*D28 -> 0 | BQ28: =BP28/$BO$2 -> 0 | BS28: =D28*BR28 -> 0 | BT28: =BS28/$BR$2 -> 0 | BV28: =BU28*D28 -> 0 | BW28: =BV28/$BU$2 -> 0 | BY28: =D28*BX28 -> 0 | BZ28: =BY28/$BX$2 -> 0 | CB28: =CA28*D28 -> 0 | CC28: =CB28/$CA$2 -> 0 | CE28: =D28*CD28 -> 0 | CF28: =CE28/$CD$2 -> 0 | CH28: =D28*CG28 -> 0 | CI28: =CH28/$CG$2 -> 0 | CK28: =D28*CJ28 -> 0 | CL28: =CK28/$CJ$2 -> 0 | CN28: =D28*CM28 -> 0 | CO28: =CN28/$CM$2 -> 0 | CQ28: =CP28*D28 -> 0 | CR28: =CQ28/$CP$2 -> 0 | CT28: =CS28*G28 -> 0 | CU28: =CT28/$CP$2 -> 0 | CW28: =CV28*D28 -> 0 | CX28: =CW28/$CP$2 -> 0 | CZ28: =CY28*M28 -> 0 | DA28: =CZ28/$CP$2 -> 0 | DC28: =DB28*P28 -> 0 | DD28: =DC28/$CP$2 -> 0 | DF28: =DE28*D28 -> 0 | DG28: =DF28/$CP$2 -> 0 | DI28: =DH28*D28 -> 0 | DJ28: =DI28/$CP$2 -> 0 | DL28: =DK28*D28 -> 0 | DM28: =DL28/$CP$2 -> 0
A29: 21 | B29: Breads toasted | C29: خبز توست | D29: =E29/G29 -> 0.12631579 | E29: 0.12 | F29: 1 | G29: 0.95 | H29: =D29*15% -> 0.018947368 | I29: =H29+D29 -> 0.14526316 | K29: =J29*D29 -> 0 | L29: =K29/$J$2 -> 0 | N29: =M29*D29 -> 0 | O29: =N29/$M$2 -> 0 | Q29: =P29*D29 -> 0 | R29: =Q29/$P$2 -> 0 | T29: =S29*D29 -> 0 | U29: =T29/$S$2 -> 0 | W29: =V29*D29 -> 0 | X29: =W29/$V$2 -> 0 | Z29: =Y29*D29 -> 0 | AA29: =Z29/$Y$2 -> 0 | AC29: =AB29*D29 -> 0 | AD29: =AC29/$AB$2 -> 0 | AF29: =AE29*D29 -> 0 | AG29: =AF29/$AE$2 -> 0 | AI29: =AH29*D29 -> 0 | AJ29: =AI29/$AH$2 -> 0 | AL29: =AK29*D29 -> 0 | AM29: =AL29/$AK$2 -> 0 | AO29: =AN29*D29 -> 0 | AP29: =AO29/$AN$2 -> 0 | AR29: =AQ29*D29 -> 0 | AS29: =AR29/$AQ$2 -> 0 | AU29: =D29*AT29 -> 0 | AV29: =AU29/$AT$2 -> 0 | AX29: =D29*AW29 -> 0 | AY29: =AX29/$AW$2 -> 0 | BA29: =AZ29*D29 -> 0 | BB29: =BA29/$AZ$2 -> 0 | BD29: =D29*BC29 -> 0 | BE29: =BD29/$BC$2 -> 0 | BG29: =D29*BF29 -> 0 | BH29: =BG29/$BF$2 -> 0 | BJ29: =BI29*D29 -> 0 | BK29: =BJ29/$BI$2 -> 0 | BM29: =BL29*D29 -> 0 | BN29: =BM29/$BL$2 -> 0 | BP29: =BO29*D29 -> 0 | BQ29: =BP29/$BO$2 -> 0 | BS29: =D29*BR29 -> 0 | BT29: =BS29/$BR$2 -> 0 | BV29: =BU29*D29 -> 0 | BW29: =BV29/$BU$2 -> 0 | BY29: =D29*BX29 -> 0 | BZ29: =BY29/$BX$2 -> 0 | CB29: =CA29*D29 -> 0 | CC29: =CB29/$CA$2 -> 0 | CE29: =D29*CD29 -> 0 | CF29: =CE29/$CD$2 -> 0 | CH29: =D29*CG29 -> 0 | CI29: =CH29/$CG$2 -> 0 | CK29: =D29*CJ29 -> 0 | CL29: =CK29/$CJ$2 -> 0 | CN29: =D29*CM29 -> 0 | CO29: =CN29/$CM$2 -> 0 | CQ29: =CP29*D29 -> 0 | CR29: =CQ29/$CP$2 -> 0 | CT29: =CS29*G29 -> 0 | CU29: =CT29/$CP$2 -> 0 | CW29: =CV29*D29 -> 0 | CX29: =CW29/$CP$2 -> 0 | CZ29: =CY29*M29 -> 0 | DA29: =CZ29/$CP$2 -> 0 | DC29: =DB29*P29 -> 0 | DD29: =DC29/$CP$2 -> 0 | DF29: =DE29*D29 -> 0 | DG29: =DF29/$CP$2 -> 0 | DI29: =DH29*D29 -> 0 | DJ29: =DI29/$CP$2 -> 0 | DL29: =DK29*D29 -> 0 | DM29: =DL29/$CP$2 -> 0
A30: 22 | B30: Burgul | C30: برغل | D30: =E30/G30 -> 3.6666667 | E30: =55/15 -> 3.6666667 | F30: 1 | G30: 1 | H30: =D30*15% -> 0.55 | I30: =H30+D30 -> 4.2166667 | K30: =J30*D30 -> 0 | L30: =K30/$J$2 -> 0 | N30: =M30*D30 -> 0 | O30: =N30/$M$2 -> 0 | Q30: =P30*D30 -> 0 | R30: =Q30/$P$2 -> 0 | T30: =S30*D30 -> 0 | U30: =T30/$S$2 -> 0 | W30: =V30*D30 -> 0 | X30: =W30/$V$2 -> 0 | Z30: =Y30*D30 -> 0 | AA30: =Z30/$Y$2 -> 0 | AC30: =AB30*D30 -> 0 | AD30: =AC30/$AB$2 -> 0 | AF30: =AE30*D30 -> 0 | AG30: =AF30/$AE$2 -> 0 | AH30: 0.01 | AI30: =AH30*D30 -> 0.036666667 | AJ30: =AI30/$AH$2 -> 0.032234897 | AL30: =AK30*D30 -> 0 | AM30: =AL30/$AK$2 -> 0 | AO30: =AN30*D30 -> 0 | AP30: =AO30/$AN$2 -> 0 | AR30: =AQ30*D30 -> 0 | AS30: =AR30/$AQ$2 -> 0 | AU30: =D30*AT30 -> 0 | AV30: =AU30/$AT$2 -> 0 | AX30: =D30*AW30 -> 0 | AY30: =AX30/$AW$2 -> 0 | BA30: =AZ30*D30 -> 0 | BB30: =BA30/$AZ$2 -> 0 | BD30: =D30*BC30 -> 0 | BE30: =BD30/$BC$2 -> 0 | BG30: =D30*BF30 -> 0 | BH30: =BG30/$BF$2 -> 0 | BJ30: =BI30*D30 -> 0 | BK30: =BJ30/$BI$2 -> 0 | BM30: =BL30*D30 -> 0 | BN30: =BM30/$BL$2 -> 0 | BO30: 0.008 | BP30: =BO30*D30 -> 0.029333333 | BQ30: =BP30/$BO$2 -> 0.012768369 | BS30: =D30*BR30 -> 0 | BT30: =BS30/$BR$2 -> 0 | BV30: =BU30*D30 -> 0 | BW30: =BV30/$BU$2 -> 0 | BY30: =D30*BX30 -> 0 | BZ30: =BY30/$BX$2 -> 0 | CB30: =CA30*D30 -> 0 | CC30: =CB30/$CA$2 -> 0 | CE30: =D30*CD30 -> 0 | CF30: =CE30/$CD$2 -> 0 | CH30: =D30*CG30 -> 0 | CI30: =CH30/$CG$2 -> 0 | CK30: =D30*CJ30 -> 0 | CL30: =CK30/$CJ$2 -> 0 | CN30: =D30*CM30 -> 0 | CO30: =CN30/$CM$2 -> 0 | CQ30: =CP30*D30 -> 0 | CR30: =CQ30/$CP$2 -> 0 | CT30: =CS30*G30 -> 0 | CU30: =CT30/$CP$2 -> 0 | CW30: =CV30*D30 -> 0 | CX30: =CW30/$CP$2 -> 0 | CZ30: =CY30*M30 -> 0 | DA30: =CZ30/$CP$2 -> 0 | DC30: =DB30*P30 -> 0 | DD30: =DC30/$CP$2 -> 0 | DF30: =DE30*D30 -> 0 | DG30: =DF30/$CP$2 -> 0 | DH30: =0.2/15 -> 0.013333333 | DI30: =DH30*D30 -> 0.048888889 | DJ30: =DI30/$CP$2 -> 0.2882396 | DL30: =DK30*D30 -> 0 | DM30: =DL30/$CP$2 -> 0
A31: 23 | B31: BUTTER | C31: زبدة | D31: =E31/G31 -> 36 | E31: 36 | F31: 1 | G31: 1 | H31: =D31*15% -> 5.4 | I31: =H31+D31 -> 41.4 | K31: =J31*D31 -> 0 | L31: =K31/$J$2 -> 0 | N31: =M31*D31 -> 0 | O31: =N31/$M$2 -> 0 | Q31: =P31*D31 -> 0 | R31: =Q31/$P$2 -> 0 | T31: =S31*D31 -> 0 | U31: =T31/$S$2 -> 0 | W31: =V31*D31 -> 0 | X31: =W31/$V$2 -> 0 | Z31: =Y31*D31 -> 0 | AA31: =Z31/$Y$2 -> 0 | AC31: =AB31*D31 -> 0 | AD31: =AC31/$AB$2 -> 0 | AF31: =AE31*D31 -> 0 | AG31: =AF31/$AE$2 -> 0 | AI31: =AH31*D31 -> 0 | AJ31: =AI31/$AH$2 -> 0 | AL31: =AK31*D31 -> 0 | AM31: =AL31/$AK$2 -> 0 | AO31: =AN31*D31 -> 0 | AP31: =AO31/$AN$2 -> 0 | AR31: =AQ31*D31 -> 0 | AS31: =AR31/$AQ$2 -> 0 | AU31: =D31*AT31 -> 0 | AV31: =AU31/$AT$2 -> 0 | AX31: =D31*AW31 -> 0 | AY31: =AX31/$AW$2 -> 0 | BA31: =AZ31*D31 -> 0 | BB31: =BA31/$AZ$2 -> 0 | BD31: =D31*BC31 -> 0 | BE31: =BD31/$BC$2 -> 0 | BG31: =D31*BF31 -> 0 | BH31: =BG31/$BF$2 -> 0 | BJ31: =BI31*D31 -> 0 | BK31: =BJ31/$BI$2 -> 0 | BM31: =BL31*D31 -> 0 | BN31: =BM31/$BL$2 -> 0 | BP31: =BO31*D31 -> 0 | BQ31: =BP31/$BO$2 -> 0 | BS31: =D31*BR31 -> 0 | BT31: =BS31/$BR$2 -> 0 | BV31: =BU31*D31 -> 0 | BW31: =BV31/$BU$2 -> 0 | BY31: =D31*BX31 -> 0 | BZ31: =BY31/$BX$2 -> 0 | CB31: =CA31*D31 -> 0 | CC31: =CB31/$CA$2 -> 0 | CE31: =D31*CD31 -> 0 | CF31: =CE31/$CD$2 -> 0 | CH31: =D31*CG31 -> 0 | CI31: =CH31/$CG$2 -> 0 | CK31: =D31*CJ31 -> 0 | CL31: =CK31/$CJ$2 -> 0 | CN31: =D31*CM31 -> 0 | CO31: =CN31/$CM$2 -> 0 | CQ31: =CP31*D31 -> 0 | CR31: =CQ31/$CP$2 -> 0 | CT31: =CS31*G31 -> 0 | CU31: =CT31/$CP$2 -> 0 | CW31: =CV31*D31 -> 0 | CX31: =CW31/$CP$2 -> 0 | CZ31: =CY31*M31 -> 0 | DA31: =CZ31/$CP$2 -> 0 | DC31: =DB31*P31 -> 0 | DD31: =DC31/$CP$2 -> 0 | DF31: =DE31*D31 -> 0 | DG31: =DF31/$CP$2 -> 0 | DI31: =DH31*D31 -> 0 | DJ31: =DI31/$CP$2 -> 0 | DL31: =DK31*D31 -> 0 | DM31: =DL31/$CP$2 -> 0
A32: 24 | B32: CABBAGE | C32: ملفوف | D32: =E32/G32 -> 1.8072289 | E32: 1.5 | F32: 1 | G32: 0.83 | H32: =D32*15% -> 0.27108434 | I32: =H32+D32 -> 2.0783133 | K32: =J32*D32 -> 0 | L32: =K32/$J$2 -> 0 | N32: =M32*D32 -> 0 | O32: =N32/$M$2 -> 0 | Q32: =P32*D32 -> 0 | R32: =Q32/$P$2 -> 0 | T32: =S32*D32 -> 0 | U32: =T32/$S$2 -> 0 | W32: =V32*D32 -> 0 | X32: =W32/$V$2 -> 0 | Z32: =Y32*D32 -> 0 | AA32: =Z32/$Y$2 -> 0 | AC32: =AB32*D32 -> 0 | AD32: =AC32/$AB$2 -> 0 | AF32: =AE32*D32 -> 0 | AG32: =AF32/$AE$2 -> 0 | AI32: =AH32*D32 -> 0 | AJ32: =AI32/$AH$2 -> 0 | AL32: =AK32*D32 -> 0 | AM32: =AL32/$AK$2 -> 0 | AO32: =AN32*D32 -> 0 | AP32: =AO32/$AN$2 -> 0 | AR32: =AQ32*D32 -> 0 | AS32: =AR32/$AQ$2 -> 0 | AT32: 0.12 | AU32: =D32*AT32 -> 0.21686747 | AV32: =AU32/$AT$2 -> 0.16029928 | AX32: =D32*AW32 -> 0 | AY32: =AX32/$AW$2 -> 0 | BA32: =AZ32*D32 -> 0 | BB32: =BA32/$AZ$2 -> 0 | BD32: =D32*BC32 -> 0 | BE32: =BD32/$BC$2 -> 0 | BG32: =D32*BF32 -> 0 | BH32: =BG32/$BF$2 -> 0 | BJ32: =BI32*D32 -> 0 | BK32: =BJ32/$BI$2 -> 0 | BM32: =BL32*D32 -> 0 | BN32: =BM32/$BL$2 -> 0 | BP32: =BO32*D32 -> 0 | BQ32: =BP32/$BO$2 -> 0 | BS32: =D32*BR32 -> 0 | BT32: =BS32/$BR$2 -> 0 | BV32: =BU32*D32 -> 0 | BW32: =BV32/$BU$2 -> 0 | BY32: =D32*BX32 -> 0 | BZ32: =BY32/$BX$2 -> 0 | CB32: =CA32*D32 -> 0 | CC32: =CB32/$CA$2 -> 0 | CE32: =D32*CD32 -> 0 | CF32: =CE32/$CD$2 -> 0 | CH32: =D32*CG32 -> 0 | CI32: =CH32/$CG$2 -> 0 | CK32: =D32*CJ32 -> 0 | CL32: =CK32/$CJ$2 -> 0 | CN32: =D32*CM32 -> 0 | CO32: =CN32/$CM$2 -> 0 | CQ32: =CP32*D32 -> 0 | CR32: =CQ32/$CP$2 -> 0 | CT32: =CS32*G32 -> 0 | CU32: =CT32/$CP$2 -> 0 | CW32: =CV32*D32 -> 0 | CX32: =CW32/$CP$2 -> 0 | CZ32: =CY32*M32 -> 0 | DA32: =CZ32/$CP$2 -> 0 | DC32: =DB32*P32 -> 0 | DD32: =DC32/$CP$2 -> 0 | DF32: =DE32*D32 -> 0 | DG32: =DF32/$CP$2 -> 0 | DI32: =DH32*D32 -> 0 | DJ32: =DI32/$CP$2 -> 0 | DL32: =DK32*D32 -> 0 | DM32: =DL32/$CP$2 -> 0
A33: 25 | B33: CANOILA OIL | C33: زيت كانيولا | D33: =E33/G33 -> 15.966667 | E33: =23.95/1.5 -> 15.966667 | F33: 1 | G33: 1 | H33: =D33*15% -> 2.395 | I33: =H33+D33 -> 18.361667 | K33: =J33*D33 -> 0 | L33: =K33/$J$2 -> 0 | N33: =M33*D33 -> 0 | O33: =N33/$M$2 -> 0 | Q33: =P33*D33 -> 0 | R33: =Q33/$P$2 -> 0 | T33: =S33*D33 -> 0 | U33: =T33/$S$2 -> 0 | W33: =V33*D33 -> 0 | X33: =W33/$V$2 -> 0 | Z33: =Y33*D33 -> 0 | AA33: =Z33/$Y$2 -> 0 | AC33: =AB33*D33 -> 0 | AD33: =AC33/$AB$2 -> 0 | AF33: =AE33*D33 -> 0 | AG33: =AF33/$AE$2 -> 0 | AI33: =AH33*D33 -> 0 | AJ33: =AI33/$AH$2 -> 0 | AL33: =AK33*D33 -> 0 | AM33: =AL33/$AK$2 -> 0 | AO33: =AN33*D33 -> 0 | AP33: =AO33/$AN$2 -> 0 | AR33: =AQ33*D33 -> 0 | AS33: =AR33/$AQ$2 -> 0 | AU33: =D33*AT33 -> 0 | AV33: =AU33/$AT$2 -> 0 | AX33: =D33*AW33 -> 0 | AY33: =AX33/$AW$2 -> 0 | BA33: =AZ33*D33 -> 0 | BB33: =BA33/$AZ$2 -> 0 | BD33: =D33*BC33 -> 0 | BE33: =BD33/$BC$2 -> 0 | BG33: =D33*BF33 -> 0 | BH33: =BG33/$BF$2 -> 0 | BJ33: =BI33*D33 -> 0 | BK33: =BJ33/$BI$2 -> 0 | BM33: =BL33*D33 -> 0 | BN33: =BM33/$BL$2 -> 0 | BP33: =BO33*D33 -> 0 | BQ33: =BP33/$BO$2 -> 0 | BR33: 0.05 | BS33: =D33*BR33 -> 0.79833333 | BT33: =BS33/$BR$2 -> 0.22040967 | BU33: 0.06 | BV33: =BU33*D33 -> 0.958 | BW33: =BV33/$BU$2 -> 0.28577581 | BY33: =D33*BX33 -> 0 | BZ33: =BY33/$BX$2 -> 0 | CB33: =CA33*D33 -> 0 | CC33: =CB33/$CA$2 -> 0 | CE33: =D33*CD33 -> 0 | CF33: =CE33/$CD$2 -> 0 | CH33: =D33*CG33 -> 0 | CI33: =CH33/$CG$2 -> 0 | CK33: =D33*CJ33 -> 0 | CL33: =CK33/$CJ$2 -> 0 | CN33: =D33*CM33 -> 0 | CO33: =CN33/$CM$2 -> 0 | CQ33: =CP33*D33 -> 0 | CR33: =CQ33/$CP$2 -> 0 | CT33: =CS33*G33 -> 0 | CU33: =CT33/$CP$2 -> 0 | CW33: =CV33*D33 -> 0 | CX33: =CW33/$CP$2 -> 0 | CZ33: =CY33*M33 -> 0 | DA33: =CZ33/$CP$2 -> 0 | DC33: =DB33*P33 -> 0 | DD33: =DC33/$CP$2 -> 0 | DF33: =DE33*D33 -> 0 | DG33: =DF33/$CP$2 -> 0 | DI33: =DH33*D33 -> 0 | DJ33: =DI33/$CP$2 -> 0 | DL33: =DK33*D33 -> 0 | DM33: =DL33/$CP$2 -> 0
A34: 26 | B34: cardmom | C34: هيل | D34: =E34/G34 -> 58 | E34: 58 | F34: 1 | G34: 1 | H34: =D34*15% -> 8.7 | I34: =H34+D34 -> 66.7 | K34: =J34*D34 -> 0 | L34: =K34/$J$2 -> 0 | N34: =M34*D34 -> 0 | O34: =N34/$M$2 -> 0 | Q34: =P34*D34 -> 0 | R34: =Q34/$P$2 -> 0 | S34: 0.002 | T34: =S34*D34 -> 0.116 | U34: =T34/$S$2 -> 0.023043691 | W34: =V34*D34 -> 0 | X34: =W34/$V$2 -> 0 | Z34: =Y34*D34 -> 0 | AA34: =Z34/$Y$2 -> 0 | AC34: =AB34*D34 -> 0 | AD34: =AC34/$AB$2 -> 0 | AF34: =AE34*D34 -> 0 | AG34: =AF34/$AE$2 -> 0 | AI34: =AH34*D34 -> 0 | AJ34: =AI34/$AH$2 -> 0 | AL34: =AK34*D34 -> 0 | AM34: =AL34/$AK$2 -> 0 | AO34: =AN34*D34 -> 0 | AP34: =AO34/$AN$2 -> 0 | AR34: =AQ34*D34 -> 0 | AS34: =AR34/$AQ$2 -> 0 | AU34: =D34*AT34 -> 0 | AV34: =AU34/$AT$2 -> 0 | AX34: =D34*AW34 -> 0 | AY34: =AX34/$AW$2 -> 0 | BA34: =AZ34*D34 -> 0 | BB34: =BA34/$AZ$2 -> 0 | BD34: =D34*BC34 -> 0 | BE34: =BD34/$BC$2 -> 0 | BG34: =D34*BF34 -> 0 | BH34: =BG34/$BF$2 -> 0 | BJ34: =BI34*D34 -> 0 | BK34: =BJ34/$BI$2 -> 0 | BM34: =BL34*D34 -> 0 | BN34: =BM34/$BL$2 -> 0 | BP34: =BO34*D34 -> 0 | BQ34: =BP34/$BO$2 -> 0 | BS34: =D34*BR34 -> 0 | BT34: =BS34/$BR$2 -> 0 | BV34: =BU34*D34 -> 0 | BW34: =BV34/$BU$2 -> 0 | BY34: =D34*BX34 -> 0 | BZ34: =BY34/$BX$2 -> 0 | CB34: =CA34*D34 -> 0 | CC34: =CB34/$CA$2 -> 0 | CE34: =D34*CD34 -> 0 | CF34: =CE34/$CD$2 -> 0 | CH34: =D34*CG34 -> 0 | CI34: =CH34/$CG$2 -> 0 | CK34: =D34*CJ34 -> 0 | CL34: =CK34/$CJ$2 -> 0 | CN34: =D34*CM34 -> 0 | CO34: =CN34/$CM$2 -> 0 | CQ34: =CP34*D34 -> 0 | CR34: =CQ34/$CP$2 -> 0 | CT34: =CS34*G34 -> 0 | CU34: =CT34/$CP$2 -> 0 | CW34: =CV34*D34 -> 0 | CX34: =CW34/$CP$2 -> 0 | CZ34: =CY34*M34 -> 0 | DA34: =CZ34/$CP$2 -> 0 | DC34: =DB34*P34 -> 0 | DD34: =DC34/$CP$2 -> 0 | DF34: =DE34*D34 -> 0 | DG34: =DF34/$CP$2 -> 0 | DI34: =DH34*D34 -> 0 | DJ34: =DI34/$CP$2 -> 0 | DL34: =DK34*D34 -> 0 | DM34: =DL34/$CP$2 -> 0
A35: 27 | B35: CAULIFLWER | C35: زهرة | D35: =E35/G35 -> 5.4375 | E35: 4.35 | F35: 1 | G35: 0.8 | H35: =D35*15% -> 0.815625 | I35: =H35+D35 -> 6.253125 | K35: =J35*D35 -> 0 | L35: =K35/$J$2 -> 0 | N35: =M35*D35 -> 0 | O35: =N35/$M$2 -> 0 | Q35: =P35*D35 -> 0 | R35: =Q35/$P$2 -> 0 | T35: =S35*D35 -> 0 | U35: =T35/$S$2 -> 0 | W35: =V35*D35 -> 0 | X35: =W35/$V$2 -> 0 | Z35: =Y35*D35 -> 0 | AA35: =Z35/$Y$2 -> 0 | AC35: =AB35*D35 -> 0 | AD35: =AC35/$AB$2 -> 0 | AF35: =AE35*D35 -> 0 | AG35: =AF35/$AE$2 -> 0 | AI35: =AH35*D35 -> 0 | AJ35: =AI35/$AH$2 -> 0 | AL35: =AK35*D35 -> 0 | AM35: =AL35/$AK$2 -> 0 | AO35: =AN35*D35 -> 0 | AP35: =AO35/$AN$2 -> 0 | AR35: =AQ35*D35 -> 0 | AS35: =AR35/$AQ$2 -> 0 | AU35: =D35*AT35 -> 0 | AV35: =AU35/$AT$2 -> 0 | AX35: =D35*AW35 -> 0 | AY35: =AX35/$AW$2 -> 0 | BA35: =AZ35*D35 -> 0 | BB35: =BA35/$AZ$2 -> 0 | BD35: =D35*BC35 -> 0 | BE35: =BD35/$BC$2 -> 0 | BG35: =D35*BF35 -> 0 | BH35: =BG35/$BF$2 -> 0 | BJ35: =BI35*D35 -> 0 | BK35: =BJ35/$BI$2 -> 0 | BM35: =BL35*D35 -> 0 | BN35: =BM35/$BL$2 -> 0 | BP35: =BO35*D35 -> 0 | BQ35: =BP35/$BO$2 -> 0 | BR35: 0.2 | BS35: =D35*BR35 -> 1.0875 | BT35: =BS35/$BR$2 -> 0.30024491 | BV35: =BU35*D35 -> 0 | BW35: =BV35/$BU$2 -> 0 | BY35: =D35*BX35 -> 0 | BZ35: =BY35/$BX$2 -> 0 | CB35: =CA35*D35 -> 0 | CC35: =CB35/$CA$2 -> 0 | CE35: =D35*CD35 -> 0 | CF35: =CE35/$CD$2 -> 0 | CH35: =D35*CG35 -> 0 | CI35: =CH35/$CG$2 -> 0 | CK35: =D35*CJ35 -> 0 | CL35: =CK35/$CJ$2 -> 0 | CN35: =D35*CM35 -> 0 | CO35: =CN35/$CM$2 -> 0 | CQ35: =CP35*D35 -> 0 | CR35: =CQ35/$CP$2 -> 0 | CT35: =CS35*G35 -> 0 | CU35: =CT35/$CP$2 -> 0 | CW35: =CV35*D35 -> 0 | CX35: =CW35/$CP$2 -> 0 | CZ35: =CY35*M35 -> 0 | DA35: =CZ35/$CP$2 -> 0 | DC35: =DB35*P35 -> 0 | DD35: =DC35/$CP$2 -> 0 | DF35: =DE35*D35 -> 0 | DG35: =DF35/$CP$2 -> 0 | DI35: =DH35*D35 -> 0 | DJ35: =DI35/$CP$2 -> 0 | DL35: =DK35*D35 -> 0 | DM35: =DL35/$CP$2 -> 0
A36: 28 | B36: Chilli Powder | C36: فلفل حار | D36: =E36/G36 -> 16.666667 | E36: 15 | F36: 1 | G36: 0.9 | H36: =D36*15% -> 2.5 | I36: =H36+D36 -> 19.166667 | K36: =J36*D36 -> 0 | L36: =K36/$J$2 -> 0 | N36: =M36*D36 -> 0 | O36: =N36/$M$2 -> 0 | Q36: =P36*D36 -> 0 | R36: =Q36/$P$2 -> 0 | T36: =S36*D36 -> 0 | U36: =T36/$S$2 -> 0 | W36: =V36*D36 -> 0 | X36: =W36/$V$2 -> 0 | Z36: =Y36*D36 -> 0 | AA36: =Z36/$Y$2 -> 0 | AC36: =AB36*D36 -> 0 | AD36: =AC36/$AB$2 -> 0 | AF36: =AE36*D36 -> 0 | AG36: =AF36/$AE$2 -> 0 | AI36: =AH36*D36 -> 0 | AJ36: =AI36/$AH$2 -> 0 | AL36: =AK36*D36 -> 0 | AM36: =AL36/$AK$2 -> 0 | AO36: =AN36*D36 -> 0 | AP36: =AO36/$AN$2 -> 0 | AR36: =AQ36*D36 -> 0 | AS36: =AR36/$AQ$2 -> 0 | AU36: =D36*AT36 -> 0 | AV36: =AU36/$AT$2 -> 0 | AX36: =D36*AW36 -> 0 | AY36: =AX36/$AW$2 -> 0 | BA36: =AZ36*D36 -> 0 | BB36: =BA36/$AZ$2 -> 0 | BD36: =D36*BC36 -> 0 | BE36: =BD36/$BC$2 -> 0 | BG36: =D36*BF36 -> 0 | BH36: =BG36/$BF$2 -> 0 | BJ36: =BI36*D36 -> 0 | BK36: =BJ36/$BI$2 -> 0 | BM36: =BL36*D36 -> 0 | BN36: =BM36/$BL$2 -> 0 | BP36: =BO36*D36 -> 0 | BQ36: =BP36/$BO$2 -> 0 | BS36: =D36*BR36 -> 0 | BT36: =BS36/$BR$2 -> 0 | BU36: 0.00125 | BV36: =BU36*D36 -> 0.020833333 | BW36: =BV36/$BU$2 -> 0.0062146792 | BY36: =D36*BX36 -> 0 | BZ36: =BY36/$BX$2 -> 0 | CB36: =CA36*D36 -> 0 | CC36: =CB36/$CA$2 -> 0 | CE36: =D36*CD36 -> 0 | CF36: =CE36/$CD$2 -> 0 | CG36: 0.0005 | CH36: =D36*CG36 -> 0.0083333333 | CI36: =CH36/$CG$2 -> 0.040622836 | CK36: =D36*CJ36 -> 0 | CL36: =CK36/$CJ$2 -> 0 | CN36: =D36*CM36 -> 0 | CO36: =CN36/$CM$2 -> 0 | CQ36: =CP36*D36 -> 0 | CR36: =CQ36/$CP$2 -> 0 | CT36: =CS36*G36 -> 0 | CU36: =CT36/$CP$2 -> 0 | CW36: =CV36*D36 -> 0 | CX36: =CW36/$CP$2 -> 0 | CZ36: =CY36*M36 -> 0 | DA36: =CZ36/$CP$2 -> 0 | DC36: =DB36*P36 -> 0 | DD36: =DC36/$CP$2 -> 0 | DF36: =DE36*D36 -> 0 | DG36: =DF36/$CP$2 -> 0 | DI36: =DH36*D36 -> 0 | DJ36: =DI36/$CP$2 -> 0 | DL36: =DK36*D36 -> 0 | DM36: =DL36/$CP$2 -> 0
A37: 29 | B37: Chopped Garlic | C37: ثوم مفروم | D37: =E37/G37 -> 10 | E37: 10 | F37: 1 | G37: 1 | H37: =D37*15% -> 1.5 | I37: =H37+D37 -> 11.5 | K37: =J37*D37 -> 0 | L37: =K37/$J$2 -> 0 | N37: =M37*D37 -> 0 | O37: =N37/$M$2 -> 0 | Q37: =P37*D37 -> 0 | R37: =Q37/$P$2 -> 0 | T37: =S37*D37 -> 0 | U37: =T37/$S$2 -> 0 | W37: =V37*D37 -> 0 | X37: =W37/$V$2 -> 0 | Z37: =Y37*D37 -> 0 | AA37: =Z37/$Y$2 -> 0 | AC37: =AB37*D37 -> 0 | AD37: =AC37/$AB$2 -> 0 | AE37: 0.05 | AF37: =AE37*D37 -> 0.5 | AG37: =AF37/$AE$2 -> 0.17377825 | AI37: =AH37*D37 -> 0 | AJ37: =AI37/$AH$2 -> 0 | AL37: =AK37*D37 -> 0 | AM37: =AL37/$AK$2 -> 0 | AO37: =AN37*D37 -> 0 | AP37: =AO37/$AN$2 -> 0 | AR37: =AQ37*D37 -> 0 | AS37: =AR37/$AQ$2 -> 0 | AU37: =D37*AT37 -> 0 | AV37: =AU37/$AT$2 -> 0 | AX37: =D37*AW37 -> 0 | AY37: =AX37/$AW$2 -> 0 | BA37: =AZ37*D37 -> 0 | BB37: =BA37/$AZ$2 -> 0 | BD37: =D37*BC37 -> 0 | BE37: =BD37/$BC$2 -> 0 | BG37: =D37*BF37 -> 0 | BH37: =BG37/$BF$2 -> 0 | BJ37: =BI37*D37 -> 0 | BK37: =BJ37/$BI$2 -> 0 | BM37: =BL37*D37 -> 0 | BN37: =BM37/$BL$2 -> 0 | BP37: =BO37*D37 -> 0 | BQ37: =BP37/$BO$2 -> 0 | BS37: =D37*BR37 -> 0 | BT37: =BS37/$BR$2 -> 0 | BV37: =BU37*D37 -> 0 | BW37: =BV37/$BU$2 -> 0 | BY37: =D37*BX37 -> 0 | BZ37: =BY37/$BX$2 -> 0 | CB37: =CA37*D37 -> 0 | CC37: =CB37/$CA$2 -> 0 | CE37: =D37*CD37 -> 0 | CF37: =CE37/$CD$2 -> 0 | CH37: =D37*CG37 -> 0 | CI37: =CH37/$CG$2 -> 0 | CK37: =D37*CJ37 -> 0 | CL37: =CK37/$CJ$2 -> 0 | CN37: =D37*CM37 -> 0 | CO37: =CN37/$CM$2 -> 0 | CQ37: =CP37*D37 -> 0 | CR37: =CQ37/$CP$2 -> 0 | CT37: =CS37*G37 -> 0 | CU37: =CT37/$CP$2 -> 0 | CW37: =CV37*D37 -> 0 | CX37: =CW37/$CP$2 -> 0 | CZ37: =CY37*M37 -> 0 | DA37: =CZ37/$CP$2 -> 0 | DC37: =DB37*P37 -> 0 | DD37: =DC37/$CP$2 -> 0 | DF37: =DE37*D37 -> 0 | DG37: =DF37/$CP$2 -> 0 | DI37: =DH37*D37 -> 0 | DJ37: =DI37/$CP$2 -> 0 | DL37: =DK37*D37 -> 0 | DM37: =DL37/$CP$2 -> 0
A38: 30 | B38: Chopped Mint | C38: نعناع مفروم | D38: =E38/G38 -> 1.6666667 | E38: =10/6 -> 1.6666667 | F38: 1 | G38: 1 | H38: =D38*15% -> 0.25 | I38: =H38+D38 -> 1.9166667 | K38: =J38*D38 -> 0 | L38: =K38/$J$2 -> 0 | N38: =M38*D38 -> 0 | O38: =N38/$M$2 -> 0 | Q38: =P38*D38 -> 0 | R38: =Q38/$P$2 -> 0 | T38: =S38*D38 -> 0 | U38: =T38/$S$2 -> 0 | W38: =V38*D38 -> 0 | X38: =W38/$V$2 -> 0 | Z38: =Y38*D38 -> 0 | AA38: =Z38/$Y$2 -> 0 | AC38: =AB38*D38 -> 0 | AD38: =AC38/$AB$2 -> 0 | AF38: =AE38*D38 -> 0 | AG38: =AF38/$AE$2 -> 0 | AH38: 0.006 | AI38: =AH38*D38 -> 0.01 | AJ38: =AI38/$AH$2 -> 0.0087913355 | AL38: =AK38*D38 -> 0 | AM38: =AL38/$AK$2 -> 0 | AO38: =AN38*D38 -> 0 | AP38: =AO38/$AN$2 -> 0 | AR38: =AQ38*D38 -> 0 | AS38: =AR38/$AQ$2 -> 0 | AU38: =D38*AT38 -> 0 | AV38: =AU38/$AT$2 -> 0 | AX38: =D38*AW38 -> 0 | AY38: =AX38/$AW$2 -> 0 | BA38: =AZ38*D38 -> 0 | BB38: =BA38/$AZ$2 -> 0 | BD38: =D38*BC38 -> 0 | BE38: =BD38/$BC$2 -> 0 | BG38: =D38*BF38 -> 0 | BH38: =BG38/$BF$2 -> 0 | BJ38: =BI38*D38 -> 0 | BK38: =BJ38/$BI$2 -> 0 | BM38: =BL38*D38 -> 0 | BN38: =BM38/$BL$2 -> 0 | BP38: =BO38*D38 -> 0 | BQ38: =BP38/$BO$2 -> 0 | BS38: =D38*BR38 -> 0 | BT38: =BS38/$BR$2 -> 0 | BV38: =BU38*D38 -> 0 | BW38: =BV38/$BU$2 -> 0 | BY38: =D38*BX38 -> 0 | BZ38: =BY38/$BX$2 -> 0 | CB38: =CA38*D38 -> 0 | CC38: =CB38/$CA$2 -> 0 | CE38: =D38*CD38 -> 0 | CF38: =CE38/$CD$2 -> 0 | CH38: =D38*CG38 -> 0 | CI38: =CH38/$CG$2 -> 0 | CK38: =D38*CJ38 -> 0 | CL38: =CK38/$CJ$2 -> 0 | CN38: =D38*CM38 -> 0 | CO38: =CN38/$CM$2 -> 0 | CQ38: =CP38*D38 -> 0 | CR38: =CQ38/$CP$2 -> 0 | CT38: =CS38*G38 -> 0 | CU38: =CT38/$CP$2 -> 0 | CW38: =CV38*D38 -> 0 | CX38: =CW38/$CP$2 -> 0 | CZ38: =CY38*M38 -> 0 | DA38: =CZ38/$CP$2 -> 0 | DC38: =DB38*P38 -> 0 | DD38: =DC38/$CP$2 -> 0 | DF38: =DE38*D38 -> 0 | DG38: =DF38/$CP$2 -> 0 | DH38: =0.5/15 -> 0.033333333 | DI38: =DH38*D38 -> 0.055555556 | DJ38: =DI38/$CP$2 -> 0.327545 | DL38: =DK38*D38 -> 0 | DM38: =DL38/$CP$2 -> 0
A39: 31 | B39: Chopped Onions | C39: بصل مفروم | D39: =E39/G39 -> 1.5789474 | E39: =15/10 -> 1.5 | F39: 1 | G39: 0.95 | H39: =D39*15% -> 0.23684211 | I39: =H39+D39 -> 1.8157895 | K39: =J39*D39 -> 0 | L39: =K39/$J$2 -> 0 | N39: =M39*D39 -> 0 | O39: =N39/$M$2 -> 0 | Q39: =P39*D39 -> 0 | R39: =Q39/$P$2 -> 0 | T39: =S39*D39 -> 0 | U39: =T39/$S$2 -> 0 | W39: =V39*D39 -> 0 | X39: =W39/$V$2 -> 0 | Z39: =Y39*D39 -> 0 | AA39: =Z39/$Y$2 -> 0 | AC39: =AB39*D39 -> 0 | AD39: =AC39/$AB$2 -> 0 | AE39: 0.05 | AF39: =AE39*D39 -> 0.078947368 | AG39: =AF39/$AE$2 -> 0.027438672 | AI39: =AH39*D39 -> 0 | AJ39: =AI39/$AH$2 -> 0 | AL39: =AK39*D39 -> 0 | AM39: =AL39/$AK$2 -> 0 | AO39: =AN39*D39 -> 0 | AP39: =AO39/$AN$2 -> 0 | AR39: =AQ39*D39 -> 0 | AS39: =AR39/$AQ$2 -> 0 | AU39: =D39*AT39 -> 0 | AV39: =AU39/$AT$2 -> 0 | AX39: =D39*AW39 -> 0 | AY39: =AX39/$AW$2 -> 0 | BA39: =AZ39*D39 -> 0 | BB39: =BA39/$AZ$2 -> 0 | BD39: =D39*BC39 -> 0 | BE39: =BD39/$BC$2 -> 0 | BG39: =D39*BF39 -> 0 | BH39: =BG39/$BF$2 -> 0 | BJ39: =BI39*D39 -> 0 | BK39: =BJ39/$BI$2 -> 0 | BM39: =BL39*D39 -> 0 | BN39: =BM39/$BL$2 -> 0 | BP39: =BO39*D39 -> 0 | BQ39: =BP39/$BO$2 -> 0 | BS39: =D39*BR39 -> 0 | BT39: =BS39/$BR$2 -> 0 | BV39: =BU39*D39 -> 0 | BW39: =BV39/$BU$2 -> 0 | BY39: =D39*BX39 -> 0 | BZ39: =BY39/$BX$2 -> 0 | CB39: =CA39*D39 -> 0 | CC39: =CB39/$CA$2 -> 0 | CE39: =D39*CD39 -> 0 | CF39: =CE39/$CD$2 -> 0 | CH39: =D39*CG39 -> 0 | CI39: =CH39/$CG$2 -> 0 | CK39: =D39*CJ39 -> 0 | CL39: =CK39/$CJ$2 -> 0 | CN39: =D39*CM39 -> 0 | CO39: =CN39/$CM$2 -> 0 | CQ39: =CP39*D39 -> 0 | CR39: =CQ39/$CP$2 -> 0 | CT39: =CS39*G39 -> 0 | CU39: =CT39/$CP$2 -> 0 | CW39: =CV39*D39 -> 0 | CX39: =CW39/$CP$2 -> 0 | CZ39: =CY39*M39 -> 0 | DA39: =CZ39/$CP$2 -> 0 | DC39: =DB39*P39 -> 0 | DD39: =DC39/$CP$2 -> 0 | DF39: =DE39*D39 -> 0 | DG39: =DF39/$CP$2 -> 0 | DI39: =DH39*D39 -> 0 | DJ39: =DI39/$CP$2 -> 0 | DL39: =DK39*D39 -> 0 | DM39: =DL39/$CP$2 -> 0
A40: 32 | B40: Chopped Parsley | C40: بقدونس مفروم | D40: =E40/G40 -> 1.8115942 | E40: =10/6 -> 1.6666667 | F40: 1 | G40: 0.92 | H40: =D40*15% -> 0.27173913 | I40: =H40+D40 -> 2.0833333 | K40: =J40*D40 -> 0 | L40: =K40/$J$2 -> 0 | N40: =M40*D40 -> 0 | O40: =N40/$M$2 -> 0 | Q40: =P40*D40 -> 0 | R40: =Q40/$P$2 -> 0 | T40: =S40*D40 -> 0 | U40: =T40/$S$2 -> 0 | W40: =V40*D40 -> 0 | X40: =W40/$V$2 -> 0 | Z40: =Y40*D40 -> 0 | AA40: =Z40/$Y$2 -> 0 | AC40: =AB40*D40 -> 0 | AD40: =AC40/$AB$2 -> 0 | AE40: 0.01 | AF40: =AE40*D40 -> 0.018115942 | AG40: =AF40/$AE$2 -> 0.0062963135 | AH40: 0.1 | AI40: =AH40*D40 -> 0.18115942 | AJ40: =AI40/$AH$2 -> 0.15926332 | AL40: =AK40*D40 -> 0 | AM40: =AL40/$AK$2 -> 0 | AO40: =AN40*D40 -> 0 | AP40: =AO40/$AN$2 -> 0 | AR40: =AQ40*D40 -> 0 | AS40: =AR40/$AQ$2 -> 0 | AU40: =D40*AT40 -> 0 | AV40: =AU40/$AT$2 -> 0 | AX40: =D40*AW40 -> 0 | AY40: =AX40/$AW$2 -> 0 | BA40: =AZ40*D40 -> 0 | BB40: =BA40/$AZ$2 -> 0 | BD40: =D40*BC40 -> 0 | BE40: =BD40/$BC$2 -> 0 | BG40: =D40*BF40 -> 0 | BH40: =BG40/$BF$2 -> 0 | BJ40: =BI40*D40 -> 0 | BK40: =BJ40/$BI$2 -> 0 | BM40: =BL40*D40 -> 0 | BN40: =BM40/$BL$2 -> 0 | BP40: =BO40*D40 -> 0 | BQ40: =BP40/$BO$2 -> 0 | BS40: =D40*BR40 -> 0 | BT40: =BS40/$BR$2 -> 0 | BV40: =BU40*D40 -> 0 | BW40: =BV40/$BU$2 -> 0 | BY40: =D40*BX40 -> 0 | BZ40: =BY40/$BX$2 -> 0 | CB40: =CA40*D40 -> 0 | CC40: =CB40/$CA$2 -> 0 | CE40: =D40*CD40 -> 0 | CF40: =CE40/$CD$2 -> 0 | CH40: =D40*CG40 -> 0 | CI40: =CH40/$CG$2 -> 0 | CK40: =D40*CJ40 -> 0 | CL40: =CK40/$CJ$2 -> 0 | CN40: =D40*CM40 -> 0 | CO40: =CN40/$CM$2 -> 0 | CQ40: =CP40*D40 -> 0 | CR40: =CQ40/$CP$2 -> 0 | CT40: =CS40*G40 -> 0 | CU40: =CT40/$CP$2 -> 0 | CW40: =CV40*D40 -> 0 | CX40: =CW40/$CP$2 -> 0 | CZ40: =CY40*M40 -> 0 | DA40: =CZ40/$CP$2 -> 0 | DC40: =DB40*P40 -> 0 | DD40: =DC40/$CP$2 -> 0 | DF40: =DE40*D40 -> 0 | DG40: =DF40/$CP$2 -> 0 | DI40: =DH40*D40 -> 0 | DJ40: =DI40/$CP$2 -> 0 | DL40: =DK40*D40 -> 0 | DM40: =DL40/$CP$2 -> 0
A41: 33 | B41: cinnamon | C41: قرفة | D41: =E41/G41 -> 16 | E41: 16 | F41: 1 | G41: 1 | H41: =D41*15% -> 2.4 | I41: =H41+D41 -> 18.4 | K41: =J41*D41 -> 0 | L41: =K41/$J$2 -> 0 | N41: =M41*D41 -> 0 | O41: =N41/$M$2 -> 0 | Q41: =P41*D41 -> 0 | R41: =Q41/$P$2 -> 0 | T41: =S41*D41 -> 0 | U41: =T41/$S$2 -> 0 | W41: =V41*D41 -> 0 | X41: =W41/$V$2 -> 0 | Z41: =Y41*D41 -> 0 | AA41: =Z41/$Y$2 -> 0 | AC41: =AB41*D41 -> 0 | AD41: =AC41/$AB$2 -> 0 | AF41: =AE41*D41 -> 0 | AG41: =AF41/$AE$2 -> 0 | AI41: =AH41*D41 -> 0 | AJ41: =AI41/$AH$2 -> 0 | AL41: =AK41*D41 -> 0 | AM41: =AL41/$AK$2 -> 0 | AO41: =AN41*D41 -> 0 | AP41: =AO41/$AN$2 -> 0 | AR41: =AQ41*D41 -> 0 | AS41: =AR41/$AQ$2 -> 0 | AU41: =D41*AT41 -> 0 | AV41: =AU41/$AT$2 -> 0 | AX41: =D41*AW41 -> 0 | AY41: =AX41/$AW$2 -> 0 | BA41: =AZ41*D41 -> 0 | BB41: =BA41/$AZ$2 -> 0 | BD41: =D41*BC41 -> 0 | BE41: =BD41/$BC$2 -> 0 | BG41: =D41*BF41 -> 0 | BH41: =BG41/$BF$2 -> 0 | BI41: 0.001 | BJ41: =BI41*D41 -> 0.016 | BK41: =BJ41/$BI$2 -> 0.0046435466 | BM41: =BL41*D41 -> 0 | BN41: =BM41/$BL$2 -> 0 | BP41: =BO41*D41 -> 0 | BQ41: =BP41/$BO$2 -> 0 | BS41: =D41*BR41 -> 0 | BT41: =BS41/$BR$2 -> 0 | BV41: =BU41*D41 -> 0 | BW41: =BV41/$BU$2 -> 0 | BY41: =D41*BX41 -> 0 | BZ41: =BY41/$BX$2 -> 0 | CB41: =CA41*D41 -> 0 | CC41: =CB41/$CA$2 -> 0 | CE41: =D41*CD41 -> 0 | CF41: =CE41/$CD$2 -> 0 | CH41: =D41*CG41 -> 0 | CI41: =CH41/$CG$2 -> 0 | CK41: =D41*CJ41 -> 0 | CL41: =CK41/$CJ$2 -> 0 | CN41: =D41*CM41 -> 0 | CO41: =CN41/$CM$2 -> 0 | CQ41: =CP41*D41 -> 0 | CR41: =CQ41/$CP$2 -> 0 | CT41: =CS41*G41 -> 0 | CU41: =CT41/$CP$2 -> 0 | CW41: =CV41*D41 -> 0 | CX41: =CW41/$CP$2 -> 0 | CZ41: =CY41*M41 -> 0 | DA41: =CZ41/$CP$2 -> 0 | DC41: =DB41*P41 -> 0 | DD41: =DC41/$CP$2 -> 0 | DF41: =DE41*D41 -> 0 | DG41: =DF41/$CP$2 -> 0 | DI41: =DH41*D41 -> 0 | DJ41: =DI41/$CP$2 -> 0 | DL41: =DK41*D41 -> 0 | DM41: =DL41/$CP$2 -> 0
A42: 34 | B42: Cinnamon powder | C42: قرفة مطحون | D42: =E42/G42 -> 16 | E42: 16 | F42: 1 | G42: 1 | H42: =D42*15% -> 2.4 | I42: =H42+D42 -> 18.4 | K42: =J42*D42 -> 0 | L42: =K42/$J$2 -> 0 | N42: =M42*D42 -> 0 | O42: =N42/$M$2 -> 0 | Q42: =P42*D42 -> 0 | R42: =Q42/$P$2 -> 0 | T42: =S42*D42 -> 0 | U42: =T42/$S$2 -> 0 | W42: =V42*D42 -> 0 | X42: =W42/$V$2 -> 0 | Z42: =Y42*D42 -> 0 | AA42: =Z42/$Y$2 -> 0 | AC42: =AB42*D42 -> 0 | AD42: =AC42/$AB$2 -> 0 | AF42: =AE42*D42 -> 0 | AG42: =AF42/$AE$2 -> 0 | AI42: =AH42*D42 -> 0 | AJ42: =AI42/$AH$2 -> 0 | AL42: =AK42*D42 -> 0 | AM42: =AL42/$AK$2 -> 0 | AO42: =AN42*D42 -> 0 | AP42: =AO42/$AN$2 -> 0 | AR42: =AQ42*D42 -> 0 | AS42: =AR42/$AQ$2 -> 0 | AU42: =D42*AT42 -> 0 | AV42: =AU42/$AT$2 -> 0 | AX42: =D42*AW42 -> 0 | AY42: =AX42/$AW$2 -> 0 | BA42: =AZ42*D42 -> 0 | BB42: =BA42/$AZ$2 -> 0 | BD42: =D42*BC42 -> 0 | BE42: =BD42/$BC$2 -> 0 | BG42: =D42*BF42 -> 0 | BH42: =BG42/$BF$2 -> 0 | BJ42: =BI42*D42 -> 0 | BK42: =BJ42/$BI$2 -> 0 | BM42: =BL42*D42 -> 0 | BN42: =BM42/$BL$2 -> 0 | BO42: 0.0002 | BP42: =BO42*D42 -> 0.0032 | BQ42: =BP42/$BO$2 -> 0.001392913 | BS42: =D42*BR42 -> 0 | BT42: =BS42/$BR$2 -> 0 | BV42: =BU42*D42 -> 0 | BW42: =BV42/$BU$2 -> 0 | BY42: =D42*BX42 -> 0 | BZ42: =BY42/$BX$2 -> 0 | CB42: =CA42*D42 -> 0 | CC42: =CB42/$CA$2 -> 0 | CE42: =D42*CD42 -> 0 | CF42: =CE42/$CD$2 -> 0 | CH42: =D42*CG42 -> 0 | CI42: =CH42/$CG$2 -> 0 | CK42: =D42*CJ42 -> 0 | CL42: =CK42/$CJ$2 -> 0 | CN42: =D42*CM42 -> 0 | CO42: =CN42/$CM$2 -> 0 | CQ42: =CP42*D42 -> 0 | CR42: =CQ42/$CP$2 -> 0 | CT42: =CS42*G42 -> 0 | CU42: =CT42/$CP$2 -> 0 | CW42: =CV42*D42 -> 0 | CX42: =CW42/$CP$2 -> 0 | CZ42: =CY42*M42 -> 0 | DA42: =CZ42/$CP$2 -> 0 | DC42: =DB42*P42 -> 0 | DD42: =DC42/$CP$2 -> 0 | DF42: =DE42*D42 -> 0 | DG42: =DF42/$CP$2 -> 0 | DI42: =DH42*D42 -> 0 | DJ42: =DI42/$CP$2 -> 0 | DL42: =DK42*D42 -> 0 | DM42: =DL42/$CP$2 -> 0
A43: 35 | B43: CLOVES | C43: قرنفل | D43: =E43/G43 -> 42 | E43: 42 | F43: 1 | G43: 1 | H43: =D43*15% -> 6.3 | I43: =H43+D43 -> 48.3 | K43: =J43*D43 -> 0 | L43: =K43/$J$2 -> 0 | N43: =M43*D43 -> 0 | O43: =N43/$M$2 -> 0 | Q43: =P43*D43 -> 0 | R43: =Q43/$P$2 -> 0 | T43: =S43*D43 -> 0 | U43: =T43/$S$2 -> 0 | W43: =V43*D43 -> 0 | X43: =W43/$V$2 -> 0 | Z43: =Y43*D43 -> 0 | AA43: =Z43/$Y$2 -> 0 | AC43: =AB43*D43 -> 0 | AD43: =AC43/$AB$2 -> 0 | AF43: =AE43*D43 -> 0 | AG43: =AF43/$AE$2 -> 0 | AI43: =AH43*D43 -> 0 | AJ43: =AI43/$AH$2 -> 0 | AL43: =AK43*D43 -> 0 | AM43: =AL43/$AK$2 -> 0 | AO43: =AN43*D43 -> 0 | AP43: =AO43/$AN$2 -> 0 | AR43: =AQ43*D43 -> 0 | AS43: =AR43/$AQ$2 -> 0 | AU43: =D43*AT43 -> 0 | AV43: =AU43/$AT$2 -> 0 | AX43: =D43*AW43 -> 0 | AY43: =AX43/$AW$2 -> 0 | BA43: =AZ43*D43 -> 0 | BB43: =BA43/$AZ$2 -> 0 | BD43: =D43*BC43 -> 0 | BE43: =BD43/$BC$2 -> 0 | BG43: =D43*BF43 -> 0 | BH43: =BG43/$BF$2 -> 0 | BI43: 0.001 | BJ43: =BI43*D43 -> 0.042 | BK43: =BJ43/$BI$2 -> 0.01218931 | BM43: =BL43*D43 -> 0 | BN43: =BM43/$BL$2 -> 0 | BP43: =BO43*D43 -> 0 | BQ43: =BP43/$BO$2 -> 0 | BS43: =D43*BR43 -> 0 | BT43: =BS43/$BR$2 -> 0 | BV43: =BU43*D43 -> 0 | BW43: =BV43/$BU$2 -> 0 | BY43: =D43*BX43 -> 0 | BZ43: =BY43/$BX$2 -> 0 | CB43: =CA43*D43 -> 0 | CC43: =CB43/$CA$2 -> 0 | CE43: =D43*CD43 -> 0 | CF43: =CE43/$CD$2 -> 0 | CH43: =D43*CG43 -> 0 | CI43: =CH43/$CG$2 -> 0 | CK43: =D43*CJ43 -> 0 | CL43: =CK43/$CJ$2 -> 0 | CN43: =D43*CM43 -> 0 | CO43: =CN43/$CM$2 -> 0 | CQ43: =CP43*D43 -> 0 | CR43: =CQ43/$CP$2 -> 0 | CT43: =CS43*G43 -> 0 | CU43: =CT43/$CP$2 -> 0 | CW43: =CV43*D43 -> 0 | CX43: =CW43/$CP$2 -> 0 | CZ43: =CY43*M43 -> 0 | DA43: =CZ43/$CP$2 -> 0 | DC43: =DB43*P43 -> 0 | DD43: =DC43/$CP$2 -> 0 | DF43: =DE43*D43 -> 0 | DG43: =DF43/$CP$2 -> 0 | DI43: =DH43*D43 -> 0 | DJ43: =DI43/$CP$2 -> 0 | DL43: =DK43*D43 -> 0 | DM43: =DL43/$CP$2 -> 0
A44: 37 | B44: coriander | C44: كزبرة | D44: =E44/G44 -> 1.754386 | E44: =10/6 -> 1.6666667 | F44: 1 | G44: 0.95 | H44: =D44*15% -> 0.26315789 | I44: =H44+D44 -> 2.0175439 | K44: =J44*D44 -> 0 | L44: =K44/$J$2 -> 0 | N44: =M44*D44 -> 0 | O44: =N44/$M$2 -> 0 | Q44: =P44*D44 -> 0 | R44: =Q44/$P$2 -> 0 | T44: =S44*D44 -> 0 | U44: =T44/$S$2 -> 0 | W44: =V44*D44 -> 0 | X44: =W44/$V$2 -> 0 | Z44: =Y44*D44 -> 0 | AA44: =Z44/$Y$2 -> 0 | AC44: =AB44*D44 -> 0 | AD44: =AC44/$AB$2 -> 0 | AF44: =AE44*D44 -> 0 | AG44: =AF44/$AE$2 -> 0 | AI44: =AH44*D44 -> 0 | AJ44: =AI44/$AH$2 -> 0 | AL44: =AK44*D44 -> 0 | AM44: =AL44/$AK$2 -> 0 | AO44: =AN44*D44 -> 0 | AP44: =AO44/$AN$2 -> 0 | AR44: =AQ44*D44 -> 0 | AS44: =AR44/$AQ$2 -> 0 | AU44: =D44*AT44 -> 0 | AV44: =AU44/$AT$2 -> 0 | AX44: =D44*AW44 -> 0 | AY44: =AX44/$AW$2 -> 0 | BA44: =AZ44*D44 -> 0 | BB44: =BA44/$AZ$2 -> 0 | BD44: =D44*BC44 -> 0 | BE44: =BD44/$BC$2 -> 0 | BF44: 0.002 | BG44: =D44*BF44 -> 0.0035087719 | BH44: =BG44/$BF$2 -> 0.0011490316 | BJ44: =BI44*D44 -> 0 | BK44: =BJ44/$BI$2 -> 0 | BM44: =BL44*D44 -> 0 | BN44: =BM44/$BL$2 -> 0 | BP44: =BO44*D44 -> 0 | BQ44: =BP44/$BO$2 -> 0 | BR44: 0.004 | BS44: =D44*BR44 -> 0.0070175439 | BT44: =BS44/$BR$2 -> 0.0019374545 | BV44: =BU44*D44 -> 0 | BW44: =BV44/$BU$2 -> 0 | BY44: =D44*BX44 -> 0 | BZ44: =BY44/$BX$2 -> 0 | CB44: =CA44*D44 -> 0 | CC44: =CB44/$CA$2 -> 0 | CE44: =D44*CD44 -> 0 | CF44: =CE44/$CD$2 -> 0 | CH44: =D44*CG44 -> 0 | CI44: =CH44/$CG$2 -> 0 | CK44: =D44*CJ44 -> 0 | CL44: =CK44/$CJ$2 -> 0 | CN44: =D44*CM44 -> 0 | CO44: =CN44/$CM$2 -> 0 | CQ44: =CP44*D44 -> 0 | CR44: =CQ44/$CP$2 -> 0 | CT44: =CS44*G44 -> 0 | CU44: =CT44/$CP$2 -> 0 | CW44: =CV44*D44 -> 0 | CX44: =CW44/$CP$2 -> 0 | CZ44: =CY44*M44 -> 0 | DA44: =CZ44/$CP$2 -> 0 | DB44: 0.02 | DC44: =DB44*P44 -> 0 | DD44: =DC44/$CP$2 -> 0 | DF44: =DE44*D44 -> 0 | DG44: =DF44/$CP$2 -> 0 | DI44: =DH44*D44 -> 0 | DJ44: =DI44/$CP$2 -> 0 | DL44: =DK44*D44 -> 0 | DM44: =DL44/$CP$2 -> 0
A45: 38 | B45: CORIANDER POWDER | C45: كزبرة مطحونة | D45: =E45/G45 -> 9 | E45: 9 | F45: 1 | G45: 1 | H45: =D45*15% -> 1.35 | I45: =H45+D45 -> 10.35 | K45: =J45*D45 -> 0 | L45: =K45/$J$2 -> 0 | N45: =M45*D45 -> 0 | O45: =N45/$M$2 -> 0 | Q45: =P45*D45 -> 0 | R45: =Q45/$P$2 -> 0 | T45: =S45*D45 -> 0 | U45: =T45/$S$2 -> 0 | W45: =V45*D45 -> 0 | X45: =W45/$V$2 -> 0 | Y45: 0.002 | Z45: =Y45*D45 -> 0.018 | AA45: =Z45/$Y$2 -> 0.0041900986 | AC45: =AB45*D45 -> 0 | AD45: =AC45/$AB$2 -> 0 | AF45: =AE45*D45 -> 0 | AG45: =AF45/$AE$2 -> 0 | AI45: =AH45*D45 -> 0 | AJ45: =AI45/$AH$2 -> 0 | AL45: =AK45*D45 -> 0 | AM45: =AL45/$AK$2 -> 0 | AO45: =AN45*D45 -> 0 | AP45: =AO45/$AN$2 -> 0 | AR45: =AQ45*D45 -> 0 | AS45: =AR45/$AQ$2 -> 0 | AT45: 0.006 | AU45: =D45*AT45 -> 0.054 | AV45: =AU45/$AT$2 -> 0.03991452 | AX45: =D45*AW45 -> 0 | AY45: =AX45/$AW$2 -> 0 | BA45: =AZ45*D45 -> 0 | BB45: =BA45/$AZ$2 -> 0 | BD45: =D45*BC45 -> 0 | BE45: =BD45/$BC$2 -> 0 | BG45: =D45*BF45 -> 0 | BH45: =BG45/$BF$2 -> 0 | BJ45: =BI45*D45 -> 0 | BK45: =BJ45/$BI$2 -> 0 | BM45: =BL45*D45 -> 0 | BN45: =BM45/$BL$2 -> 0 | BP45: =BO45*D45 -> 0 | BQ45: =BP45/$BO$2 -> 0 | BS45: =D45*BR45 -> 0 | BT45: =BS45/$BR$2 -> 0 | BU45: 0.00125 | BV45: =BU45*D45 -> 0.01125 | BW45: =BV45/$BU$2 -> 0.0033559268 | BY45: =D45*BX45 -> 0 | BZ45: =BY45/$BX$2 -> 0 | CB45: =CA45*D45 -> 0 | CC45: =CB45/$CA$2 -> 0 | CE45: =D45*CD45 -> 0 | CF45: =CE45/$CD$2 -> 0 | CH45: =D45*CG45 -> 0 | CI45: =CH45/$CG$2 -> 0 | CK45: =D45*CJ45 -> 0 | CL45: =CK45/$CJ$2 -> 0 | CN45: =D45*CM45 -> 0 | CO45: =CN45/$CM$2 -> 0 | CQ45: =CP45*D45 -> 0 | CR45: =CQ45/$CP$2 -> 0 | CT45: =CS45*G45 -> 0 | CU45: =CT45/$CP$2 -> 0 | CW45: =CV45*D45 -> 0 | CX45: =CW45/$CP$2 -> 0 | CZ45: =CY45*M45 -> 0 | DA45: =CZ45/$CP$2 -> 0 | DC45: =DB45*P45 -> 0 | DD45: =DC45/$CP$2 -> 0 | DF45: =DE45*D45 -> 0 | DG45: =DF45/$CP$2 -> 0 | DI45: =DH45*D45 -> 0 | DJ45: =DI45/$CP$2 -> 0 | DL45: =DK45*D45 -> 0 | DM45: =DL45/$CP$2 -> 0
A46: 39 | B46: Corn | C46: ذرة | D46: =E46/G46 -> 5.8479532 | E46: =100/(6*3) -> 5.5555556 | F46: 1 | G46: 0.95 | H46: =D46*15% -> 0.87719298 | I46: =H46+D46 -> 6.7251462 | K46: =J46*D46 -> 0 | L46: =K46/$J$2 -> 0 | N46: =M46*D46 -> 0 | O46: =N46/$M$2 -> 0 | Q46: =P46*D46 -> 0 | R46: =Q46/$P$2 -> 0 | T46: =S46*D46 -> 0 | U46: =T46/$S$2 -> 0 | W46: =V46*D46 -> 0 | X46: =W46/$V$2 -> 0 | Z46: =Y46*D46 -> 0 | AA46: =Z46/$Y$2 -> 0 | AB46: 0.01 | AC46: =AB46*D46 -> 0.058479532 | AD46: =AC46/$AB$2 -> 0.015852753 | AF46: =AE46*D46 -> 0 | AG46: =AF46/$AE$2 -> 0 | AI46: =AH46*D46 -> 0 | AJ46: =AI46/$AH$2 -> 0 | AL46: =AK46*D46 -> 0 | AM46: =AL46/$AK$2 -> 0 | AO46: =AN46*D46 -> 0 | AP46: =AO46/$AN$2 -> 0 | AR46: =AQ46*D46 -> 0 | AS46: =AR46/$AQ$2 -> 0 | AU46: =D46*AT46 -> 0 | AV46: =AU46/$AT$2 -> 0 | AX46: =D46*AW46 -> 0 | AY46: =AX46/$AW$2 -> 0 | BA46: =AZ46*D46 -> 0 | BB46: =BA46/$AZ$2 -> 0 | BD46: =D46*BC46 -> 0 | BE46: =BD46/$BC$2 -> 0 | BG46: =D46*BF46 -> 0 | BH46: =BG46/$BF$2 -> 0 | BJ46: =BI46*D46 -> 0 | BK46: =BJ46/$BI$2 -> 0 | BM46: =BL46*D46 -> 0 | BN46: =BM46/$BL$2 -> 0 | BP46: =BO46*D46 -> 0 | BQ46: =BP46/$BO$2 -> 0 | BS46: =D46*BR46 -> 0 | BT46: =BS46/$BR$2 -> 0 | BV46: =BU46*D46 -> 0 | BW46: =BV46/$BU$2 -> 0 | BY46: =D46*BX46 -> 0 | BZ46: =BY46/$BX$2 -> 0 | CB46: =CA46*D46 -> 0 | CC46: =CB46/$CA$2 -> 0 | CE46: =D46*CD46 -> 0 | CF46: =CE46/$CD$2 -> 0 | CH46: =D46*CG46 -> 0 | CI46: =CH46/$CG$2 -> 0 | CK46: =D46*CJ46 -> 0 | CL46: =CK46/$CJ$2 -> 0 | CN46: =D46*CM46 -> 0 | CO46: =CN46/$CM$2 -> 0 | CQ46: =CP46*D46 -> 0 | CR46: =CQ46/$CP$2 -> 0 | CT46: =CS46*G46 -> 0 | CU46: =CT46/$CP$2 -> 0 | CW46: =CV46*D46 -> 0 | CX46: =CW46/$CP$2 -> 0 | CZ46: =CY46*M46 -> 0 | DA46: =CZ46/$CP$2 -> 0 | DC46: =DB46*P46 -> 0 | DD46: =DC46/$CP$2 -> 0 | DF46: =DE46*D46 -> 0 | DG46: =DF46/$CP$2 -> 0 | DI46: =DH46*D46 -> 0 | DJ46: =DI46/$CP$2 -> 0 | DL46: =DK46*D46 -> 0 | DM46: =DL46/$CP$2 -> 0
A47: 40 | B47: Corn Oil | C47: زيت ذرة | D47: =E47/G47 -> 10.823529 | E47: =184/17 -> 10.823529 | F47: 1 | G47: 1 | H47: =D47*15% -> 1.6235294 | I47: =H47+D47 -> 12.447059 | K47: =J47*D47 -> 0 | L47: =K47/$J$2 -> 0 | N47: =M47*D47 -> 0 | O47: =N47/$M$2 -> 0 | Q47: =P47*D47 -> 0 | R47: =Q47/$P$2 -> 0 | T47: =S47*D47 -> 0 | U47: =T47/$S$2 -> 0 | W47: =V47*D47 -> 0 | X47: =W47/$V$2 -> 0 | Z47: =Y47*D47 -> 0 | AA47: =Z47/$Y$2 -> 0 | AC47: =AB47*D47 -> 0 | AD47: =AC47/$AB$2 -> 0 | AF47: =AE47*D47 -> 0 | AG47: =AF47/$AE$2 -> 0 | AI47: =AH47*D47 -> 0 | AJ47: =AI47/$AH$2 -> 0 | AL47: =AK47*D47 -> 0 | AM47: =AL47/$AK$2 -> 0 | AO47: =AN47*D47 -> 0 | AP47: =AO47/$AN$2 -> 0 | AR47: =AQ47*D47 -> 0 | AS47: =AR47/$AQ$2 -> 0 | AU47: =D47*AT47 -> 0 | AV47: =AU47/$AT$2 -> 0 | AX47: =D47*AW47 -> 0 | AY47: =AX47/$AW$2 -> 0 | BA47: =AZ47*D47 -> 0 | BB47: =BA47/$AZ$2 -> 0 | BD47: =D47*BC47 -> 0 | BE47: =BD47/$BC$2 -> 0 | BG47: =D47*BF47 -> 0 | BH47: =BG47/$BF$2 -> 0 | BI47: 0.07 | BJ47: =BI47*D47 -> 0.75764706 | BK47: =BJ47/$BI$2 -> 0.21988559 | BM47: =BL47*D47 -> 0 | BN47: =BM47/$BL$2 -> 0 | BP47: =BO47*D47 -> 0 | BQ47: =BP47/$BO$2 -> 0 | BS47: =D47*BR47 -> 0 | BT47: =BS47/$BR$2 -> 0 | BU47: 0.012 | BV47: =BU47*D47 -> 0.12988235 | BW47: =BV47/$BU$2 -> 0.038744504 | BY47: =D47*BX47 -> 0 | BZ47: =BY47/$BX$2 -> 0 | CB47: =CA47*D47 -> 0 | CC47: =CB47/$CA$2 -> 0 | CD47: 0.015 | CE47: =D47*CD47 -> 0.16235294 | CF47: =CE47/$CD$2 -> 0.60566179 | CH47: =D47*CG47 -> 0 | CI47: =CH47/$CG$2 -> 0 | CK47: =D47*CJ47 -> 0 | CL47: =CK47/$CJ$2 -> 0 | CN47: =D47*CM47 -> 0 | CO47: =CN47/$CM$2 -> 0 | CQ47: =CP47*D47 -> 0 | CR47: =CQ47/$CP$2 -> 0 | CT47: =CS47*G47 -> 0 | CU47: =CT47/$CP$2 -> 0 | CW47: =CV47*D47 -> 0 | CX47: =CW47/$CP$2 -> 0 | CZ47: =CY47*M47 -> 0 | DA47: =CZ47/$CP$2 -> 0 | DC47: =DB47*P47 -> 0 | DD47: =DC47/$CP$2 -> 0 | DF47: =DE47*D47 -> 0 | DG47: =DF47/$CP$2 -> 0 | DI47: =DH47*D47 -> 0 | DJ47: =DI47/$CP$2 -> 0 | DL47: =DK47*D47 -> 0 | DM47: =DL47/$CP$2 -> 0
A48: 41 | B48: Cucumber | C48: خيار | D48: =E48/G48 -> 2.245614 | E48: =32/15 -> 2.1333333 | F48: 1 | G48: 0.95 | H48: =D48*15% -> 0.33684211 | I48: =H48+D48 -> 2.5824561 | K48: =J48*D48 -> 0 | L48: =K48/$J$2 -> 0 | N48: =M48*D48 -> 0 | O48: =N48/$M$2 -> 0 | Q48: =P48*D48 -> 0 | R48: =Q48/$P$2 -> 0 | T48: =S48*D48 -> 0 | U48: =T48/$S$2 -> 0 | W48: =V48*D48 -> 0 | X48: =W48/$V$2 -> 0 | Z48: =Y48*D48 -> 0 | AA48: =Z48/$Y$2 -> 0 | AC48: =AB48*D48 -> 0 | AD48: =AC48/$AB$2 -> 0 | AF48: =AE48*D48 -> 0 | AG48: =AF48/$AE$2 -> 0 | AI48: =AH48*D48 -> 0 | AJ48: =AI48/$AH$2 -> 0 | AK48: 0.02 | AL48: =AK48*D48 -> 0.044912281 | AM48: =AL48/$AK$2 -> 0.018317944 | AO48: =AN48*D48 -> 0 | AP48: =AO48/$AN$2 -> 0 | AR48: =AQ48*D48 -> 0 | AS48: =AR48/$AQ$2 -> 0 | AU48: =D48*AT48 -> 0 | AV48: =AU48/$AT$2 -> 0 | AX48: =D48*AW48 -> 0 | AY48: =AX48/$AW$2 -> 0 | BA48: =AZ48*D48 -> 0 | BB48: =BA48/$AZ$2 -> 0 | BD48: =D48*BC48 -> 0 | BE48: =BD48/$BC$2 -> 0 | BG48: =D48*BF48 -> 0 | BH48: =BG48/$BF$2 -> 0 | BJ48: =BI48*D48 -> 0 | BK48: =BJ48/$BI$2 -> 0 | BM48: =BL48*D48 -> 0 | BN48: =BM48/$BL$2 -> 0 | BP48: =BO48*D48 -> 0 | BQ48: =BP48/$BO$2 -> 0 | BS48: =D48*BR48 -> 0 | BT48: =BS48/$BR$2 -> 0 | BV48: =BU48*D48 -> 0 | BW48: =BV48/$BU$2 -> 0 | BY48: =D48*BX48 -> 0 | BZ48: =BY48/$BX$2 -> 0 | CB48: =CA48*D48 -> 0 | CC48: =CB48/$CA$2 -> 0 | CE48: =D48*CD48 -> 0 | CF48: =CE48/$CD$2 -> 0 | CH48: =D48*CG48 -> 0 | CI48: =CH48/$CG$2 -> 0 | CK48: =D48*CJ48 -> 0 | CL48: =CK48/$CJ$2 -> 0 | CN48: =D48*CM48 -> 0 | CO48: =CN48/$CM$2 -> 0 | CQ48: =CP48*D48 -> 0 | CR48: =CQ48/$CP$2 -> 0 | CT48: =CS48*G48 -> 0 | CU48: =CT48/$CP$2 -> 0 | CW48: =CV48*D48 -> 0 | CX48: =CW48/$CP$2 -> 0 | CZ48: =CY48*M48 -> 0 | DA48: =CZ48/$CP$2 -> 0 | DC48: =DB48*P48 -> 0 | DD48: =DC48/$CP$2 -> 0 | DF48: =DE48*D48 -> 0 | DG48: =DF48/$CP$2 -> 0 | DI48: =DH48*D48 -> 0 | DJ48: =DI48/$CP$2 -> 0 | DL48: =DK48*D48 -> 0 | DM48: =DL48/$CP$2 -> 0
A49: 42 | B49: cumin powder | C49: كمون بودرة | D49: =E49/G49 -> 8 | E49: 8 | F49: 1 | G49: 1 | H49: =D49*15% -> 1.2 | I49: =H49+D49 -> 9.2 | K49: =J49*D49 -> 0 | L49: =K49/$J$2 -> 0 | N49: =M49*D49 -> 0 | O49: =N49/$M$2 -> 0 | Q49: =P49*D49 -> 0 | R49: =Q49/$P$2 -> 0 | T49: =S49*D49 -> 0 | U49: =T49/$S$2 -> 0 | W49: =V49*D49 -> 0 | X49: =W49/$V$2 -> 0 | Z49: =Y49*D49 -> 0 | AA49: =Z49/$Y$2 -> 0 | AC49: =AB49*D49 -> 0 | AD49: =AC49/$AB$2 -> 0 | AF49: =AE49*D49 -> 0 | AG49: =AF49/$AE$2 -> 0 | AI49: =AH49*D49 -> 0 | AJ49: =AI49/$AH$2 -> 0 | AL49: =AK49*D49 -> 0 | AM49: =AL49/$AK$2 -> 0 | AO49: =AN49*D49 -> 0 | AP49: =AO49/$AN$2 -> 0 | AR49: =AQ49*D49 -> 0 | AS49: =AR49/$AQ$2 -> 0 | AT49: 0.0006 | AU49: =D49*AT49 -> 0.0048 | AV49: =AU49/$AT$2 -> 0.0035479573 | AX49: =D49*AW49 -> 0 | AY49: =AX49/$AW$2 -> 0 | BA49: =AZ49*D49 -> 0 | BB49: =BA49/$AZ$2 -> 0 | BD49: =D49*BC49 -> 0 | BE49: =BD49/$BC$2 -> 0 | BG49: =D49*BF49 -> 0 | BH49: =BG49/$BF$2 -> 0 | BJ49: =BI49*D49 -> 0 | BK49: =BJ49/$BI$2 -> 0 | BM49: =BL49*D49 -> 0 | BN49: =BM49/$BL$2 -> 0 | BO49: 0.0002 | BP49: =BO49*D49 -> 0.0016 | BQ49: =BP49/$BO$2 -> 0.00069645649 | BS49: =D49*BR49 -> 0 | BT49: =BS49/$BR$2 -> 0 | BU49: 0.0001 | BV49: =BU49*D49 -> 0.0008 | BW49: =BV49/$BU$2 -> 0.00023864368 | BY49: =D49*BX49 -> 0 | BZ49: =BY49/$BX$2 -> 0 | CB49: =CA49*D49 -> 0 | CC49: =CB49/$CA$2 -> 0 | CE49: =D49*CD49 -> 0 | CF49: =CE49/$CD$2 -> 0 | CG49: 0.0003 | CH49: =D49*CG49 -> 0.0024 | CI49: =CH49/$CG$2 -> 0.011699377 | CK49: =D49*CJ49 -> 0 | CL49: =CK49/$CJ$2 -> 0 | CN49: =D49*CM49 -> 0 | CO49: =CN49/$CM$2 -> 0 | CQ49: =CP49*D49 -> 0 | CR49: =CQ49/$CP$2 -> 0 | CT49: =CS49*G49 -> 0 | CU49: =CT49/$CP$2 -> 0 | CW49: =CV49*D49 -> 0 | CX49: =CW49/$CP$2 -> 0 | CZ49: =CY49*M49 -> 0 | DA49: =CZ49/$CP$2 -> 0 | DC49: =DB49*P49 -> 0 | DD49: =DC49/$CP$2 -> 0 | DF49: =DE49*D49 -> 0 | DG49: =DF49/$CP$2 -> 0 | DI49: =DH49*D49 -> 0 | DJ49: =DI49/$CP$2 -> 0 | DL49: =DK49*D49 -> 0 | DM49: =DL49/$CP$2 -> 0
A50: 43 | B50: CURRY POWDER | C50: مسحوق الكاري | D50: =E50/G50 -> 26.736111 | E50: =385/(36*400)*1000 -> 26.736111 | F50: 1 | G50: 1 | H50: =D50*15% -> 4.0104167 | I50: =H50+D50 -> 30.746528 | K50: =J50*D50 -> 0 | L50: =K50/$J$2 -> 0 | N50: =M50*D50 -> 0 | O50: =N50/$M$2 -> 0 | Q50: =P50*D50 -> 0 | R50: =Q50/$P$2 -> 0 | T50: =S50*D50 -> 0 | U50: =T50/$S$2 -> 0 | W50: =V50*D50 -> 0 | X50: =W50/$V$2 -> 0 | Z50: =Y50*D50 -> 0 | AA50: =Z50/$Y$2 -> 0 | AC50: =AB50*D50 -> 0 | AD50: =AC50/$AB$2 -> 0 | AF50: =AE50*D50 -> 0 | AG50: =AF50/$AE$2 -> 0 | AI50: =AH50*D50 -> 0 | AJ50: =AI50/$AH$2 -> 0 | AL50: =AK50*D50 -> 0 | AM50: =AL50/$AK$2 -> 0 | AO50: =AN50*D50 -> 0 | AP50: =AO50/$AN$2 -> 0 | AR50: =AQ50*D50 -> 0 | AS50: =AR50/$AQ$2 -> 0 | AU50: =D50*AT50 -> 0 | AV50: =AU50/$AT$2 -> 0 | AX50: =D50*AW50 -> 0 | AY50: =AX50/$AW$2 -> 0 | BA50: =AZ50*D50 -> 0 | BB50: =BA50/$AZ$2 -> 0 | BD50: =D50*BC50 -> 0 | BE50: =BD50/$BC$2 -> 0 | BG50: =D50*BF50 -> 0 | BH50: =BG50/$BF$2 -> 0 | BJ50: =BI50*D50 -> 0 | BK50: =BJ50/$BI$2 -> 0 | BM50: =BL50*D50 -> 0 | BN50: =BM50/$BL$2 -> 0 | BP50: =BO50*D50 -> 0 | BQ50: =BP50/$BO$2 -> 0 | BR50: 0.005 | BS50: =D50*BR50 -> 0.13368056 | BT50: =BS50/$BR$2 -> 0.0369075 | BV50: =BU50*D50 -> 0 | BW50: =BV50/$BU$2 -> 0 | BY50: =D50*BX50 -> 0 | BZ50: =BY50/$BX$2 -> 0 | CB50: =CA50*D50 -> 0 | CC50: =CB50/$CA$2 -> 0 | CE50: =D50*CD50 -> 0 | CF50: =CE50/$CD$2 -> 0 | CH50: =D50*CG50 -> 0 | CI50: =CH50/$CG$2 -> 0 | CK50: =D50*CJ50 -> 0 | CL50: =CK50/$CJ$2 -> 0 | CN50: =D50*CM50 -> 0 | CO50: =CN50/$CM$2 -> 0 | CQ50: =CP50*D50 -> 0 | CR50: =CQ50/$CP$2 -> 0 | CT50: =CS50*G50 -> 0 | CU50: =CT50/$CP$2 -> 0 | CW50: =CV50*D50 -> 0 | CX50: =CW50/$CP$2 -> 0 | CZ50: =CY50*M50 -> 0 | DA50: =CZ50/$CP$2 -> 0 | DC50: =DB50*P50 -> 0 | DD50: =DC50/$CP$2 -> 0 | DF50: =DE50*D50 -> 0 | DG50: =DF50/$CP$2 -> 0 | DI50: =DH50*D50 -> 0 | DJ50: =DI50/$CP$2 -> 0 | DL50: =DK50*D50 -> 0 | DM50: =DL50/$CP$2 -> 0
A51: 44 | B51: Cutlery Set | C51: مجموعة أدوات المائدة | D51: =E51/G51 -> 0.236 | E51: =118/500 -> 0.236 | F51: 1 | G51: 1 | H51: =D51*15% -> 0.0354 | I51: =H51+D51 -> 0.2714 | J51: 1 | K51: =J51*D51 -> 0.236 | L51: =K51/$J$2 -> 0.024348886 | M51: 1 | N51: =M51*D51 -> 0.236 | O51: =N51/$M$2 -> 0.031600315 | P51: 1 | Q51: =P51*D51 -> 0.236 | R51: =Q51/$P$2 -> 0.0565599 | S51: 1 | T51: =S51*D51 -> 0.236 | U51: =T51/$S$2 -> 0.046881992 | V51: 1 | W51: =V51*D51 -> 0.236 | X51: =W51/$V$2 -> 0.035575461 | Y51: 1 | Z51: =Y51*D51 -> 0.236 | AA51: =Z51/$Y$2 -> 0.054936848 | AB51: 1 | AC51: =AB51*D51 -> 0.236 | AD51: =AC51/$AB$2 -> 0.063975372 | AE51: 1 | AF51: =AE51*D51 -> 0.236 | AG51: =AF51/$AE$2 -> 0.082023336 | AH51: 1 | AI51: =AH51*D51 -> 0.236 | AJ51: =AI51/$AH$2 -> 0.20747552 | AK51: 1 | AL51: =AK51*D51 -> 0.236 | AM51: =AL51/$AK$2 -> 0.096255071 | AN51: 1 | AO51: =AN51*D51 -> 0.236 | AP51: =AO51/$AN$2 -> 0.057698327 | AQ51: 1 | AR51: =AQ51*D51 -> 0.236 | AS51: =AR51/$AQ$2 -> 0.054044672 | AT51: 1 | AU51: =D51*AT51 -> 0.236 | AV51: =AU51/$AT$2 -> 0.17444123 | AW51: 1 | AX51: =D51*AW51 -> 0.236 | AY51: =AX51/$AW$2 -> 0.10780572 | AZ51: 1 | BA51: =AZ51*D51 -> 0.236 | BB51: =BA51/$AZ$2 -> 0.060029251 | BC51: 1 | BD51: =D51*BC51 -> 0.236 | BE51: =BD51/$BC$2 -> 0.16344397 | BF51: 1 | BG51: =D51*BF51 -> 0.236 | BH51: =BG51/$BF$2 -> 0.077283868 | BI51: 1 | BJ51: =BI51*D51 -> 0.236 | BK51: =BJ51/$BI$2 -> 0.068492313 | BM51: =BL51*D51 -> 0 | BN51: =BM51/$BL$2 -> 0 | BP51: =BO51*D51 -> 0 | BQ51: =BP51/$BO$2 -> 0 | BR51: 1 | BS51: =D51*BR51 -> 0.236 | BT51: =BS51/$BR$2 -> 0.065156595 | BU51: 1 | BV51: =BU51*D51 -> 0.236 | BW51: =BV51/$BU$2 -> 0.070399886 | BX51: 1 | BY51: =D51*BX51 -> 0.236 | BZ51: =BY51/$BX$2 -> 0.12650175 | CB51: =CA51*D51 -> 0 | CC51: =CB51/$CA$2 -> 0 | CE51: =D51*CD51 -> 0 | CF51: =CE51/$CD$2 -> 0 | CH51: =D51*CG51 -> 0 | CI51: =CH51/$CG$2 -> 0 | CK51: =D51*CJ51 -> 0 | CL51: =CK51/$CJ$2 -> 0 | CN51: =D51*CM51 -> 0 | CO51: =CN51/$CM$2 -> 0 | CQ51: =CP51*D51 -> 0 | CR51: =CQ51/$CP$2 -> 0 | CT51: =CS51*G51 -> 0 | CU51: =CT51/$CP$2 -> 0 | CW51: =CV51*D51 -> 0 | CX51: =CW51/$CP$2 -> 0 | CZ51: =CY51*M51 -> 0 | DA51: =CZ51/$CP$2 -> 0 | DC51: =DB51*P51 -> 0 | DD51: =DC51/$CP$2 -> 0 | DF51: =DE51*D51 -> 0 | DG51: =DF51/$CP$2 -> 0 | DI51: =DH51*D51 -> 0 | DJ51: =DI51/$CP$2 -> 0 | DL51: =DK51*D51 -> 0 | DM51: =DL51/$CP$2 -> 0
A52: 45 | B52: Demi-Glace | C52: كنور لحم | D52: =E52/G52 -> 28.636364 | E52: =189/(6*1100)*1000 -> 28.636364 | F52: 1 | G52: 1 | H52: =D52*15% -> 4.2954545 | I52: =H52+D52 -> 32.931818 | K52: =J52*D52 -> 0 | L52: =K52/$J$2 -> 0 | N52: =M52*D52 -> 0 | O52: =N52/$M$2 -> 0 | Q52: =P52*D52 -> 0 | R52: =Q52/$P$2 -> 0 | T52: =S52*D52 -> 0 | U52: =T52/$S$2 -> 0 | V52: 0.02 | W52: =V52*D52 -> 0.57272727 | X52: =W52/$V$2 -> 0.086334903 | Z52: =Y52*D52 -> 0 | AA52: =Z52/$Y$2 -> 0 | AC52: =AB52*D52 -> 0 | AD52: =AC52/$AB$2 -> 0 | AF52: =AE52*D52 -> 0 | AG52: =AF52/$AE$2 -> 0 | AI52: =AH52*D52 -> 0 | AJ52: =AI52/$AH$2 -> 0 | AL52: =AK52*D52 -> 0 | AM52: =AL52/$AK$2 -> 0 | AO52: =AN52*D52 -> 0 | AP52: =AO52/$AN$2 -> 0 | AR52: =AQ52*D52 -> 0 | AS52: =AR52/$AQ$2 -> 0 | AU52: =D52*AT52 -> 0 | AV52: =AU52/$AT$2 -> 0 | AX52: =D52*AW52 -> 0 | AY52: =AX52/$AW$2 -> 0 | BA52: =AZ52*D52 -> 0 | BB52: =BA52/$AZ$2 -> 0 | BD52: =D52*BC52 -> 0 | BE52: =BD52/$BC$2 -> 0 | BG52: =D52*BF52 -> 0 | BH52: =BG52/$BF$2 -> 0 | BJ52: =BI52*D52 -> 0 | BK52: =BJ52/$BI$2 -> 0 | BM52: =BL52*D52 -> 0 | BN52: =BM52/$BL$2 -> 0 | BP52: =BO52*D52 -> 0 | BQ52: =BP52/$BO$2 -> 0 | BS52: =D52*BR52 -> 0 | BT52: =BS52/$BR$2 -> 0 | BV52: =BU52*D52 -> 0 | BW52: =BV52/$BU$2 -> 0 | BY52: =D52*BX52 -> 0 | BZ52: =BY52/$BX$2 -> 0 | CB52: =CA52*D52 -> 0 | CC52: =CB52/$CA$2 -> 0 | CE52: =D52*CD52 -> 0 | CF52: =CE52/$CD$2 -> 0 | CH52: =D52*CG52 -> 0 | CI52: =CH52/$CG$2 -> 0 | CK52: =D52*CJ52 -> 0 | CL52: =CK52/$CJ$2 -> 0 | CN52: =D52*CM52 -> 0 | CO52: =CN52/$CM$2 -> 0 | CQ52: =CP52*D52 -> 0 | CR52: =CQ52/$CP$2 -> 0 | CT52: =CS52*G52 -> 0 | CU52: =CT52/$CP$2 -> 0 | CW52: =CV52*D52 -> 0 | CX52: =CW52/$CP$2 -> 0 | CZ52: =CY52*M52 -> 0 | DA52: =CZ52/$CP$2 -> 0 | DC52: =DB52*P52 -> 0 | DD52: =DC52/$CP$2 -> 0 | DF52: =DE52*D52 -> 0 | DG52: =DF52/$CP$2 -> 0 | DI52: =DH52*D52 -> 0 | DJ52: =DI52/$CP$2 -> 0 | DL52: =DK52*D52 -> 0 | DM52: =DL52/$CP$2 -> 0
A53: 46 | B53: Dill | C53: شبت | D53: =E53/G53 -> 1.8115942 | E53: =10/6 -> 1.6666667 | F53: 1 | G53: 0.92 | H53: =D53*15% -> 0.27173913 | I53: =H53+D53 -> 2.0833333 | K53: =J53*D53 -> 0 | L53: =K53/$J$2 -> 0 | N53: =M53*D53 -> 0 | O53: =N53/$M$2 -> 0 | Q53: =P53*D53 -> 0 | R53: =Q53/$P$2 -> 0 | T53: =S53*D53 -> 0 | U53: =T53/$S$2 -> 0 | W53: =V53*D53 -> 0 | X53: =W53/$V$2 -> 0 | Z53: =Y53*D53 -> 0 | AA53: =Z53/$Y$2 -> 0 | AC53: =AB53*D53 -> 0 | AD53: =AC53/$AB$2 -> 0 | AF53: =AE53*D53 -> 0 | AG53: =AF53/$AE$2 -> 0 | AI53: =AH53*D53 -> 0 | AJ53: =AI53/$AH$2 -> 0 | AL53: =AK53*D53 -> 0 | AM53: =AL53/$AK$2 -> 0 | AO53: =AN53*D53 -> 0 | AP53: =AO53/$AN$2 -> 0 | AR53: =AQ53*D53 -> 0 | AS53: =AR53/$AQ$2 -> 0 | AT53: 0.002 | AU53: =D53*AT53 -> 0.0036231884 | AV53: =AU53/$AT$2 -> 0.0026781079 | AX53: =D53*AW53 -> 0 | AY53: =AX53/$AW$2 -> 0 | BA53: =AZ53*D53 -> 0 | BB53: =BA53/$AZ$2 -> 0 | BD53: =D53*BC53 -> 0 | BE53: =BD53/$BC$2 -> 0 | BG53: =D53*BF53 -> 0 | BH53: =BG53/$BF$2 -> 0 | BJ53: =BI53*D53 -> 0 | BK53: =BJ53/$BI$2 -> 0 | BM53: =BL53*D53 -> 0 | BN53: =BM53/$BL$2 -> 0 | BP53: =BO53*D53 -> 0 | BQ53: =BP53/$BO$2 -> 0 | BR53: 0.004 | BS53: =D53*BR53 -> 0.0072463768 | BT53: =BS53/$BR$2 -> 0.0020006324 | BV53: =BU53*D53 -> 0 | BW53: =BV53/$BU$2 -> 0 | BY53: =D53*BX53 -> 0 | BZ53: =BY53/$BX$2 -> 0 | CB53: =CA53*D53 -> 0 | CC53: =CB53/$CA$2 -> 0 | CE53: =D53*CD53 -> 0 | CF53: =CE53/$CD$2 -> 0 | CH53: =D53*CG53 -> 0 | CI53: =CH53/$CG$2 -> 0 | CK53: =D53*CJ53 -> 0 | CL53: =CK53/$CJ$2 -> 0 | CM53: 0.001 | CN53: =D53*CM53 -> 0.0018115942 | CO53: =CN53/$CM$2 -> 0.011344711 | CQ53: =CP53*D53 -> 0 | CR53: =CQ53/$CP$2 -> 0 | CT53: =CS53*G53 -> 0 | CU53: =CT53/$CP$2 -> 0 | CW53: =CV53*D53 -> 0 | CX53: =CW53/$CP$2 -> 0 | CZ53: =CY53*M53 -> 0 | DA53: =CZ53/$CP$2 -> 0 | DC53: =DB53*P53 -> 0 | DD53: =DC53/$CP$2 -> 0 | DF53: =DE53*D53 -> 0 | DG53: =DF53/$CP$2 -> 0 | DI53: =DH53*D53 -> 0 | DJ53: =DI53/$CP$2 -> 0 | DL53: =DK53*D53 -> 0 | DM53: =DL53/$CP$2 -> 0
A54: 47 | B54: Dojon mustard | C54: ديجون الخردل | D54: =E54/G54 -> 32.026144 | E54: =98/(12*255)*1000 -> 32.026144 | F54: 1 | G54: 1 | H54: =D54*15% -> 4.8039216 | I54: =H54+D54 -> 36.830065 | J54: 0.005 | K54: =J54*D54 -> 0.16013072 | L54: =K54/$J$2 -> 0.016521206 | N54: =M54*D54 -> 0 | O54: =N54/$M$2 -> 0 | Q54: =P54*D54 -> 0 | R54: =Q54/$P$2 -> 0 | T54: =S54*D54 -> 0 | U54: =T54/$S$2 -> 0 | W54: =V54*D54 -> 0 | X54: =W54/$V$2 -> 0 | Z54: =Y54*D54 -> 0 | AA54: =Z54/$Y$2 -> 0 | AC54: =AB54*D54 -> 0 | AD54: =AC54/$AB$2 -> 0 | AF54: =AE54*D54 -> 0 | AG54: =AF54/$AE$2 -> 0 | AI54: =AH54*D54 -> 0 | AJ54: =AI54/$AH$2 -> 0 | AL54: =AK54*D54 -> 0 | AM54: =AL54/$AK$2 -> 0 | AO54: =AN54*D54 -> 0 | AP54: =AO54/$AN$2 -> 0 | AR54: =AQ54*D54 -> 0 | AS54: =AR54/$AQ$2 -> 0 | AU54: =D54*AT54 -> 0 | AV54: =AU54/$AT$2 -> 0 | AX54: =D54*AW54 -> 0 | AY54: =AX54/$AW$2 -> 0 | BA54: =AZ54*D54 -> 0 | BB54: =BA54/$AZ$2 -> 0 | BD54: =D54*BC54 -> 0 | BE54: =BD54/$BC$2 -> 0 | BG54: =D54*BF54 -> 0 | BH54: =BG54/$BF$2 -> 0 | BJ54: =BI54*D54 -> 0 | BK54: =BJ54/$BI$2 -> 0 | BM54: =BL54*D54 -> 0 | BN54: =BM54/$BL$2 -> 0 | BP54: =BO54*D54 -> 0 | BQ54: =BP54/$BO$2 -> 0 | BS54: =D54*BR54 -> 0 | BT54: =BS54/$BR$2 -> 0 | BV54: =BU54*D54 -> 0 | BW54: =BV54/$BU$2 -> 0 | BY54: =D54*BX54 -> 0 | BZ54: =BY54/$BX$2 -> 0 | CB54: =CA54*D54 -> 0 | CC54: =CB54/$CA$2 -> 0 | CE54: =D54*CD54 -> 0 | CF54: =CE54/$CD$2 -> 0 | CH54: =D54*CG54 -> 0 | CI54: =CH54/$CG$2 -> 0 | CK54: =D54*CJ54 -> 0 | CL54: =CK54/$CJ$2 -> 0 | CN54: =D54*CM54 -> 0 | CO54: =CN54/$CM$2 -> 0 | CQ54: =CP54*D54 -> 0 | CR54: =CQ54/$CP$2 -> 0 | CT54: =CS54*G54 -> 0 | CU54: =CT54/$CP$2 -> 0 | CW54: =CV54*D54 -> 0 | CX54: =CW54/$CP$2 -> 0 | CZ54: =CY54*M54 -> 0 | DA54: =CZ54/$CP$2 -> 0 | DC54: =DB54*P54 -> 0 | DD54: =DC54/$CP$2 -> 0 | DF54: =DE54*D54 -> 0 | DG54: =DF54/$CP$2 -> 0 | DI54: =DH54*D54 -> 0 | DJ54: =DI54/$CP$2 -> 0 | DL54: =DK54*D54 -> 0 | DM54: =DL54/$CP$2 -> 0
A55: 48 | B55: EGGPLANT | C55: باذنجان | D55: =E55/G55 -> 1.3333333 | E55: =20/15 -> 1.3333333 | F55: 1 | G55: 1 | H55: =D55*15% -> 0.2 | I55: =H55+D55 -> 1.5333333 | K55: =J55*D55 -> 0 | L55: =K55/$J$2 -> 0 | N55: =M55*D55 -> 0 | O55: =N55/$M$2 -> 0 | Q55: =P55*D55 -> 0 | R55: =Q55/$P$2 -> 0 | T55: =S55*D55 -> 0 | U55: =T55/$S$2 -> 0 | W55: =V55*D55 -> 0 | X55: =W55/$V$2 -> 0 | Z55: =Y55*D55 -> 0 | AA55: =Z55/$Y$2 -> 0 | AC55: =AB55*D55 -> 0 | AD55: =AC55/$AB$2 -> 0 | AF55: =AE55*D55 -> 0 | AG55: =AF55/$AE$2 -> 0 | AI55: =AH55*D55 -> 0 | AJ55: =AI55/$AH$2 -> 0 | AL55: =AK55*D55 -> 0 | AM55: =AL55/$AK$2 -> 0 | AN55: 0.5 | AO55: =AN55*D55 -> 0.66666667 | AP55: =AO55/$AN$2 -> 0.16298962 | AR55: =AQ55*D55 -> 0 | AS55: =AR55/$AQ$2 -> 0 | AU55: =D55*AT55 -> 0 | AV55: =AU55/$AT$2 -> 0 | AX55: =D55*AW55 -> 0 | AY55: =AX55/$AW$2 -> 0 | BA55: =AZ55*D55 -> 0 | BB55: =BA55/$AZ$2 -> 0 | BD55: =D55*BC55 -> 0 | BE55: =BD55/$BC$2 -> 0 | BG55: =D55*BF55 -> 0 | BH55: =BG55/$BF$2 -> 0 | BJ55: =BI55*D55 -> 0 | BK55: =BJ55/$BI$2 -> 0 | BM55: =BL55*D55 -> 0 | BN55: =BM55/$BL$2 -> 0 | BP55: =BO55*D55 -> 0 | BQ55: =BP55/$BO$2 -> 0 | BS55: =D55*BR55 -> 0 | BT55: =BS55/$BR$2 -> 0 | BV55: =BU55*D55 -> 0 | BW55: =BV55/$BU$2 -> 0 | BY55: =D55*BX55 -> 0 | BZ55: =BY55/$BX$2 -> 0 | CB55: =CA55*D55 -> 0 | CC55: =CB55/$CA$2 -> 0 | CE55: =D55*CD55 -> 0 | CF55: =CE55/$CD$2 -> 0 | CH55: =D55*CG55 -> 0 | CI55: =CH55/$CG$2 -> 0 | CK55: =D55*CJ55 -> 0 | CL55: =CK55/$CJ$2 -> 0 | CN55: =D55*CM55 -> 0 | CO55: =CN55/$CM$2 -> 0 | CQ55: =CP55*D55 -> 0 | CR55: =CQ55/$CP$2 -> 0 | CS55: =3/5 -> 0.6 | CT55: =CS55*D55 -> 0.8 | CU55: =CT55/$CP$2 -> 4.716648 | CW55: =CV55*D55 -> 0 | CX55: =CW55/$CP$2 -> 0 | CZ55: =CY55*M55 -> 0 | DA55: =CZ55/$CP$2 -> 0 | DB55: 0.4 | DC55: =DB55*D55 -> 0.53333333 | DD55: =DC55/$CP$2 -> 3.144432 | DF55: =DE55*D55 -> 0 | DG55: =DF55/$CP$2 -> 0 | DI55: =DH55*D55 -> 0 | DJ55: =DI55/$CP$2 -> 0 | DL55: =DK55*D55 -> 0 | DM55: =DL55/$CP$2 -> 0
A56: 49 | B56: EGYPTIAN RICE | C56: أرز مصري | D56: =E56/G56 -> 5.218 | E56: =26.09/5 -> 5.218 | F56: 1 | G56: 1 | H56: =D56*15% -> 0.7827 | I56: =H56+D56 -> 6.0007 | K56: =J56*D56 -> 0 | L56: =K56/$J$2 -> 0 | N56: =M56*D56 -> 0 | O56: =N56/$M$2 -> 0 | Q56: =P56*D56 -> 0 | R56: =Q56/$P$2 -> 0 | T56: =S56*D56 -> 0 | U56: =T56/$S$2 -> 0 | W56: =V56*D56 -> 0 | X56: =W56/$V$2 -> 0 | Z56: =Y56*D56 -> 0 | AA56: =Z56/$Y$2 -> 0 | AC56: =AB56*D56 -> 0 | AD56: =AC56/$AB$2 -> 0 | AF56: =AE56*D56 -> 0 | AG56: =AF56/$AE$2 -> 0 | AI56: =AH56*D56 -> 0 | AJ56: =AI56/$AH$2 -> 0 | AL56: =AK56*D56 -> 0 | AM56: =AL56/$AK$2 -> 0 | AO56: =AN56*D56 -> 0 | AP56: =AO56/$AN$2 -> 0 | AR56: =AQ56*D56 -> 0 | AS56: =AR56/$AQ$2 -> 0 | AT56: 0.04 | AU56: =D56*AT56 -> 0.20872 | AV56: =AU56/$AT$2 -> 0.15427701 | AX56: =D56*AW56 -> 0 | AY56: =AX56/$AW$2 -> 0 | BA56: =AZ56*D56 -> 0 | BB56: =BA56/$AZ$2 -> 0 | BD56: =D56*BC56 -> 0 | BE56: =BD56/$BC$2 -> 0 | BG56: =D56*BF56 -> 0 | BH56: =BG56/$BF$2 -> 0 | BJ56: =BI56*D56 -> 0 | BK56: =BJ56/$BI$2 -> 0 | BM56: =BL56*D56 -> 0 | BN56: =BM56/$BL$2 -> 0 | BP56: =BO56*D56 -> 0 | BQ56: =BP56/$BO$2 -> 0 | BS56: =D56*BR56 -> 0 | BT56: =BS56/$BR$2 -> 0 | BV56: =BU56*D56 -> 0 | BW56: =BV56/$BU$2 -> 0 | BY56: =D56*BX56 -> 0 | BZ56: =BY56/$BX$2 -> 0 | CB56: =CA56*D56 -> 0 | CC56: =CB56/$CA$2 -> 0 | CE56: =D56*CD56 -> 0 | CF56: =CE56/$CD$2 -> 0 | CH56: =D56*CG56 -> 0 | CI56: =CH56/$CG$2 -> 0 | CK56: =D56*CJ56 -> 0 | CL56: =CK56/$CJ$2 -> 0 | CN56: =D56*CM56 -> 0 | CO56: =CN56/$CM$2 -> 0 | CQ56: =CP56*D56 -> 0 | CR56: =CQ56/$CP$2 -> 0 | CT56: =CS56*G56 -> 0 | CU56: =CT56/$CP$2 -> 0 | CW56: =CV56*D56 -> 0 | CX56: =CW56/$CP$2 -> 0 | CZ56: =CY56*M56 -> 0 | DA56: =CZ56/$CP$2 -> 0 | DC56: =DB56*P56 -> 0 | DD56: =DC56/$CP$2 -> 0 | DF56: =DE56*D56 -> 0 | DG56: =DF56/$CP$2 -> 0 | DI56: =DH56*D56 -> 0 | DJ56: =DI56/$CP$2 -> 0 | DL56: =DK56*D56 -> 0 | DM56: =DL56/$CP$2 -> 0
A57: 50 | B57: Fat | C57: دهن | D57: =E57/G57 -> 25 | E57: 25 | F57: 1 | G57: 1 | H57: =D57*15% -> 3.75 | I57: =H57+D57 -> 28.75 | K57: =J57*D57 -> 0 | L57: =K57/$J$2 -> 0 | M57: 0.03 | N57: =M57*D57 -> 0.75 | O57: =N57/$M$2 -> 0.10042473 | Q57: =P57*D57 -> 0 | R57: =Q57/$P$2 -> 0 | S57: 0.025 | T57: =S57*D57 -> 0.625 | U57: =T57/$S$2 -> 0.12415782 | W57: =V57*D57 -> 0 | X57: =W57/$V$2 -> 0 | Z57: =Y57*D57 -> 0 | AA57: =Z57/$Y$2 -> 0 | AC57: =AB57*D57 -> 0 | AD57: =AC57/$AB$2 -> 0 | AF57: =AE57*D57 -> 0 | AG57: =AF57/$AE$2 -> 0 | AI57: =AH57*D57 -> 0 | AJ57: =AI57/$AH$2 -> 0 | AL57: =AK57*D57 -> 0 | AM57: =AL57/$AK$2 -> 0 | AO57: =AN57*D57 -> 0 | AP57: =AO57/$AN$2 -> 0 | AR57: =AQ57*D57 -> 0 | AS57: =AR57/$AQ$2 -> 0 | AU57: =D57*AT57 -> 0 | AV57: =AU57/$AT$2 -> 0 | AX57: =D57*AW57 -> 0 | AY57: =AX57/$AW$2 -> 0 | BA57: =AZ57*D57 -> 0 | BB57: =BA57/$AZ$2 -> 0 | BD57: =D57*BC57 -> 0 | BE57: =BD57/$BC$2 -> 0 | BG57: =D57*BF57 -> 0 | BH57: =BG57/$BF$2 -> 0 | BJ57: =BI57*D57 -> 0 | BK57: =BJ57/$BI$2 -> 0 | BM57: =BL57*D57 -> 0 | BN57: =BM57/$BL$2 -> 0 | BP57: =BO57*D57 -> 0 | BQ57: =BP57/$BO$2 -> 0 | BS57: =D57*BR57 -> 0 | BT57: =BS57/$BR$2 -> 0 | BV57: =BU57*D57 -> 0 | BW57: =BV57/$BU$2 -> 0 | BY57: =D57*BX57 -> 0 | BZ57: =BY57/$BX$2 -> 0 | CB57: =CA57*D57 -> 0 | CC57: =CB57/$CA$2 -> 0 | CE57: =D57*CD57 -> 0 | CF57: =CE57/$CD$2 -> 0 | CH57: =D57*CG57 -> 0 | CI57: =CH57/$CG$2 -> 0 | CK57: =D57*CJ57 -> 0 | CL57: =CK57/$CJ$2 -> 0 | CN57: =D57*CM57 -> 0 | CO57: =CN57/$CM$2 -> 0 | CQ57: =CP57*D57 -> 0 | CR57: =CQ57/$CP$2 -> 0 | CT57: =CS57*G57 -> 0 | CU57: =CT57/$CP$2 -> 0 | CW57: =CV57*D57 -> 0 | CX57: =CW57/$CP$2 -> 0 | CZ57: =CY57*M57 -> 0 | DA57: =CZ57/$CP$2 -> 0 | DC57: =DB57*P57 -> 0 | DD57: =DC57/$CP$2 -> 0 | DF57: =DE57*D57 -> 0 | DG57: =DF57/$CP$2 -> 0 | DI57: =DH57*D57 -> 0 | DJ57: =DI57/$CP$2 -> 0 | DL57: =DK57*D57 -> 0 | DM57: =DL57/$CP$2 -> 0
A58: 51 | B58: FRESH CILANTRO | C58: الكزبرة الطازجة | D58: =E58/G58 -> 1.8518519 | E58: =10/6 -> 1.6666667 | F58: 1 | G58: 0.9 | H58: =D58*15% -> 0.27777778 | I58: =H58+D58 -> 2.1296296 | K58: =J58*D58 -> 0 | L58: =K58/$J$2 -> 0 | N58: =M58*D58 -> 0 | O58: =N58/$M$2 -> 0 | Q58: =P58*D58 -> 0 | R58: =Q58/$P$2 -> 0 | T58: =S58*D58 -> 0 | U58: =T58/$S$2 -> 0 | W58: =V58*D58 -> 0 | X58: =W58/$V$2 -> 0 | Z58: =Y58*D58 -> 0 | AA58: =Z58/$Y$2 -> 0 | AC58: =AB58*D58 -> 0 | AD58: =AC58/$AB$2 -> 0 | AF58: =AE58*D58 -> 0 | AG58: =AF58/$AE$2 -> 0 | AI58: =AH58*D58 -> 0 | AJ58: =AI58/$AH$2 -> 0 | AL58: =AK58*D58 -> 0 | AM58: =AL58/$AK$2 -> 0 | AO58: =AN58*D58 -> 0 | AP58: =AO58/$AN$2 -> 0 | AR58: =AQ58*D58 -> 0 | AS58: =AR58/$AQ$2 -> 0 | AU58: =D58*AT58 -> 0 | AV58: =AU58/$AT$2 -> 0 | AX58: =D58*AW58 -> 0 | AY58: =AX58/$AW$2 -> 0 | BA58: =AZ58*D58 -> 0 | BB58: =BA58/$AZ$2 -> 0 | BD58: =D58*BC58 -> 0 | BE58: =BD58/$BC$2 -> 0 | BG58: =D58*BF58 -> 0 | BH58: =BG58/$BF$2 -> 0 | BJ58: =BI58*D58 -> 0 | BK58: =BJ58/$BI$2 -> 0 | BM58: =BL58*D58 -> 0 | BN58: =BM58/$BL$2 -> 0 | BP58: =BO58*D58 -> 0 | BQ58: =BP58/$BO$2 -> 0 | BS58: =D58*BR58 -> 0 | BT58: =BS58/$BR$2 -> 0 | BU58: 0.006 | BV58: =BU58*D58 -> 0.011111111 | BW58: =BV58/$BU$2 -> 0.0033144956 | BY58: =D58*BX58 -> 0 | BZ58: =BY58/$BX$2 -> 0 | CB58: =CA58*D58 -> 0 | CC58: =CB58/$CA$2 -> 0 | CE58: =D58*CD58 -> 0 | CF58: =CE58/$CD$2 -> 0 | CH58: =D58*CG58 -> 0 | CI58: =CH58/$CG$2 -> 0 | CK58: =D58*CJ58 -> 0 | CL58: =CK58/$CJ$2 -> 0 | CN58: =D58*CM58 -> 0 | CO58: =CN58/$CM$2 -> 0 | CQ58: =CP58*D58 -> 0 | CR58: =CQ58/$CP$2 -> 0 | CT58: =CS58*G58 -> 0 | CU58: =CT58/$CP$2 -> 0 | CW58: =CV58*D58 -> 0 | CX58: =CW58/$CP$2 -> 0 | CZ58: =CY58*M58 -> 0 | DA58: =CZ58/$CP$2 -> 0 | DC58: =DB58*P58 -> 0 | DD58: =DC58/$CP$2 -> 0 | DF58: =DE58*D58 -> 0 | DG58: =DF58/$CP$2 -> 0 | DI58: =DH58*D58 -> 0 | DJ58: =DI58/$CP$2 -> 0 | DL58: =DK58*D58 -> 0 | DM58: =DL58/$CP$2 -> 0
A59: 52 | B59: fresh cream | C59: كريمة طازجة | D59: =E59/G59 -> 8.3333333 | E59: =100/12 -> 8.3333333 | F59: 1 | G59: 1 | H59: =D59*15% -> 1.25 | I59: =H59+D59 -> 9.5833333 | K59: =J59*D59 -> 0 | L59: =K59/$J$2 -> 0 | N59: =M59*D59 -> 0 | O59: =N59/$M$2 -> 0 | Q59: =P59*D59 -> 0 | R59: =Q59/$P$2 -> 0 | T59: =S59*D59 -> 0 | U59: =T59/$S$2 -> 0 | W59: =V59*D59 -> 0 | X59: =W59/$V$2 -> 0 | Z59: =Y59*D59 -> 0 | AA59: =Z59/$Y$2 -> 0 | AC59: =AB59*D59 -> 0 | AD59: =AC59/$AB$2 -> 0 | AF59: =AE59*D59 -> 0 | AG59: =AF59/$AE$2 -> 0 | AI59: =AH59*D59 -> 0 | AJ59: =AI59/$AH$2 -> 0 | AL59: =AK59*D59 -> 0 | AM59: =AL59/$AK$2 -> 0 | AO59: =AN59*D59 -> 0 | AP59: =AO59/$AN$2 -> 0 | AR59: =AQ59*D59 -> 0 | AS59: =AR59/$AQ$2 -> 0 | AU59: =D59*AT59 -> 0 | AV59: =AU59/$AT$2 -> 0 | AX59: =D59*AW59 -> 0 | AY59: =AX59/$AW$2 -> 0 | BA59: =AZ59*D59 -> 0 | BB59: =BA59/$AZ$2 -> 0 | BD59: =D59*BC59 -> 0 | BE59: =BD59/$BC$2 -> 0 | BG59: =D59*BF59 -> 0 | BH59: =BG59/$BF$2 -> 0 | BJ59: =BI59*D59 -> 0 | BK59: =BJ59/$BI$2 -> 0 | BM59: =BL59*D59 -> 0 | BN59: =BM59/$BL$2 -> 0 | BP59: =BO59*D59 -> 0 | BQ59: =BP59/$BO$2 -> 0 | BS59: =D59*BR59 -> 0 | BT59: =BS59/$BR$2 -> 0 | BV59: =BU59*D59 -> 0 | BW59: =BV59/$BU$2 -> 0 | BY59: =D59*BX59 -> 0 | BZ59: =BY59/$BX$2 -> 0 | CB59: =CA59*D59 -> 0 | CC59: =CB59/$CA$2 -> 0 | CE59: =D59*CD59 -> 0 | CF59: =CE59/$CD$2 -> 0 | CH59: =D59*CG59 -> 0 | CI59: =CH59/$CG$2 -> 0 | CK59: =D59*CJ59 -> 0 | CL59: =CK59/$CJ$2 -> 0 | CN59: =D59*CM59 -> 0 | CO59: =CN59/$CM$2 -> 0 | CQ59: =CP59*D59 -> 0 | CR59: =CQ59/$CP$2 -> 0 | CT59: =CS59*G59 -> 0 | CU59: =CT59/$CP$2 -> 0 | CW59: =CV59*D59 -> 0 | CX59: =CW59/$CP$2 -> 0 | CZ59: =CY59*M59 -> 0 | DA59: =CZ59/$CP$2 -> 0 | DC59: =DB59*P59 -> 0 | DD59: =DC59/$CP$2 -> 0 | DF59: =DE59*D59 -> 0 | DG59: =DF59/$CP$2 -> 0 | DI59: =DH59*D59 -> 0 | DJ59: =DI59/$CP$2 -> 0 | DL59: =DK59*D59 -> 0 | DM59: =DL59/$CP$2 -> 0
A60: 53 | B60: Fresh mint | C60: النعناع الطازج | D60: =E60/G60 -> 1.6666667 | E60: =10/6 -> 1.6666667 | F60: 1 | G60: 1 | H60: =D60*15% -> 0.25 | I60: =H60+D60 -> 1.9166667 | K60: =J60*D60 -> 0 | L60: =K60/$J$2 -> 0 | N60: =M60*D60 -> 0 | O60: =N60/$M$2 -> 0 | Q60: =P60*D60 -> 0 | R60: =Q60/$P$2 -> 0 | T60: =S60*D60 -> 0 | U60: =T60/$S$2 -> 0 | W60: =V60*D60 -> 0 | X60: =W60/$V$2 -> 0 | Z60: =Y60*D60 -> 0 | AA60: =Z60/$Y$2 -> 0 | AC60: =AB60*D60 -> 0 | AD60: =AC60/$AB$2 -> 0 | AF60: =AE60*D60 -> 0 | AG60: =AF60/$AE$2 -> 0 | AI60: =AH60*D60 -> 0 | AJ60: =AI60/$AH$2 -> 0 | AL60: =AK60*D60 -> 0 | AM60: =AL60/$AK$2 -> 0 | AN60: 0.05 | AO60: =AN60*D60 -> 0.083333333 | AP60: =AO60/$AN$2 -> 0.020373703 | AR60: =AQ60*D60 -> 0 | AS60: =AR60/$AQ$2 -> 0 | AU60: =D60*AT60 -> 0 | AV60: =AU60/$AT$2 -> 0 | AX60: =D60*AW60 -> 0 | AY60: =AX60/$AW$2 -> 0 | BA60: =AZ60*D60 -> 0 | BB60: =BA60/$AZ$2 -> 0 | BD60: =D60*BC60 -> 0 | BE60: =BD60/$BC$2 -> 0 | BG60: =D60*BF60 -> 0 | BH60: =BG60/$BF$2 -> 0 | BJ60: =BI60*D60 -> 0 | BK60: =BJ60/$BI$2 -> 0 | BM60: =BL60*D60 -> 0 | BN60: =BM60/$BL$2 -> 0 | BO60: 0.001 | BP60: =BO60*D60 -> 0.0016666667 | BQ60: =BP60/$BO$2 -> 0.00072547551 | BS60: =D60*BR60 -> 0 | BT60: =BS60/$BR$2 -> 0 | BV60: =BU60*D60 -> 0 | BW60: =BV60/$BU$2 -> 0 | BY60: =D60*BX60 -> 0 | BZ60: =BY60/$BX$2 -> 0 | CA60: 0.001 | CB60: =CA60*D60 -> 0.0016666667 | CC60: =CB60/$CA$2 -> 0.00046465089 | CE60: =D60*CD60 -> 0 | CF60: =CE60/$CD$2 -> 0 | CH60: =D60*CG60 -> 0 | CI60: =CH60/$CG$2 -> 0 | CK60: =D60*CJ60 -> 0 | CL60: =CK60/$CJ$2 -> 0 | CN60: =D60*CM60 -> 0 | CO60: =CN60/$CM$2 -> 0 | CQ60: =CP60*D60 -> 0 | CR60: =CQ60/$CP$2 -> 0 | CT60: =CS60*G60 -> 0 | CU60: =CT60/$CP$2 -> 0 | CW60: =CV60*D60 -> 0 | CX60: =CW60/$CP$2 -> 0 | CZ60: =CY60*M60 -> 0 | DA60: =CZ60/$CP$2 -> 0 | DC60: =DB60*P60 -> 0 | DD60: =DC60/$CP$2 -> 0 | DF60: =DE60*D60 -> 0 | DG60: =DF60/$CP$2 -> 0 | DI60: =DH60*D60 -> 0 | DJ60: =DI60/$CP$2 -> 0 | DL60: =DK60*D60 -> 0 | DM60: =DL60/$CP$2 -> 0
A61: 54 | B61: Fresh parsley | C61: البقدونس الطازج | D61: =E61/G61 -> 1.8115942 | E61: =10/6 -> 1.6666667 | F61: 1 | G61: 0.92 | H61: =D61*15% -> 0.27173913 | I61: =H61+D61 -> 2.0833333 | J61: 0.01 | K61: =J61*D61 -> 0.018115942 | L61: =K61/$J$2 -> 0.0018690806 | N61: =M61*D61 -> 0 | O61: =N61/$M$2 -> 0 | Q61: =P61*D61 -> 0 | R61: =Q61/$P$2 -> 0 | T61: =S61*D61 -> 0 | U61: =T61/$S$2 -> 0 | W61: =V61*D61 -> 0 | X61: =W61/$V$2 -> 0 | Z61: =Y61*D61 -> 0 | AA61: =Z61/$Y$2 -> 0 | AC61: =AB61*D61 -> 0 | AD61: =AC61/$AB$2 -> 0 | AF61: =AE61*D61 -> 0 | AG61: =AF61/$AE$2 -> 0 | AI61: =AH61*D61 -> 0 | AJ61: =AI61/$AH$2 -> 0 | AL61: =AK61*D61 -> 0 | AM61: =AL61/$AK$2 -> 0 | AO61: =AN61*D61 -> 0 | AP61: =AO61/$AN$2 -> 0 | AR61: =AQ61*D61 -> 0 | AS61: =AR61/$AQ$2 -> 0 | AU61: =D61*AT61 -> 0 | AV61: =AU61/$AT$2 -> 0 | AX61: =D61*AW61 -> 0 | AY61: =AX61/$AW$2 -> 0 | BA61: =AZ61*D61 -> 0 | BB61: =BA61/$AZ$2 -> 0 | BD61: =D61*BC61 -> 0 | BE61: =BD61/$BC$2 -> 0 | BG61: =D61*BF61 -> 0 | BH61: =BG61/$BF$2 -> 0 | BJ61: =BI61*D61 -> 0 | BK61: =BJ61/$BI$2 -> 0 | BM61: =BL61*D61 -> 0 | BN61: =BM61/$BL$2 -> 0 | BP61: =BO61*D61 -> 0 | BQ61: =BP61/$BO$2 -> 0 | BS61: =D61*BR61 -> 0 | BT61: =BS61/$BR$2 -> 0 | BV61: =BU61*D61 -> 0 | BW61: =BV61/$BU$2 -> 0 | BY61: =D61*BX61 -> 0 | BZ61: =BY61/$BX$2 -> 0 | CB61: =CA61*D61 -> 0 | CC61: =CB61/$CA$2 -> 0 | CE61: =D61*CD61 -> 0 | CF61: =CE61/$CD$2 -> 0 | CH61: =D61*CG61 -> 0 | CI61: =CH61/$CG$2 -> 0 | CK61: =D61*CJ61 -> 0 | CL61: =CK61/$CJ$2 -> 0 | CN61: =D61*CM61 -> 0 | CO61: =CN61/$CM$2 -> 0 | CQ61: =CP61*D61 -> 0 | CR61: =CQ61/$CP$2 -> 0 | CT61: =CS61*G61 -> 0 | CU61: =CT61/$CP$2 -> 0 | CW61: =CV61*D61 -> 0 | CX61: =CW61/$CP$2 -> 0 | CZ61: =CY61*M61 -> 0 | DA61: =CZ61/$CP$2 -> 0 | DC61: =DB61*P61 -> 0 | DD61: =DC61/$CP$2 -> 0 | DF61: =DE61*D61 -> 0 | DG61: =DF61/$CP$2 -> 0 | DI61: =DH61*D61 -> 0 | DJ61: =DI61/$CP$2 -> 0 | DL61: =DK61*D61 -> 0 | DM61: =DL61/$CP$2 -> 0
A62: 55 | B62: Fried Eggplant | C62: باذنجان مقلي | D62: =E62/G62 -> 2.3 | E62: 1.15 | F62: 1 | G62: 0.5 | H62: =D62*15% -> 0.345 | I62: =H62+D62 -> 2.645 | K62: =J62*D62 -> 0 | L62: =K62/$J$2 -> 0 | N62: =M62*D62 -> 0 | O62: =N62/$M$2 -> 0 | Q62: =P62*D62 -> 0 | R62: =Q62/$P$2 -> 0 | T62: =S62*D62 -> 0 | U62: =T62/$S$2 -> 0 | W62: =V62*D62 -> 0 | X62: =W62/$V$2 -> 0 | Z62: =Y62*D62 -> 0 | AA62: =Z62/$Y$2 -> 0 | AC62: =AB62*D62 -> 0 | AD62: =AC62/$AB$2 -> 0 | AE62: 0.1 | AF62: =AE62*D62 -> 0.23 | AG62: =AF62/$AE$2 -> 0.079937997 | AI62: =AH62*D62 -> 0 | AJ62: =AI62/$AH$2 -> 0 | AL62: =AK62*D62 -> 0 | AM62: =AL62/$AK$2 -> 0 | AO62: =AN62*D62 -> 0 | AP62: =AO62/$AN$2 -> 0 | AR62: =AQ62*D62 -> 0 | AS62: =AR62/$AQ$2 -> 0 | AU62: =D62*AT62 -> 0 | AV62: =AU62/$AT$2 -> 0 | AX62: =D62*AW62 -> 0 | AY62: =AX62/$AW$2 -> 0 | BA62: =AZ62*D62 -> 0 | BB62: =BA62/$AZ$2 -> 0 | BD62: =D62*BC62 -> 0 | BE62: =BD62/$BC$2 -> 0 | BG62: =D62*BF62 -> 0 | BH62: =BG62/$BF$2 -> 0 | BJ62: =BI62*D62 -> 0 | BK62: =BJ62/$BI$2 -> 0 | BM62: =BL62*D62 -> 0 | BN62: =BM62/$BL$2 -> 0 | BP62: =BO62*D62 -> 0 | BQ62: =BP62/$BO$2 -> 0 | BS62: =D62*BR62 -> 0 | BT62: =BS62/$BR$2 -> 0 | BV62: =BU62*D62 -> 0 | BW62: =BV62/$BU$2 -> 0 | BY62: =D62*BX62 -> 0 | BZ62: =BY62/$BX$2 -> 0 | CB62: =CA62*D62 -> 0 | CC62: =CB62/$CA$2 -> 0 | CE62: =D62*CD62 -> 0 | CF62: =CE62/$CD$2 -> 0 | CH62: =D62*CG62 -> 0 | CI62: =CH62/$CG$2 -> 0 | CK62: =D62*CJ62 -> 0 | CL62: =CK62/$CJ$2 -> 0 | CN62: =D62*CM62 -> 0 | CO62: =CN62/$CM$2 -> 0 | CQ62: =CP62*D62 -> 0 | CR62: =CQ62/$CP$2 -> 0 | CT62: =CS62*G62 -> 0 | CU62: =CT62/$CP$2 -> 0 | CW62: =CV62*D62 -> 0 | CX62: =CW62/$CP$2 -> 0 | CZ62: =CY62*M62 -> 0 | DA62: =CZ62/$CP$2 -> 0 | DC62: =DB62*P62 -> 0 | DD62: =DC62/$CP$2 -> 0 | DF62: =DE62*D62 -> 0 | DG62: =DF62/$CP$2 -> 0 | DI62: =DH62*D62 -> 0 | DJ62: =DI62/$CP$2 -> 0 | DL62: =DK62*D62 -> 0 | DM62: =DL62/$CP$2 -> 0
A63: 56 | B63: Fried Onions | C63: بصل مقلي | D63: =E63/G63 -> 3 | E63: =15/10 -> 1.5 | F63: 1 | G63: 0.5 | H63: =D63*15% -> 0.45 | I63: =H63+D63 -> 3.45 | K63: =J63*D63 -> 0 | L63: =K63/$J$2 -> 0 | N63: =M63*D63 -> 0 | O63: =N63/$M$2 -> 0 | Q63: =P63*D63 -> 0 | R63: =Q63/$P$2 -> 0 | T63: =S63*D63 -> 0 | U63: =T63/$S$2 -> 0 | W63: =V63*D63 -> 0 | X63: =W63/$V$2 -> 0 | Z63: =Y63*D63 -> 0 | AA63: =Z63/$Y$2 -> 0 | AC63: =AB63*D63 -> 0 | AD63: =AC63/$AB$2 -> 0 | AF63: =AE63*D63 -> 0 | AG63: =AF63/$AE$2 -> 0 | AI63: =AH63*D63 -> 0 | AJ63: =AI63/$AH$2 -> 0 | AL63: =AK63*D63 -> 0 | AM63: =AL63/$AK$2 -> 0 | AO63: =AN63*D63 -> 0 | AP63: =AO63/$AN$2 -> 0 | AR63: =AQ63*D63 -> 0 | AS63: =AR63/$AQ$2 -> 0 | AU63: =D63*AT63 -> 0 | AV63: =AU63/$AT$2 -> 0 | AX63: =D63*AW63 -> 0 | AY63: =AX63/$AW$2 -> 0 | BA63: =AZ63*D63 -> 0 | BB63: =BA63/$AZ$2 -> 0 | BD63: =D63*BC63 -> 0 | BE63: =BD63/$BC$2 -> 0 | BG63: =D63*BF63 -> 0 | BH63: =BG63/$BF$2 -> 0 | BJ63: =BI63*D63 -> 0 | BK63: =BJ63/$BI$2 -> 0 | BM63: =BL63*D63 -> 0 | BN63: =BM63/$BL$2 -> 0 | BP63: =BO63*D63 -> 0 | BQ63: =BP63/$BO$2 -> 0 | BS63: =D63*BR63 -> 0 | BT63: =BS63/$BR$2 -> 0 | BV63: =BU63*D63 -> 0 | BW63: =BV63/$BU$2 -> 0 | BY63: =D63*BX63 -> 0 | BZ63: =BY63/$BX$2 -> 0 | CB63: =CA63*D63 -> 0 | CC63: =CB63/$CA$2 -> 0 | CE63: =D63*CD63 -> 0 | CF63: =CE63/$CD$2 -> 0 | CH63: =D63*CG63 -> 0 | CI63: =CH63/$CG$2 -> 0 | CK63: =D63*CJ63 -> 0 | CL63: =CK63/$CJ$2 -> 0 | CN63: =D63*CM63 -> 0 | CO63: =CN63/$CM$2 -> 0 | CQ63: =CP63*D63 -> 0 | CR63: =CQ63/$CP$2 -> 0 | CT63: =CS63*G63 -> 0 | CU63: =CT63/$CP$2 -> 0 | CW63: =CV63*D63 -> 0 | CX63: =CW63/$CP$2 -> 0 | CZ63: =CY63*M63 -> 0 | DA63: =CZ63/$CP$2 -> 0 | DC63: =DB63*P63 -> 0 | DD63: =DC63/$CP$2 -> 0 | DF63: =DE63*D63 -> 0 | DG63: =DF63/$CP$2 -> 0 | DI63: =DH63*D63 -> 0 | DJ63: =DI63/$CP$2 -> 0 | DL63: =DK63*D63 -> 0 | DM63: =DL63/$CP$2 -> 0
A64: 57 | B64: garlic | C64: ثوم | D64: =E64/G64 -> 6.8100358 | E64: =19/3 -> 6.3333333 | F64: 1 | G64: 0.93 | H64: =D64*15% -> 1.0215054 | I64: =H64+D64 -> 7.8315412 | K64: =J64*D64 -> 0 | L64: =K64/$J$2 -> 0 | N64: =M64*D64 -> 0 | O64: =N64/$M$2 -> 0 | P64: 0.005 | Q64: =P64*D64 -> 0.034050179 | R64: =Q64/$P$2 -> 0.0081604862 | T64: =S64*D64 -> 0 | U64: =T64/$S$2 -> 0 | V64: 0.01 | W64: =V64*D64 -> 0.068100358 | X64: =W64/$V$2 -> 0.010265685 | Z64: =Y64*D64 -> 0 | AA64: =Z64/$Y$2 -> 0 | AB64: 0.005 | AC64: =AB64*D64 -> 0.034050179 | AD64: =AC64/$AB$2 -> 0.0092303935 | AF64: =AE64*D64 -> 0 | AG64: =AF64/$AE$2 -> 0 | AI64: =AH64*D64 -> 0 | AJ64: =AI64/$AH$2 -> 0 | AL64: =AK64*D64 -> 0 | AM64: =AL64/$AK$2 -> 0 | AO64: =AN64*D64 -> 0 | AP64: =AO64/$AN$2 -> 0 | AR64: =AQ64*D64 -> 0 | AS64: =AR64/$AQ$2 -> 0 | AU64: =D64*AT64 -> 0 | AV64: =AU64/$AT$2 -> 0 | AW64: 0.001 | AX64: =D64*AW64 -> 0.0068100358 | AY64: =AX64/$AW$2 -> 0.003110851 | BA64: =AZ64*D64 -> 0 | BB64: =BA64/$AZ$2 -> 0 | BD64: =D64*BC64 -> 0 | BE64: =BD64/$BC$2 -> 0 | BG64: =D64*BF64 -> 0 | BH64: =BG64/$BF$2 -> 0 | BI64: 0.01 | BJ64: =BI64*D64 -> 0.068100358 | BK64: =BJ64/$BI$2 -> 0.019764199 | BM64: =BL64*D64 -> 0 | BN64: =BM64/$BL$2 -> 0 | BP64: =BO64*D64 -> 0 | BQ64: =BP64/$BO$2 -> 0 | BR64: 0.002 | BS64: =D64*BR64 -> 0.013620072 | BT64: =BS64/$BR$2 -> 0.0037603284 | BU64: 0.0025 | BV64: =BU64*D64 -> 0.01702509 | BW64: =BV64/$BU$2 -> 0.0050786626 | BX64: 0.01 | BY64: =D64*BX64 -> 0.068100358 | BZ64: =BY64/$BX$2 -> 0.03650345 | CB64: =CA64*D64 -> 0 | CC64: =CB64/$CA$2 -> 0 | CD64: 0.005 | CE64: =D64*CD64 -> 0.034050179 | CF64: =CE64/$CD$2 -> 0.12702506 | CG64: 0.0005 | CH64: =D64*CG64 -> 0.0034050179 | CI64: =CH64/$CG$2 -> 0.016598578 | CK64: =D64*CJ64 -> 0 | CL64: =CK64/$CJ$2 -> 0 | CM64: 0.0005 | CN64: =D64*CM64 -> 0.0034050179 | CO64: =CN64/$CM$2 -> 0.021323177 | CQ64: =CP64*D64 -> 0 | CR64: =CQ64/$CP$2 -> 0 | CS64: 0.01 | CT64: =CS64*D64 -> 0.068100358 | CU64: =CT64/$CP$2 -> 0.40150678 | CV64: 0.1 | CW64: =CV64*D64 -> 0.68100358 | CX64: =CW64/$CP$2 -> 4.0150678 | CY64: 0.005 | CZ64: =CY64*D64 -> 0.034050179 | DA64: =CZ64/$CP$2 -> 0.20075339 | DC64: =DB64*P64 -> 0 | DD64: =DC64/$CP$2 -> 0 | DF64: =DE64*D64 -> 0 | DG64: =DF64/$CP$2 -> 0 | DI64: =DH64*D64 -> 0 | DJ64: =DI64/$CP$2 -> 0 | DK64: 0.02 | DL64: =DK64*D64 -> 0.13620072 | DM64: =DL64/$CP$2 -> 0.80301355
A65: 58 | B65: Garlic Powder | C65: مسحوق الثوم | D65: =E65/G65 -> 10 | E65: 10 | F65: 1 | G65: 1 | H65: =D65*15% -> 1.5 | I65: =H65+D65 -> 11.5 | K65: =J65*D65 -> 0 | L65: =K65/$J$2 -> 0 | N65: =M65*D65 -> 0 | O65: =N65/$M$2 -> 0 | Q65: =P65*D65 -> 0 | R65: =Q65/$P$2 -> 0 | T65: =S65*D65 -> 0 | U65: =T65/$S$2 -> 0 | W65: =V65*D65 -> 0 | X65: =W65/$V$2 -> 0 | Y65: 0.002 | Z65: =Y65*D65 -> 0.02 | AA65: =Z65/$Y$2 -> 0.0046556651 | AC65: =AB65*D65 -> 0 | AD65: =AC65/$AB$2 -> 0 | AF65: =AE65*D65 -> 0 | AG65: =AF65/$AE$2 -> 0 | AI65: =AH65*D65 -> 0 | AJ65: =AI65/$AH$2 -> 0 | AL65: =AK65*D65 -> 0 | AM65: =AL65/$AK$2 -> 0 | AO65: =AN65*D65 -> 0 | AP65: =AO65/$AN$2 -> 0 | AR65: =AQ65*D65 -> 0 | AS65: =AR65/$AQ$2 -> 0 | AU65: =D65*AT65 -> 0 | AV65: =AU65/$AT$2 -> 0 | AX65: =D65*AW65 -> 0 | AY65: =AX65/$AW$2 -> 0 | BA65: =AZ65*D65 -> 0 | BB65: =BA65/$AZ$2 -> 0 | BD65: =D65*BC65 -> 0 | BE65: =BD65/$BC$2 -> 0 | BG65: =D65*BF65 -> 0 | BH65: =BG65/$BF$2 -> 0 | BJ65: =BI65*D65 -> 0 | BK65: =BJ65/$BI$2 -> 0 | BL65: 0.002 | BM65: =BL65*D65 -> 0.02 | BN65: =BM65/$BL$2 -> 0.014697551 | BP65: =BO65*D65 -> 0 | BQ65: =BP65/$BO$2 -> 0 | BS65: =D65*BR65 -> 0 | BT65: =BS65/$BR$2 -> 0 | BV65: =BU65*D65 -> 0 | BW65: =BV65/$BU$2 -> 0 | BY65: =D65*BX65 -> 0 | BZ65: =BY65/$BX$2 -> 0 | CB65: =CA65*D65 -> 0 | CC65: =CB65/$CA$2 -> 0 | CE65: =D65*CD65 -> 0 | CF65: =CE65/$CD$2 -> 0 | CH65: =D65*CG65 -> 0 | CI65: =CH65/$CG$2 -> 0 | CK65: =D65*CJ65 -> 0 | CL65: =CK65/$CJ$2 -> 0 | CN65: =D65*CM65 -> 0 | CO65: =CN65/$CM$2 -> 0 | CQ65: =CP65*D65 -> 0 | CR65: =CQ65/$CP$2 -> 0 | CT65: =CS65*G65 -> 0 | CU65: =CT65/$CP$2 -> 0 | CW65: =CV65*D65 -> 0 | CX65: =CW65/$CP$2 -> 0 | CZ65: =CY65*M65 -> 0 | DA65: =CZ65/$CP$2 -> 0 | DB65: 0.02 | DC65: =DB65*P65 -> 0 | DD65: =DC65/$CP$2 -> 0 | DF65: =DE65*D65 -> 0 | DG65: =DF65/$CP$2 -> 0 | DH65: 0.02 | DI65: =DH65*D65 -> 0.2 | DJ65: =DI65/$CP$2 -> 1.179162 | DL65: =DK65*D65 -> 0 | DM65: =DL65/$CP$2 -> 0
A66: 59 | B66: Garlic Sauce | C66: صلصة الثوم | D66: =E66/G66 -> 0.26 | E66: 0.26 | F66: 1 | G66: 1 | H66: =D66*15% -> 0.039 | I66: =H66+D66 -> 0.299 | K66: =J66*D66 -> 0 | L66: =K66/$J$2 -> 0 | N66: =M66*D66 -> 0 | O66: =N66/$M$2 -> 0 | Q66: =P66*D66 -> 0 | R66: =Q66/$P$2 -> 0 | T66: =S66*D66 -> 0 | U66: =T66/$S$2 -> 0 | W66: =V66*D66 -> 0 | X66: =W66/$V$2 -> 0 | Z66: =Y66*D66 -> 0 | AA66: =Z66/$Y$2 -> 0 | AC66: =AB66*D66 -> 0 | AD66: =AC66/$AB$2 -> 0 | AF66: =AE66*D66 -> 0 | AG66: =AF66/$AE$2 -> 0 | AI66: =AH66*D66 -> 0 | AJ66: =AI66/$AH$2 -> 0 | AL66: =AK66*D66 -> 0 | AM66: =AL66/$AK$2 -> 0 | AO66: =AN66*D66 -> 0 | AP66: =AO66/$AN$2 -> 0 | AR66: =AQ66*D66 -> 0 | AS66: =AR66/$AQ$2 -> 0 | AU66: =D66*AT66 -> 0 | AV66: =AU66/$AT$2 -> 0 | AX66: =D66*AW66 -> 0 | AY66: =AX66/$AW$2 -> 0 | BA66: =AZ66*D66 -> 0 | BB66: =BA66/$AZ$2 -> 0 | BD66: =D66*BC66 -> 0 | BE66: =BD66/$BC$2 -> 0 | BG66: =D66*BF66 -> 0 | BH66: =BG66/$BF$2 -> 0 | BJ66: =BI66*D66 -> 0 | BK66: =BJ66/$BI$2 -> 0 | BM66: =BL66*D66 -> 0 | BN66: =BM66/$BL$2 -> 0 | BP66: =BO66*D66 -> 0 | BQ66: =BP66/$BO$2 -> 0 | BS66: =D66*BR66 -> 0 | BT66: =BS66/$BR$2 -> 0 | BV66: =BU66*D66 -> 0 | BW66: =BV66/$BU$2 -> 0 | BY66: =D66*BX66 -> 0 | BZ66: =BY66/$BX$2 -> 0 | CB66: =CA66*D66 -> 0 | CC66: =CB66/$CA$2 -> 0 | CE66: =D66*CD66 -> 0 | CF66: =CE66/$CD$2 -> 0 | CH66: =D66*CG66 -> 0 | CI66: =CH66/$CG$2 -> 0 | CJ66: 0.002 | CK66: =D66*CJ66 -> 0.00052 | CL66: =CK66/$CJ$2 -> 0.0013558615 | CN66: =D66*CM66 -> 0 | CO66: =CN66/$CM$2 -> 0 | CQ66: =CP66*D66 -> 0 | CR66: =CQ66/$CP$2 -> 0 | CT66: =CS66*G66 -> 0 | CU66: =CT66/$CP$2 -> 0 | CW66: =CV66*D66 -> 0 | CX66: =CW66/$CP$2 -> 0 | CZ66: =CY66*M66 -> 0 | DA66: =CZ66/$CP$2 -> 0 | DC66: =DB66*P66 -> 0 | DD66: =DC66/$CP$2 -> 0 | DF66: =DE66*D66 -> 0 | DG66: =DF66/$CP$2 -> 0 | DI66: =DH66*D66 -> 0 | DJ66: =DI66/$CP$2 -> 0 | DL66: =DK66*D66 -> 0 | DM66: =DL66/$CP$2 -> 0
A67: 60 | B67: Green Bell Peppers | C67: الفلفل الأخضر | D67: =E67/G67 -> 4.2553191 | E67: =30/7.5 -> 4 | F67: 1 | G67: 0.94 | H67: =D67*15% -> 0.63829787 | I67: =H67+D67 -> 4.893617 | K67: =J67*D67 -> 0 | L67: =K67/$J$2 -> 0 | N67: =M67*D67 -> 0 | O67: =N67/$M$2 -> 0 | Q67: =P67*D67 -> 0 | R67: =Q67/$P$2 -> 0 | T67: =S67*D67 -> 0 | U67: =T67/$S$2 -> 0 | W67: =V67*D67 -> 0 | X67: =W67/$V$2 -> 0 | Y67: 0.02 | Z67: =Y67*D67 -> 0.085106383 | AA67: =Z67/$Y$2 -> 0.019811341 | AB67: 0.01 | AC67: =AB67*D67 -> 0.042553191 | AD67: =AC67/$AB$2 -> 0.011535408 | AF67: =AE67*D67 -> 0 | AG67: =AF67/$AE$2 -> 0 | AI67: =AH67*D67 -> 0 | AJ67: =AI67/$AH$2 -> 0 | AL67: =AK67*D67 -> 0 | AM67: =AL67/$AK$2 -> 0 | AN67: 0.1 | AO67: =AN67*D67 -> 0.42553191 | AP67: =AO67/$AN$2 -> 0.10403593 | AR67: =AQ67*D67 -> 0 | AS67: =AR67/$AQ$2 -> 0 | AU67: =D67*AT67 -> 0 | AV67: =AU67/$AT$2 -> 0 | AX67: =D67*AW67 -> 0 | AY67: =AX67/$AW$2 -> 0 | BA67: =AZ67*D67 -> 0 | BB67: =BA67/$AZ$2 -> 0 | BD67: =D67*BC67 -> 0 | BE67: =BD67/$BC$2 -> 0 | BG67: =D67*BF67 -> 0 | BH67: =BG67/$BF$2 -> 0 | BJ67: =BI67*D67 -> 0 | BK67: =BJ67/$BI$2 -> 0 | BM67: =BL67*D67 -> 0 | BN67: =BM67/$BL$2 -> 0 | BP67: =BO67*D67 -> 0 | BQ67: =BP67/$BO$2 -> 0 | BS67: =D67*BR67 -> 0 | BT67: =BS67/$BR$2 -> 0 | BV67: =BU67*D67 -> 0 | BW67: =BV67/$BU$2 -> 0 | BY67: =D67*BX67 -> 0 | BZ67: =BY67/$BX$2 -> 0 | CB67: =CA67*D67 -> 0 | CC67: =CB67/$CA$2 -> 0 | CE67: =D67*CD67 -> 0 | CF67: =CE67/$CD$2 -> 0 | CH67: =D67*CG67 -> 0 | CI67: =CH67/$CG$2 -> 0 | CK67: =D67*CJ67 -> 0 | CL67: =CK67/$CJ$2 -> 0 | CN67: =D67*CM67 -> 0 | CO67: =CN67/$CM$2 -> 0 | CQ67: =CP67*D67 -> 0 | CR67: =CQ67/$CP$2 -> 0 | CT67: =CS67*G67 -> 0 | CU67: =CT67/$CP$2 -> 0 | CW67: =CV67*D67 -> 0 | CX67: =CW67/$CP$2 -> 0 | CZ67: =CY67*M67 -> 0 | DA67: =CZ67/$CP$2 -> 0 | DB67: 0.15 | DC67: =DB67*P67 -> 0 | DD67: =DC67/$CP$2 -> 0 | DF67: =DE67*D67 -> 0 | DG67: =DF67/$CP$2 -> 0 | DI67: =DH67*D67 -> 0 | DJ67: =DI67/$CP$2 -> 0 | DL67: =DK67*D67 -> 0 | DM67: =DL67/$CP$2 -> 0
A68: 61 | B68: Green cardamom powder | C68: مسحوق الهيل الأخضر | D68: =E68/G68 -> 58 | E68: 58 | F68: 1 | G68: 1 | H68: =D68*15% -> 8.7 | I68: =H68+D68 -> 66.7 | K68: =J68*D68 -> 0 | L68: =K68/$J$2 -> 0 | N68: =M68*D68 -> 0 | O68: =N68/$M$2 -> 0 | Q68: =P68*D68 -> 0 | R68: =Q68/$P$2 -> 0 | T68: =S68*D68 -> 0 | U68: =T68/$S$2 -> 0 | W68: =V68*D68 -> 0 | X68: =W68/$V$2 -> 0 | Z68: =Y68*D68 -> 0 | AA68: =Z68/$Y$2 -> 0 | AC68: =AB68*D68 -> 0 | AD68: =AC68/$AB$2 -> 0 | AF68: =AE68*D68 -> 0 | AG68: =AF68/$AE$2 -> 0 | AI68: =AH68*D68 -> 0 | AJ68: =AI68/$AH$2 -> 0 | AL68: =AK68*D68 -> 0 | AM68: =AL68/$AK$2 -> 0 | AO68: =AN68*D68 -> 0 | AP68: =AO68/$AN$2 -> 0 | AR68: =AQ68*D68 -> 0 | AS68: =AR68/$AQ$2 -> 0 | AU68: =D68*AT68 -> 0 | AV68: =AU68/$AT$2 -> 0 | AX68: =D68*AW68 -> 0 | AY68: =AX68/$AW$2 -> 0 | BA68: =AZ68*D68 -> 0 | BB68: =BA68/$AZ$2 -> 0 | BD68: =D68*BC68 -> 0 | BE68: =BD68/$BC$2 -> 0 | BG68: =D68*BF68 -> 0 | BH68: =BG68/$BF$2 -> 0 | BJ68: =BI68*D68 -> 0 | BK68: =BJ68/$BI$2 -> 0 | BM68: =BL68*D68 -> 0 | BN68: =BM68/$BL$2 -> 0 | BP68: =BO68*D68 -> 0 | BQ68: =BP68/$BO$2 -> 0 | BS68: =D68*BR68 -> 0 | BT68: =BS68/$BR$2 -> 0 | BV68: =BU68*D68 -> 0 | BW68: =BV68/$BU$2 -> 0 | BY68: =D68*BX68 -> 0 | BZ68: =BY68/$BX$2 -> 0 | CB68: =CA68*D68 -> 0 | CC68: =CB68/$CA$2 -> 0 | CE68: =D68*CD68 -> 0 | CF68: =CE68/$CD$2 -> 0 | CH68: =D68*CG68 -> 0 | CI68: =CH68/$CG$2 -> 0 | CK68: =D68*CJ68 -> 0 | CL68: =CK68/$CJ$2 -> 0 | CN68: =D68*CM68 -> 0 | CO68: =CN68/$CM$2 -> 0 | CQ68: =CP68*D68 -> 0 | CR68: =CQ68/$CP$2 -> 0 | CT68: =CS68*G68 -> 0 | CU68: =CT68/$CP$2 -> 0 | CW68: =CV68*D68 -> 0 | CX68: =CW68/$CP$2 -> 0 | CZ68: =CY68*M68 -> 0 | DA68: =CZ68/$CP$2 -> 0 | DC68: =DB68*P68 -> 0 | DD68: =DC68/$CP$2 -> 0 | DF68: =DE68*D68 -> 0 | DG68: =DF68/$CP$2 -> 0 | DI68: =DH68*D68 -> 0 | DJ68: =DI68/$CP$2 -> 0 | DL68: =DK68*D68 -> 0 | DM68: =DL68/$CP$2 -> 0
A69: 62 | B69: GREEN ONION | C69: بصل أخضر | D69: =E69/G69 -> 2.5 | E69: =15/6 -> 2.5 | F69: 1 | G69: 1 | H69: =D69*15% -> 0.375 | I69: =H69+D69 -> 2.875 | K69: =J69*D69 -> 0 | L69: =K69/$J$2 -> 0 | N69: =M69*D69 -> 0 | O69: =N69/$M$2 -> 0 | Q69: =P69*D69 -> 0 | R69: =Q69/$P$2 -> 0 | T69: =S69*D69 -> 0 | U69: =T69/$S$2 -> 0 | W69: =V69*D69 -> 0 | X69: =W69/$V$2 -> 0 | Z69: =Y69*D69 -> 0 | AA69: =Z69/$Y$2 -> 0 | AC69: =AB69*D69 -> 0 | AD69: =AC69/$AB$2 -> 0 | AF69: =AE69*D69 -> 0 | AG69: =AF69/$AE$2 -> 0 | AI69: =AH69*D69 -> 0 | AJ69: =AI69/$AH$2 -> 0 | AL69: =AK69*D69 -> 0 | AM69: =AL69/$AK$2 -> 0 | AO69: =AN69*D69 -> 0 | AP69: =AO69/$AN$2 -> 0 | AR69: =AQ69*D69 -> 0 | AS69: =AR69/$AQ$2 -> 0 | AU69: =D69*AT69 -> 0 | AV69: =AU69/$AT$2 -> 0 | AX69: =D69*AW69 -> 0 | AY69: =AX69/$AW$2 -> 0 | BA69: =AZ69*D69 -> 0 | BB69: =BA69/$AZ$2 -> 0 | BD69: =D69*BC69 -> 0 | BE69: =BD69/$BC$2 -> 0 | BG69: =D69*BF69 -> 0 | BH69: =BG69/$BF$2 -> 0 | BJ69: =BI69*D69 -> 0 | BK69: =BJ69/$BI$2 -> 0 | BM69: =BL69*D69 -> 0 | BN69: =BM69/$BL$2 -> 0 | BP69: =BO69*D69 -> 0 | BQ69: =BP69/$BO$2 -> 0 | BS69: =D69*BR69 -> 0 | BT69: =BS69/$BR$2 -> 0 | BV69: =BU69*D69 -> 0 | BW69: =BV69/$BU$2 -> 0 | BY69: =D69*BX69 -> 0 | BZ69: =BY69/$BX$2 -> 0 | CB69: =CA69*D69 -> 0 | CC69: =CB69/$CA$2 -> 0 | CE69: =D69*CD69 -> 0 | CF69: =CE69/$CD$2 -> 0 | CH69: =D69*CG69 -> 0 | CI69: =CH69/$CG$2 -> 0 | CK69: =D69*CJ69 -> 0 | CL69: =CK69/$CJ$2 -> 0 | CN69: =D69*CM69 -> 0 | CO69: =CN69/$CM$2 -> 0 | CQ69: =CP69*D69 -> 0 | CR69: =CQ69/$CP$2 -> 0 | CT69: =CS69*G69 -> 0 | CU69: =CT69/$CP$2 -> 0 | CW69: =CV69*D69 -> 0 | CX69: =CW69/$CP$2 -> 0 | CZ69: =CY69*M69 -> 0 | DA69: =CZ69/$CP$2 -> 0 | DC69: =DB69*P69 -> 0 | DD69: =DC69/$CP$2 -> 0 | DF69: =DE69*D69 -> 0 | DG69: =DF69/$CP$2 -> 0 | DI69: =DH69*D69 -> 0 | DJ69: =DI69/$CP$2 -> 0 | DL69: =DK69*D69 -> 0 | DM69: =DL69/$CP$2 -> 0
A70: 63 | B70: GREEN PEPPER | C70: فلفل أخضر | D70: =E70/G70 -> 4.2553191 | E70: 4 | F70: 1 | G70: 0.94 | H70: =D70*15% -> 0.63829787 | I70: =H70+D70 -> 4.893617 | K70: =J70*D70 -> 0 | L70: =K70/$J$2 -> 0 | N70: =M70*D70 -> 0 | O70: =N70/$M$2 -> 0 | Q70: =P70*D70 -> 0 | R70: =Q70/$P$2 -> 0 | T70: =S70*D70 -> 0 | U70: =T70/$S$2 -> 0 | W70: =V70*D70 -> 0 | X70: =W70/$V$2 -> 0 | Z70: =Y70*D70 -> 0 | AA70: =Z70/$Y$2 -> 0 | AC70: =AB70*D70 -> 0 | AD70: =AC70/$AB$2 -> 0 | AF70: =AE70*D70 -> 0 | AG70: =AF70/$AE$2 -> 0 | AI70: =AH70*D70 -> 0 | AJ70: =AI70/$AH$2 -> 0 | AL70: =AK70*D70 -> 0 | AM70: =AL70/$AK$2 -> 0 | AO70: =AN70*D70 -> 0 | AP70: =AO70/$AN$2 -> 0 | AR70: =AQ70*D70 -> 0 | AS70: =AR70/$AQ$2 -> 0 | AU70: =D70*AT70 -> 0 | AV70: =AU70/$AT$2 -> 0 | AX70: =D70*AW70 -> 0 | AY70: =AX70/$AW$2 -> 0 | BA70: =AZ70*D70 -> 0 | BB70: =BA70/$AZ$2 -> 0 | BD70: =D70*BC70 -> 0 | BE70: =BD70/$BC$2 -> 0 | BG70: =D70*BF70 -> 0 | BH70: =BG70/$BF$2 -> 0 | BJ70: =BI70*D70 -> 0 | BK70: =BJ70/$BI$2 -> 0 | BM70: =BL70*D70 -> 0 | BN70: =BM70/$BL$2 -> 0 | BP70: =BO70*D70 -> 0 | BQ70: =BP70/$BO$2 -> 0 | BS70: =D70*BR70 -> 0 | BT70: =BS70/$BR$2 -> 0 | BV70: =BU70*D70 -> 0 | BW70: =BV70/$BU$2 -> 0 | BY70: =D70*BX70 -> 0 | BZ70: =BY70/$BX$2 -> 0 | CB70: =CA70*D70 -> 0 | CC70: =CB70/$CA$2 -> 0 | CE70: =D70*CD70 -> 0 | CF70: =CE70/$CD$2 -> 0 | CH70: =D70*CG70 -> 0 | CI70: =CH70/$CG$2 -> 0 | CK70: =D70*CJ70 -> 0 | CL70: =CK70/$CJ$2 -> 0 | CN70: =D70*CM70 -> 0 | CO70: =CN70/$CM$2 -> 0 | CQ70: =CP70*D70 -> 0 | CR70: =CQ70/$CP$2 -> 0 | CT70: =CS70*G70 -> 0 | CU70: =CT70/$CP$2 -> 0 | CW70: =CV70*D70 -> 0 | CX70: =CW70/$CP$2 -> 0 | CZ70: =CY70*M70 -> 0 | DA70: =CZ70/$CP$2 -> 0 | DB70: 0.12 | DC70: =DB70*D70 -> 0.5106383 | DD70: =DC70/$CP$2 -> 3.0106264 | DF70: =DE70*D70 -> 0 | DG70: =DF70/$CP$2 -> 0 | DI70: =DH70*D70 -> 0 | DJ70: =DI70/$CP$2 -> 0 | DL70: =DK70*D70 -> 0 | DM70: =DL70/$CP$2 -> 0
A71: 64 | B71: Grill Vegetable | C71: الخضار مشوى | D71: =E71/G71 -> 1.6099501 | E71: =DB2 -> 1.6099501 | F71: 1 | G71: 1 | H71: =D71*15% -> 0.24149251 | I71: =H71+D71 -> 1.8514426 | K71: =J71*D71 -> 0 | L71: =K71/$J$2 -> 0 | N71: =M71*D71 -> 0 | O71: =N71/$M$2 -> 0 | Q71: =P71*D71 -> 0 | R71: =Q71/$P$2 -> 0 | T71: =S71*D71 -> 0 | U71: =T71/$S$2 -> 0 | W71: =V71*D71 -> 0 | X71: =W71/$V$2 -> 0 | Z71: =Y71*D71 -> 0 | AA71: =Z71/$Y$2 -> 0 | AC71: =AB71*D71 -> 0 | AD71: =AC71/$AB$2 -> 0 | AF71: =AE71*D71 -> 0 | AG71: =AF71/$AE$2 -> 0 | AI71: =AH71*D71 -> 0 | AJ71: =AI71/$AH$2 -> 0 | AL71: =AK71*D71 -> 0 | AM71: =AL71/$AK$2 -> 0 | AO71: =AN71*D71 -> 0 | AP71: =AO71/$AN$2 -> 0 | AR71: =AQ71*D71 -> 0 | AS71: =AR71/$AQ$2 -> 0 | AU71: =D71*AT71 -> 0 | AV71: =AU71/$AT$2 -> 0 | AX71: =D71*AW71 -> 0 | AY71: =AX71/$AW$2 -> 0 | BA71: =AZ71*D71 -> 0 | BB71: =BA71/$AZ$2 -> 0 | BD71: =D71*BC71 -> 0 | BE71: =BD71/$BC$2 -> 0 | BF71: 1 | BG71: =D71*BF71 -> 1.6099501 | BH71: =BG71/$BF$2 -> 0.52721681 | BJ71: =BI71*D71 -> 0 | BK71: =BJ71/$BI$2 -> 0 | BM71: =BL71*D71 -> 0 | BN71: =BM71/$BL$2 -> 0 | BP71: =BO71*D71 -> 0 | BQ71: =BP71/$BO$2 -> 0 | BS71: =D71*BR71 -> 0 | BT71: =BS71/$BR$2 -> 0 | BV71: =BU71*D71 -> 0 | BW71: =BV71/$BU$2 -> 0 | BY71: =D71*BX71 -> 0 | BZ71: =BY71/$BX$2 -> 0 | CB71: =CA71*D71 -> 0 | CC71: =CB71/$CA$2 -> 0 | CE71: =D71*CD71 -> 0 | CF71: =CE71/$CD$2 -> 0 | CH71: =D71*CG71 -> 0 | CI71: =CH71/$CG$2 -> 0 | CK71: =D71*CJ71 -> 0 | CL71: =CK71/$CJ$2 -> 0 | CN71: =D71*CM71 -> 0 | CO71: =CN71/$CM$2 -> 0 | CQ71: =CP71*D71 -> 0 | CR71: =CQ71/$CP$2 -> 0 | CT71: =CS71*G71 -> 0 | CU71: =CT71/$CP$2 -> 0 | CW71: =CV71*D71 -> 0 | CX71: =CW71/$CP$2 -> 0 | CZ71: =CY71*M71 -> 0 | DA71: =CZ71/$CP$2 -> 0 | DC71: =DB71*P71 -> 0 | DD71: =DC71/$CP$2 -> 0 | DF71: =DE71*D71 -> 0 | DG71: =DF71/$CP$2 -> 0 | DI71: =DH71*D71 -> 0 | DJ71: =DI71/$CP$2 -> 0 | DL71: =DK71*D71 -> 0 | DM71: =DL71/$CP$2 -> 0
A72: 65 | B72: Ice | C72: ثلج | D72: =E72/G72 -> 1.25 | E72: =5/4 -> 1.25 | F72: 1 | G72: 1 | H72: =D72*15% -> 0.1875 | I72: =H72+D72 -> 1.4375 | K72: =J72*D72 -> 0 | L72: =K72/$J$2 -> 0 | N72: =M72*D72 -> 0 | O72: =N72/$M$2 -> 0 | Q72: =P72*D72 -> 0 | R72: =Q72/$P$2 -> 0 | T72: =S72*D72 -> 0 | U72: =T72/$S$2 -> 0 | W72: =V72*D72 -> 0 | X72: =W72/$V$2 -> 0 | Z72: =Y72*D72 -> 0 | AA72: =Z72/$Y$2 -> 0 | AC72: =AB72*D72 -> 0 | AD72: =AC72/$AB$2 -> 0 | AF72: =AE72*D72 -> 0 | AG72: =AF72/$AE$2 -> 0 | AI72: =AH72*D72 -> 0 | AJ72: =AI72/$AH$2 -> 0 | AL72: =AK72*D72 -> 0 | AM72: =AL72/$AK$2 -> 0 | AO72: =AN72*D72 -> 0 | AP72: =AO72/$AN$2 -> 0 | AR72: =AQ72*D72 -> 0 | AS72: =AR72/$AQ$2 -> 0 | AU72: =D72*AT72 -> 0 | AV72: =AU72/$AT$2 -> 0 | AX72: =D72*AW72 -> 0 | AY72: =AX72/$AW$2 -> 0 | BA72: =AZ72*D72 -> 0 | BB72: =BA72/$AZ$2 -> 0 | BD72: =D72*BC72 -> 0 | BE72: =BD72/$BC$2 -> 0 | BG72: =D72*BF72 -> 0 | BH72: =BG72/$BF$2 -> 0 | BJ72: =BI72*D72 -> 0 | BK72: =BJ72/$BI$2 -> 0 | BM72: =BL72*D72 -> 0 | BN72: =BM72/$BL$2 -> 0 | BP72: =BO72*D72 -> 0 | BQ72: =BP72/$BO$2 -> 0 | BS72: =D72*BR72 -> 0 | BT72: =BS72/$BR$2 -> 0 | BV72: =BU72*D72 -> 0 | BW72: =BV72/$BU$2 -> 0 | BY72: =D72*BX72 -> 0 | BZ72: =BY72/$BX$2 -> 0 | CB72: =CA72*D72 -> 0 | CC72: =CB72/$CA$2 -> 0 | CD72: 0.001 | CE72: =D72*CD72 -> 0.00125 | CF72: =CE72/$CD$2 -> 0.0046631569 | CH72: =D72*CG72 -> 0 | CI72: =CH72/$CG$2 -> 0 | CK72: =D72*CJ72 -> 0 | CL72: =CK72/$CJ$2 -> 0 | CN72: =D72*CM72 -> 0 | CO72: =CN72/$CM$2 -> 0 | CQ72: =CP72*D72 -> 0 | CR72: =CQ72/$CP$2 -> 0 | CT72: =CS72*G72 -> 0 | CU72: =CT72/$CP$2 -> 0 | CW72: =CV72*D72 -> 0 | CX72: =CW72/$CP$2 -> 0 | CY72: 0.2 | CZ72: =CY72*D72 -> 0.25 | DA72: =CZ72/$CP$2 -> 1.4739525 | DC72: =DB72*P72 -> 0 | DD72: =DC72/$CP$2 -> 0 | DF72: =DE72*D72 -> 0 | DG72: =DF72/$CP$2 -> 0 | DI72: =DH72*D72 -> 0 | DJ72: =DI72/$CP$2 -> 0 | DL72: =DK72*D72 -> 0 | DM72: =DL72/$CP$2 -> 0
A73: 66 | B73: Iceberg Lettuce | C73: خس ايسبرغ | D73: =E73/G73 -> 6.25 | E73: =45/8 -> 5.625 | F73: 1 | G73: 0.9 | H73: =D73*15% -> 0.9375 | I73: =H73+D73 -> 7.1875 | K73: =J73*D73 -> 0 | L73: =K73/$J$2 -> 0 | N73: =M73*D73 -> 0 | O73: =N73/$M$2 -> 0 | Q73: =P73*D73 -> 0 | R73: =Q73/$P$2 -> 0 | T73: =S73*D73 -> 0 | U73: =T73/$S$2 -> 0 | W73: =V73*D73 -> 0 | X73: =W73/$V$2 -> 0 | Z73: =Y73*D73 -> 0 | AA73: =Z73/$Y$2 -> 0 | AC73: =AB73*D73 -> 0 | AD73: =AC73/$AB$2 -> 0 | AF73: =AE73*D73 -> 0 | AG73: =AF73/$AE$2 -> 0 | AI73: =AH73*D73 -> 0 | AJ73: =AI73/$AH$2 -> 0 | AK73: 0.1 | AL73: =AK73*D73 -> 0.625 | AM73: =AL73/$AK$2 -> 0.25491279 | AO73: =AN73*D73 -> 0 | AP73: =AO73/$AN$2 -> 0 | AR73: =AQ73*D73 -> 0 | AS73: =AR73/$AQ$2 -> 0 | AU73: =D73*AT73 -> 0 | AV73: =AU73/$AT$2 -> 0 | AX73: =D73*AW73 -> 0 | AY73: =AX73/$AW$2 -> 0 | BA73: =AZ73*D73 -> 0 | BB73: =BA73/$AZ$2 -> 0 | BD73: =D73*BC73 -> 0 | BE73: =BD73/$BC$2 -> 0 | BG73: =D73*BF73 -> 0 | BH73: =BG73/$BF$2 -> 0 | BJ73: =BI73*D73 -> 0 | BK73: =BJ73/$BI$2 -> 0 | BM73: =BL73*D73 -> 0 | BN73: =BM73/$BL$2 -> 0 | BP73: =BO73*D73 -> 0 | BQ73: =BP73/$BO$2 -> 0 | BS73: =D73*BR73 -> 0 | BT73: =BS73/$BR$2 -> 0 | BV73: =BU73*D73 -> 0 | BW73: =BV73/$BU$2 -> 0 | BY73: =D73*BX73 -> 0 | BZ73: =BY73/$BX$2 -> 0 | CB73: =CA73*D73 -> 0 | CC73: =CB73/$CA$2 -> 0 | CE73: =D73*CD73 -> 0 | CF73: =CE73/$CD$2 -> 0 | CH73: =D73*CG73 -> 0 | CI73: =CH73/$CG$2 -> 0 | CK73: =D73*CJ73 -> 0 | CL73: =CK73/$CJ$2 -> 0 | CN73: =D73*CM73 -> 0 | CO73: =CN73/$CM$2 -> 0 | CQ73: =CP73*D73 -> 0 | CR73: =CQ73/$CP$2 -> 0 | CT73: =CS73*G73 -> 0 | CU73: =CT73/$CP$2 -> 0 | CW73: =CV73*D73 -> 0 | CX73: =CW73/$CP$2 -> 0 | CZ73: =CY73*M73 -> 0 | DA73: =CZ73/$CP$2 -> 0 | DC73: =DB73*P73 -> 0 | DD73: =DC73/$CP$2 -> 0 | DF73: =DE73*D73 -> 0 | DG73: =DF73/$CP$2 -> 0 | DI73: =DH73*D73 -> 0 | DJ73: =DI73/$CP$2 -> 0 | DL73: =DK73*D73 -> 0 | DM73: =DL73/$CP$2 -> 0
A74: 67 | B74: Lebna | C74: لبنة | D74: =E74/G74 -> 12.432432 | E74: =138/(4*2.775) -> 12.432432 | F74: 1 | G74: 1 | H74: =D74*15% -> 1.8648649 | I74: =H74+D74 -> 14.297297 | K74: =J74*D74 -> 0 | L74: =K74/$J$2 -> 0 | N74: =M74*D74 -> 0 | O74: =N74/$M$2 -> 0 | Q74: =P74*D74 -> 0 | R74: =Q74/$P$2 -> 0 | T74: =S74*D74 -> 0 | U74: =T74/$S$2 -> 0 | W74: =V74*D74 -> 0 | X74: =W74/$V$2 -> 0 | Z74: =Y74*D74 -> 0 | AA74: =Z74/$Y$2 -> 0 | AB74: 0.08 | AC74: =AB74*D74 -> 0.99459459 | AD74: =AC74/$AB$2 -> 0.26961677 | AF74: =AE74*D74 -> 0 | AG74: =AF74/$AE$2 -> 0 | AI74: =AH74*D74 -> 0 | AJ74: =AI74/$AH$2 -> 0 | AL74: =AK74*D74 -> 0 | AM74: =AL74/$AK$2 -> 0 | AO74: =AN74*D74 -> 0 | AP74: =AO74/$AN$2 -> 0 | AR74: =AQ74*D74 -> 0 | AS74: =AR74/$AQ$2 -> 0 | AU74: =D74*AT74 -> 0 | AV74: =AU74/$AT$2 -> 0 | AX74: =D74*AW74 -> 0 | AY74: =AX74/$AW$2 -> 0 | BA74: =AZ74*D74 -> 0 | BB74: =BA74/$AZ$2 -> 0 | BD74: =D74*BC74 -> 0 | BE74: =BD74/$BC$2 -> 0 | BG74: =D74*BF74 -> 0 | BH74: =BG74/$BF$2 -> 0 | BJ74: =BI74*D74 -> 0 | BK74: =BJ74/$BI$2 -> 0 | BM74: =BL74*D74 -> 0 | BN74: =BM74/$BL$2 -> 0 | BP74: =BO74*D74 -> 0 | BQ74: =BP74/$BO$2 -> 0 | BS74: =D74*BR74 -> 0 | BT74: =BS74/$BR$2 -> 0 | BV74: =BU74*D74 -> 0 | BW74: =BV74/$BU$2 -> 0 | BY74: =D74*BX74 -> 0 | BZ74: =BY74/$BX$2 -> 0 | CB74: =CA74*D74 -> 0 | CC74: =CB74/$CA$2 -> 0 | CE74: =D74*CD74 -> 0 | CF74: =CE74/$CD$2 -> 0 | CH74: =D74*CG74 -> 0 | CI74: =CH74/$CG$2 -> 0 | CK74: =D74*CJ74 -> 0 | CL74: =CK74/$CJ$2 -> 0 | CN74: =D74*CM74 -> 0 | CO74: =CN74/$CM$2 -> 0 | CQ74: =CP74*D74 -> 0 | CR74: =CQ74/$CP$2 -> 0 | CT74: =CS74*G74 -> 0 | CU74: =CT74/$CP$2 -> 0 | CW74: =CV74*D74 -> 0 | CX74: =CW74/$CP$2 -> 0 | CZ74: =CY74*M74 -> 0 | DA74: =CZ74/$CP$2 -> 0 | DC74: =DB74*P74 -> 0 | DD74: =DC74/$CP$2 -> 0 | DF74: =DE74*D74 -> 0 | DG74: =DF74/$CP$2 -> 0 | DI74: =DH74*D74 -> 0 | DJ74: =DI74/$CP$2 -> 0 | DL74: =DK74*D74 -> 0 | DM74: =DL74/$CP$2 -> 0
A75: 68 | B75: Lemon | C75: ليمون | D75: =E75/G75 -> 5.4216867 | E75: =45/10 -> 4.5 | F75: 1 | G75: 0.83 | H75: =D75*15% -> 0.81325301 | I75: =H75+D75 -> 6.2349398 | K75: =J75*D75 -> 0 | L75: =K75/$J$2 -> 0 | N75: =M75*D75 -> 0 | O75: =N75/$M$2 -> 0 | Q75: =P75*D75 -> 0 | R75: =Q75/$P$2 -> 0 | T75: =S75*D75 -> 0 | U75: =T75/$S$2 -> 0 | W75: =V75*D75 -> 0 | X75: =W75/$V$2 -> 0 | Z75: =Y75*D75 -> 0 | AA75: =Z75/$Y$2 -> 0 | AC75: =AB75*D75 -> 0 | AD75: =AC75/$AB$2 -> 0 | AF75: =AE75*D75 -> 0 | AG75: =AF75/$AE$2 -> 0 | AI75: =AH75*D75 -> 0 | AJ75: =AI75/$AH$2 -> 0 | AL75: =AK75*D75 -> 0 | AM75: =AL75/$AK$2 -> 0 | AO75: =AN75*D75 -> 0 | AP75: =AO75/$AN$2 -> 0 | AR75: =AQ75*D75 -> 0 | AS75: =AR75/$AQ$2 -> 0 | AU75: =D75*AT75 -> 0 | AV75: =AU75/$AT$2 -> 0 | AX75: =D75*AW75 -> 0 | AY75: =AX75/$AW$2 -> 0 | BA75: =AZ75*D75 -> 0 | BB75: =BA75/$AZ$2 -> 0 | BD75: =D75*BC75 -> 0 | BE75: =BD75/$BC$2 -> 0 | BG75: =D75*BF75 -> 0 | BH75: =BG75/$BF$2 -> 0 | BJ75: =BI75*D75 -> 0 | BK75: =BJ75/$BI$2 -> 0 | BM75: =BL75*D75 -> 0 | BN75: =BM75/$BL$2 -> 0 | BP75: =BO75*D75 -> 0 | BQ75: =BP75/$BO$2 -> 0 | BS75: =D75*BR75 -> 0 | BT75: =BS75/$BR$2 -> 0 | BV75: =BU75*D75 -> 0 | BW75: =BV75/$BU$2 -> 0 | BY75: =D75*BX75 -> 0 | BZ75: =BY75/$BX$2 -> 0 | CB75: =CA75*D75 -> 0 | CC75: =CB75/$CA$2 -> 0 | CE75: =D75*CD75 -> 0 | CF75: =CE75/$CD$2 -> 0 | CH75: =D75*CG75 -> 0 | CI75: =CH75/$CG$2 -> 0 | CK75: =D75*CJ75 -> 0 | CL75: =CK75/$CJ$2 -> 0 | CN75: =D75*CM75 -> 0 | CO75: =CN75/$CM$2 -> 0 | CQ75: =CP75*D75 -> 0 | CR75: =CQ75/$CP$2 -> 0 | CT75: =CS75*G75 -> 0 | CU75: =CT75/$CP$2 -> 0 | CW75: =CV75*D75 -> 0 | CX75: =CW75/$CP$2 -> 0 | CZ75: =CY75*M75 -> 0 | DA75: =CZ75/$CP$2 -> 0 | DC75: =DB75*P75 -> 0 | DD75: =DC75/$CP$2 -> 0 | DF75: =DE75*D75 -> 0 | DG75: =DF75/$CP$2 -> 0 | DI75: =DH75*D75 -> 0 | DJ75: =DI75/$CP$2 -> 0 | DL75: =DK75*D75 -> 0 | DM75: =DL75/$CP$2 -> 0
A76: 69 | B76: lemon juice | C76: عصير ليمون | D76: =E76/G76 -> 7.8096288 | E76: =85/(12*907)*1000 -> 7.8096288 | F76: 1 | G76: 1 | H76: =D76*15% -> 1.1714443 | I76: =H76+D76 -> 8.9810731 | J76: 0.01 | K76: =J76*D76 -> 0.078096288 | L76: =K76/$J$2 -> 0.0080574476 | N76: =M76*D76 -> 0 | O76: =N76/$M$2 -> 0 | Q76: =P76*D76 -> 0 | R76: =Q76/$P$2 -> 0 | T76: =S76*D76 -> 0 | U76: =T76/$S$2 -> 0 | W76: =V76*D76 -> 0 | X76: =W76/$V$2 -> 0 | Y76: 0.005 | Z76: =Y76*D76 -> 0.039048144 | AA76: =Z76/$Y$2 -> 0.0090897541 | AC76: =AB76*D76 -> 0 | AD76: =AC76/$AB$2 -> 0 | AF76: =AE76*D76 -> 0 | AG76: =AF76/$AE$2 -> 0 | AI76: =AH76*D76 -> 0 | AJ76: =AI76/$AH$2 -> 0 | AL76: =AK76*D76 -> 0 | AM76: =AL76/$AK$2 -> 0 | AN76: 0.05 | AO76: =AN76*D76 -> 0.39048144 | AP76: =AO76/$AN$2 -> 0.095466635 | AR76: =AQ76*D76 -> 0 | AS76: =AR76/$AQ$2 -> 0 | AT76: 0.002 | AU76: =D76*AT76 -> 0.015619258 | AV76: =AU76/$AT$2 -> 0.011545096 | AX76: =D76*AW76 -> 0 | AY76: =AX76/$AW$2 -> 0 | BA76: =AZ76*D76 -> 0 | BB76: =BA76/$AZ$2 -> 0 | BD76: =D76*BC76 -> 0 | BE76: =BD76/$BC$2 -> 0 | BG76: =D76*BF76 -> 0 | BH76: =BG76/$BF$2 -> 0 | BJ76: =BI76*D76 -> 0 | BK76: =BJ76/$BI$2 -> 0 | BM76: =BL76*D76 -> 0 | BN76: =BM76/$BL$2 -> 0 | BP76: =BO76*D76 -> 0 | BQ76: =BP76/$BO$2 -> 0 | BS76: =D76*BR76 -> 0 | BT76: =BS76/$BR$2 -> 0 | BU76: 0.00625 | BV76: =BU76*D76 -> 0.04881018 | BW76: =BV76/$BU$2 -> 0.014560301 | BY76: =D76*BX76 -> 0 | BZ76: =BY76/$BX$2 -> 0 | CB76: =CA76*D76 -> 0 | CC76: =CB76/$CA$2 -> 0 | CD76: 0.001 | CE76: =D76*CD76 -> 0.0078096288 | CF76: =CE76/$CD$2 -> 0.029134019 | CG76: 0.003 | CH76: =D76*CG76 -> 0.023428886 | CI76: =CH76/$CG$2 -> 0.11420974 | CK76: =D76*CJ76 -> 0 | CL76: =CK76/$CJ$2 -> 0 | CM76: 0.001 | CN76: =D76*CM76 -> 0.0078096288 | CO76: =CN76/$CM$2 -> 0.048906085 | CP76: 0.001 | CQ76: =CP76*D76 -> 0.0078096288 | CR76: =CQ76/$CP$2 -> 0.046044088 | CT76: =CS76*G76 -> 0 | CU76: =CT76/$CP$2 -> 0 | CW76: =CV76*D76 -> 0 | CX76: =CW76/$CP$2 -> 0 | CZ76: =CY76*M76 -> 0 | DA76: =CZ76/$CP$2 -> 0 | DC76: =DB76*P76 -> 0 | DD76: =DC76/$CP$2 -> 0 | DE76: =0.2/50 -> 0.004 | DF76: =DE76*D76 -> 0.031238515 | DG76: =DF76/$CP$2 -> 0.18417635 | DI76: =DH76*D76 -> 0 | DJ76: =DI76/$CP$2 -> 0 | DL76: =DK76*D76 -> 0 | DM76: =DL76/$CP$2 -> 0
A77: 70 | B77: Lemon slice | C77: شرائح ليمون | D77: =E77/G77 -> 0.12 | E77: 0.09 | F77: 1 | G77: 0.75 | H77: =D77*15% -> 0.018 | I77: =H77+D77 -> 0.138 | K77: =J77*D77 -> 0 | L77: =K77/$J$2 -> 0 | N77: =M77*D77 -> 0 | O77: =N77/$M$2 -> 0 | Q77: =P77*D77 -> 0 | R77: =Q77/$P$2 -> 0 | T77: =S77*D77 -> 0 | U77: =T77/$S$2 -> 0 | W77: =V77*D77 -> 0 | X77: =W77/$V$2 -> 0 | Z77: =Y77*D77 -> 0 | AA77: =Z77/$Y$2 -> 0 | AC77: =AB77*D77 -> 0 | AD77: =AC77/$AB$2 -> 0 | AF77: =AE77*D77 -> 0 | AG77: =AF77/$AE$2 -> 0 | AI77: =AH77*D77 -> 0 | AJ77: =AI77/$AH$2 -> 0 | AL77: =AK77*D77 -> 0 | AM77: =AL77/$AK$2 -> 0 | AO77: =AN77*D77 -> 0 | AP77: =AO77/$AN$2 -> 0 | AQ77: 3 | AR77: =AQ77*D77 -> 0.36 | AS77: =AR77/$AQ$2 -> 0.082441026 | AU77: =D77*AT77 -> 0 | AV77: =AU77/$AT$2 -> 0 | AX77: =D77*AW77 -> 0 | AY77: =AX77/$AW$2 -> 0 | BA77: =AZ77*D77 -> 0 | BB77: =BA77/$AZ$2 -> 0 | BD77: =D77*BC77 -> 0 | BE77: =BD77/$BC$2 -> 0 | BG77: =D77*BF77 -> 0 | BH77: =BG77/$BF$2 -> 0 | BJ77: =BI77*D77 -> 0 | BK77: =BJ77/$BI$2 -> 0 | BL77: 0.0001 | BM77: =BL77*D77 -> 1.2e-05 | BN77: =BM77/$BL$2 -> 8.8185305e-06 | BP77: =BO77*D77 -> 0 | BQ77: =BP77/$BO$2 -> 0 | BS77: =D77*BR77 -> 0 | BT77: =BS77/$BR$2 -> 0 | BV77: =BU77*D77 -> 0 | BW77: =BV77/$BU$2 -> 0 | BY77: =D77*BX77 -> 0 | BZ77: =BY77/$BX$2 -> 0 | CB77: =CA77*D77 -> 0 | CC77: =CB77/$CA$2 -> 0 | CE77: =D77*CD77 -> 0 | CF77: =CE77/$CD$2 -> 0 | CH77: =D77*CG77 -> 0 | CI77: =CH77/$CG$2 -> 0 | CK77: =D77*CJ77 -> 0 | CL77: =CK77/$CJ$2 -> 0 | CN77: =D77*CM77 -> 0 | CO77: =CN77/$CM$2 -> 0 | CQ77: =CP77*D77 -> 0 | CR77: =CQ77/$CP$2 -> 0 | CT77: =CS77*G77 -> 0 | CU77: =CT77/$CP$2 -> 0 | CW77: =CV77*D77 -> 0 | CX77: =CW77/$CP$2 -> 0 | CZ77: =CY77*M77 -> 0 | DA77: =CZ77/$CP$2 -> 0 | DC77: =DB77*P77 -> 0 | DD77: =DC77/$CP$2 -> 0 | DF77: =DE77*D77 -> 0 | DG77: =DF77/$CP$2 -> 0 | DH77: 1 | DI77: =DH77*D77 -> 0.12 | DJ77: =DI77/$CP$2 -> 0.7074972 | DL77: =DK77*D77 -> 0 | DM77: =DL77/$CP$2 -> 0
A78: 71 | B78: Mayonnaise | C78: مايونيز | D78: =E78/G78 -> 4.9603175 | E78: =75/(3.78*4) -> 4.9603175 | F78: 1 | G78: 1 | H78: =D78*15% -> 0.74404762 | I78: =H78+D78 -> 5.7043651 | K78: =J78*D78 -> 0 | L78: =K78/$J$2 -> 0 | N78: =M78*D78 -> 0 | O78: =N78/$M$2 -> 0 | Q78: =P78*D78 -> 0 | R78: =Q78/$P$2 -> 0 | T78: =S78*D78 -> 0 | U78: =T78/$S$2 -> 0 | W78: =V78*D78 -> 0 | X78: =W78/$V$2 -> 0 | Z78: =Y78*D78 -> 0 | AA78: =Z78/$Y$2 -> 0 | AC78: =AB78*D78 -> 0 | AD78: =AC78/$AB$2 -> 0 | AF78: =AE78*D78 -> 0 | AG78: =AF78/$AE$2 -> 0 | AI78: =AH78*D78 -> 0 | AJ78: =AI78/$AH$2 -> 0 | AL78: =AK78*D78 -> 0 | AM78: =AL78/$AK$2 -> 0 | AO78: =AN78*D78 -> 0 | AP78: =AO78/$AN$2 -> 0 | AR78: =AQ78*D78 -> 0 | AS78: =AR78/$AQ$2 -> 0 | AU78: =D78*AT78 -> 0 | AV78: =AU78/$AT$2 -> 0 | AX78: =D78*AW78 -> 0 | AY78: =AX78/$AW$2 -> 0 | BA78: =AZ78*D78 -> 0 | BB78: =BA78/$AZ$2 -> 0 | BD78: =D78*BC78 -> 0 | BE78: =BD78/$BC$2 -> 0 | BG78: =D78*BF78 -> 0 | BH78: =BG78/$BF$2 -> 0 | BJ78: =BI78*D78 -> 0 | BK78: =BJ78/$BI$2 -> 0 | BM78: =BL78*D78 -> 0 | BN78: =BM78/$BL$2 -> 0 | BP78: =BO78*D78 -> 0 | BQ78: =BP78/$BO$2 -> 0 | BS78: =D78*BR78 -> 0 | BT78: =BS78/$BR$2 -> 0 | BV78: =BU78*D78 -> 0 | BW78: =BV78/$BU$2 -> 0 | BY78: =D78*BX78 -> 0 | BZ78: =BY78/$BX$2 -> 0 | CB78: =CA78*D78 -> 0 | CC78: =CB78/$CA$2 -> 0 | CE78: =D78*CD78 -> 0 | CF78: =CE78/$CD$2 -> 0 | CH78: =D78*CG78 -> 0 | CI78: =CH78/$CG$2 -> 0 | CK78: =D78*CJ78 -> 0 | CL78: =CK78/$CJ$2 -> 0 | CN78: =D78*CM78 -> 0 | CO78: =CN78/$CM$2 -> 0 | CP78: 0.02 | CQ78: =CP78*D78 -> 0.099206349 | CR78: =CQ78/$CP$2 -> 0.58490179 | CT78: =CS78*G78 -> 0 | CU78: =CT78/$CP$2 -> 0 | CW78: =CV78*D78 -> 0 | CX78: =CW78/$CP$2 -> 0 | CZ78: =CY78*M78 -> 0 | DA78: =CZ78/$CP$2 -> 0 | DC78: =DB78*P78 -> 0 | DD78: =DC78/$CP$2 -> 0 | DF78: =DE78*D78 -> 0 | DG78: =DF78/$CP$2 -> 0 | DI78: =DH78*D78 -> 0 | DJ78: =DI78/$CP$2 -> 0 | DL78: =DK78*D78 -> 0 | DM78: =DL78/$CP$2 -> 0
A79: 72 | B79: Milk | C79: حليب | D79: =E79/G79 -> 3.4166667 | E79: =41/12 -> 3.4166667 | F79: 1 | G79: 1 | H79: =D79*15% -> 0.5125 | I79: =H79+D79 -> 3.9291667 | K79: =J79*D79 -> 0 | L79: =K79/$J$2 -> 0 | N79: =M79*D79 -> 0 | O79: =N79/$M$2 -> 0 | Q79: =P79*D79 -> 0 | R79: =Q79/$P$2 -> 0 | T79: =S79*D79 -> 0 | U79: =T79/$S$2 -> 0 | W79: =V79*D79 -> 0 | X79: =W79/$V$2 -> 0 | Z79: =Y79*D79 -> 0 | AA79: =Z79/$Y$2 -> 0 | AC79: =AB79*D79 -> 0 | AD79: =AC79/$AB$2 -> 0 | AF79: =AE79*D79 -> 0 | AG79: =AF79/$AE$2 -> 0 | AI79: =AH79*D79 -> 0 | AJ79: =AI79/$AH$2 -> 0 | AL79: =AK79*D79 -> 0 | AM79: =AL79/$AK$2 -> 0 | AO79: =AN79*D79 -> 0 | AP79: =AO79/$AN$2 -> 0 | AR79: =AQ79*D79 -> 0 | AS79: =AR79/$AQ$2 -> 0 | AU79: =D79*AT79 -> 0 | AV79: =AU79/$AT$2 -> 0 | AX79: =D79*AW79 -> 0 | AY79: =AX79/$AW$2 -> 0 | BA79: =AZ79*D79 -> 0 | BB79: =BA79/$AZ$2 -> 0 | BD79: =D79*BC79 -> 0 | BE79: =BD79/$BC$2 -> 0 | BG79: =D79*BF79 -> 0 | BH79: =BG79/$BF$2 -> 0 | BJ79: =BI79*D79 -> 0 | BK79: =BJ79/$BI$2 -> 0 | BM79: =BL79*D79 -> 0 | BN79: =BM79/$BL$2 -> 0 | BP79: =BO79*D79 -> 0 | BQ79: =BP79/$BO$2 -> 0 | BS79: =D79*BR79 -> 0 | BT79: =BS79/$BR$2 -> 0 | BV79: =BU79*D79 -> 0 | BW79: =BV79/$BU$2 -> 0 | BY79: =D79*BX79 -> 0 | BZ79: =BY79/$BX$2 -> 0 | CB79: =CA79*D79 -> 0 | CC79: =CB79/$CA$2 -> 0 | CE79: =D79*CD79 -> 0 | CF79: =CE79/$CD$2 -> 0 | CH79: =D79*CG79 -> 0 | CI79: =CH79/$CG$2 -> 0 | CJ79: 0.006 | CK79: =D79*CJ79 -> 0.0205 | CL79: =CK79/$CJ$2 -> 0.053452232 | CN79: =D79*CM79 -> 0 | CO79: =CN79/$CM$2 -> 0 | CQ79: =CP79*D79 -> 0 | CR79: =CQ79/$CP$2 -> 0 | CT79: =CS79*G79 -> 0 | CU79: =CT79/$CP$2 -> 0 | CW79: =CV79*D79 -> 0 | CX79: =CW79/$CP$2 -> 0 | CZ79: =CY79*M79 -> 0 | DA79: =CZ79/$CP$2 -> 0 | DC79: =DB79*P79 -> 0 | DD79: =DC79/$CP$2 -> 0 | DF79: =DE79*D79 -> 0 | DG79: =DF79/$CP$2 -> 0 | DI79: =DH79*D79 -> 0 | DJ79: =DI79/$CP$2 -> 0 | DL79: =DK79*D79 -> 0 | DM79: =DL79/$CP$2 -> 0
A80: 73 | B80: Mint leafs | C80: أوراق النعناع | D80: =E80/G80 -> 1.6666667 | E80: =10/6 -> 1.6666667 | F80: 1 | G80: 1 | H80: =D80*15% -> 0.25 | I80: =H80+D80 -> 1.9166667 | K80: =J80*D80 -> 0 | L80: =K80/$J$2 -> 0 | N80: =M80*D80 -> 0 | O80: =N80/$M$2 -> 0 | Q80: =P80*D80 -> 0 | R80: =Q80/$P$2 -> 0 | T80: =S80*D80 -> 0 | U80: =T80/$S$2 -> 0 | W80: =V80*D80 -> 0 | X80: =W80/$V$2 -> 0 | Z80: =Y80*D80 -> 0 | AA80: =Z80/$Y$2 -> 0 | AC80: =AB80*D80 -> 0 | AD80: =AC80/$AB$2 -> 0 | AF80: =AE80*D80 -> 0 | AG80: =AF80/$AE$2 -> 0 | AI80: =AH80*D80 -> 0 | AJ80: =AI80/$AH$2 -> 0 | AK80: 0.01 | AL80: =AK80*D80 -> 0.016666667 | AM80: =AL80/$AK$2 -> 0.0067976745 | AO80: =AN80*D80 -> 0 | AP80: =AO80/$AN$2 -> 0 | AR80: =AQ80*D80 -> 0 | AS80: =AR80/$AQ$2 -> 0 | AT80: 0.01 | AU80: =D80*AT80 -> 0.016666667 | AV80: =AU80/$AT$2 -> 0.012319296 | AX80: =D80*AW80 -> 0 | AY80: =AX80/$AW$2 -> 0 | BA80: =AZ80*D80 -> 0 | BB80: =BA80/$AZ$2 -> 0 | BD80: =D80*BC80 -> 0 | BE80: =BD80/$BC$2 -> 0 | BF80: 0.001 | BG80: =D80*BF80 -> 0.0016666667 | BH80: =BG80/$BF$2 -> 0.00054579003 | BJ80: =BI80*D80 -> 0 | BK80: =BJ80/$BI$2 -> 0 | BM80: =BL80*D80 -> 0 | BN80: =BM80/$BL$2 -> 0 | BP80: =BO80*D80 -> 0 | BQ80: =BP80/$BO$2 -> 0 | BS80: =D80*BR80 -> 0 | BT80: =BS80/$BR$2 -> 0 | BV80: =BU80*D80 -> 0 | BW80: =BV80/$BU$2 -> 0 | BY80: =D80*BX80 -> 0 | BZ80: =BY80/$BX$2 -> 0 | CB80: =CA80*D80 -> 0 | CC80: =CB80/$CA$2 -> 0 | CE80: =D80*CD80 -> 0 | CF80: =CE80/$CD$2 -> 0 | CH80: =D80*CG80 -> 0 | CI80: =CH80/$CG$2 -> 0 | CK80: =D80*CJ80 -> 0 | CL80: =CK80/$CJ$2 -> 0 | CN80: =D80*CM80 -> 0 | CO80: =CN80/$CM$2 -> 0 | CQ80: =CP80*D80 -> 0 | CR80: =CQ80/$CP$2 -> 0 | CT80: =CS80*G80 -> 0 | CU80: =CT80/$CP$2 -> 0 | CW80: =CV80*D80 -> 0 | CX80: =CW80/$CP$2 -> 0 | CZ80: =CY80*M80 -> 0 | DA80: =CZ80/$CP$2 -> 0 | DC80: =DB80*P80 -> 0 | DD80: =DC80/$CP$2 -> 0 | DF80: =DE80*D80 -> 0 | DG80: =DF80/$CP$2 -> 0 | DI80: =DH80*D80 -> 0 | DJ80: =DI80/$CP$2 -> 0 | DL80: =DK80*D80 -> 0 | DM80: =DL80/$CP$2 -> 0
A81: 74 | B81: MOLASSES | C81: دبس | D81: =E81/G81 -> 5.4166667 | E81: =65/(4*3) -> 5.4166667 | F81: 1 | G81: 1 | H81: =D81*15% -> 0.8125 | I81: =H81+D81 -> 6.2291667 | K81: =J81*D81 -> 0 | L81: =K81/$J$2 -> 0 | N81: =M81*D81 -> 0 | O81: =N81/$M$2 -> 0 | Q81: =P81*D81 -> 0 | R81: =Q81/$P$2 -> 0 | T81: =S81*D81 -> 0 | U81: =T81/$S$2 -> 0 | W81: =V81*D81 -> 0 | X81: =W81/$V$2 -> 0 | Z81: =Y81*D81 -> 0 | AA81: =Z81/$Y$2 -> 0 | AC81: =AB81*D81 -> 0 | AD81: =AC81/$AB$2 -> 0 | AF81: =AE81*D81 -> 0 | AG81: =AF81/$AE$2 -> 0 | AI81: =AH81*D81 -> 0 | AJ81: =AI81/$AH$2 -> 0 | AL81: =AK81*D81 -> 0 | AM81: =AL81/$AK$2 -> 0 | AN81: 0.05 | AO81: =AN81*D81 -> 0.27083333 | AP81: =AO81/$AN$2 -> 0.066214535 | AR81: =AQ81*D81 -> 0 | AS81: =AR81/$AQ$2 -> 0 | AU81: =D81*AT81 -> 0 | AV81: =AU81/$AT$2 -> 0 | AX81: =D81*AW81 -> 0 | AY81: =AX81/$AW$2 -> 0 | BA81: =AZ81*D81 -> 0 | BB81: =BA81/$AZ$2 -> 0 | BD81: =D81*BC81 -> 0 | BE81: =BD81/$BC$2 -> 0 | BF81: 0.01 | BG81: =D81*BF81 -> 0.054166667 | BH81: =BG81/$BF$2 -> 0.017738176 | BJ81: =BI81*D81 -> 0 | BK81: =BJ81/$BI$2 -> 0 | BM81: =BL81*D81 -> 0 | BN81: =BM81/$BL$2 -> 0 | BP81: =BO81*D81 -> 0 | BQ81: =BP81/$BO$2 -> 0 | BS81: =D81*BR81 -> 0 | BT81: =BS81/$BR$2 -> 0 | BV81: =BU81*D81 -> 0 | BW81: =BV81/$BU$2 -> 0 | BY81: =D81*BX81 -> 0 | BZ81: =BY81/$BX$2 -> 0 | CB81: =CA81*D81 -> 0 | CC81: =CB81/$CA$2 -> 0 | CE81: =D81*CD81 -> 0 | CF81: =CE81/$CD$2 -> 0 | CH81: =D81*CG81 -> 0 | CI81: =CH81/$CG$2 -> 0 | CK81: =D81*CJ81 -> 0 | CL81: =CK81/$CJ$2 -> 0 | CN81: =D81*CM81 -> 0 | CO81: =CN81/$CM$2 -> 0 | CQ81: =CP81*D81 -> 0 | CR81: =CQ81/$CP$2 -> 0 | CT81: =CS81*G81 -> 0 | CU81: =CT81/$CP$2 -> 0 | CW81: =CV81*D81 -> 0 | CX81: =CW81/$CP$2 -> 0 | CZ81: =CY81*M81 -> 0 | DA81: =CZ81/$CP$2 -> 0 | DB81: 0.02 | DC81: =DB81*P81 -> 0 | DD81: =DC81/$CP$2 -> 0 | DE81: =0.3/50 -> 0.006 | DF81: =DE81*D81 -> 0.0325 | DG81: =DF81/$CP$2 -> 0.19161383 | DI81: =DH81*D81 -> 0 | DJ81: =DI81/$CP$2 -> 0 | DL81: =DK81*D81 -> 0 | DM81: =DL81/$CP$2 -> 0
A82: 75 | B82: mutton boneless | C82: لحم ضأن منزوع العظم | D82: =E82/G82 -> 52.5 | E82: 42 | F82: 1 | G82: 0.8 | H82: =D82*15% -> 7.875 | I82: =H82+D82 -> 60.375 | K82: =J82*D82 -> 0 | L82: =K82/$J$2 -> 0 | N82: =M82*D82 -> 0 | O82: =N82/$M$2 -> 0 | Q82: =P82*D82 -> 0 | R82: =Q82/$P$2 -> 0 | T82: =S82*D82 -> 0 | U82: =T82/$S$2 -> 0 | W82: =V82*D82 -> 0 | X82: =W82/$V$2 -> 0 | Z82: =Y82*D82 -> 0 | AA82: =Z82/$Y$2 -> 0 | AC82: =AB82*D82 -> 0 | AD82: =AC82/$AB$2 -> 0 | AF82: =AE82*D82 -> 0 | AG82: =AF82/$AE$2 -> 0 | AI82: =AH82*D82 -> 0 | AJ82: =AI82/$AH$2 -> 0 | AL82: =AK82*D82 -> 0 | AM82: =AL82/$AK$2 -> 0 | AO82: =AN82*D82 -> 0 | AP82: =AO82/$AN$2 -> 0 | AR82: =AQ82*D82 -> 0 | AS82: =AR82/$AQ$2 -> 0 | AU82: =D82*AT82 -> 0 | AV82: =AU82/$AT$2 -> 0 | AX82: =D82*AW82 -> 0 | AY82: =AX82/$AW$2 -> 0 | BA82: =AZ82*D82 -> 0 | BB82: =BA82/$AZ$2 -> 0 | BD82: =D82*BC82 -> 0 | BE82: =BD82/$BC$2 -> 0 | BG82: =D82*BF82 -> 0 | BH82: =BG82/$BF$2 -> 0 | BJ82: =BI82*D82 -> 0 | BK82: =BJ82/$BI$2 -> 0 | BM82: =BL82*D82 -> 0 | BN82: =BM82/$BL$2 -> 0 | BP82: =BO82*D82 -> 0 | BQ82: =BP82/$BO$2 -> 0 | BS82: =D82*BR82 -> 0 | BT82: =BS82/$BR$2 -> 0 | BV82: =BU82*D82 -> 0 | BW82: =BV82/$BU$2 -> 0 | BY82: =D82*BX82 -> 0 | BZ82: =BY82/$BX$2 -> 0 | CB82: =CA82*D82 -> 0 | CC82: =CB82/$CA$2 -> 0 | CE82: =D82*CD82 -> 0 | CF82: =CE82/$CD$2 -> 0 | CH82: =D82*CG82 -> 0 | CI82: =CH82/$CG$2 -> 0 | CK82: =D82*CJ82 -> 0 | CL82: =CK82/$CJ$2 -> 0 | CN82: =D82*CM82 -> 0 | CO82: =CN82/$CM$2 -> 0 | CQ82: =CP82*D82 -> 0 | CR82: =CQ82/$CP$2 -> 0 | CT82: =CS82*G82 -> 0 | CU82: =CT82/$CP$2 -> 0 | CW82: =CV82*D82 -> 0 | CX82: =CW82/$CP$2 -> 0 | CZ82: =CY82*M82 -> 0 | DA82: =CZ82/$CP$2 -> 0 | DC82: =DB82*P82 -> 0 | DD82: =DC82/$CP$2 -> 0 | DF82: =DE82*D82 -> 0 | DG82: =DF82/$CP$2 -> 0 | DI82: =DH82*D82 -> 0 | DJ82: =DI82/$CP$2 -> 0 | DL82: =DK82*D82 -> 0 | DM82: =DL82/$CP$2 -> 0
A83: 76 | B83: nutmeg | C83: جوز الطيب | D83: =E83/G83 -> 84 | E83: =84 -> 84 | F83: 1 | G83: 1 | H83: =D83*15% -> 12.6 | I83: =H83+D83 -> 96.6 | K83: =J83*D83 -> 0 | L83: =K83/$J$2 -> 0 | N83: =M83*D83 -> 0 | O83: =N83/$M$2 -> 0 | Q83: =P83*D83 -> 0 | R83: =Q83/$P$2 -> 0 | T83: =S83*D83 -> 0 | U83: =T83/$S$2 -> 0 | W83: =V83*D83 -> 0 | X83: =W83/$V$2 -> 0 | Z83: =Y83*D83 -> 0 | AA83: =Z83/$Y$2 -> 0 | AC83: =AB83*D83 -> 0 | AD83: =AC83/$AB$2 -> 0 | AF83: =AE83*D83 -> 0 | AG83: =AF83/$AE$2 -> 0 | AI83: =AH83*D83 -> 0 | AJ83: =AI83/$AH$2 -> 0 | AL83: =AK83*D83 -> 0 | AM83: =AL83/$AK$2 -> 0 | AO83: =AN83*D83 -> 0 | AP83: =AO83/$AN$2 -> 0 | AR83: =AQ83*D83 -> 0 | AS83: =AR83/$AQ$2 -> 0 | AU83: =D83*AT83 -> 0 | AV83: =AU83/$AT$2 -> 0 | AX83: =D83*AW83 -> 0 | AY83: =AX83/$AW$2 -> 0 | BA83: =AZ83*D83 -> 0 | BB83: =BA83/$AZ$2 -> 0 | BD83: =D83*BC83 -> 0 | BE83: =BD83/$BC$2 -> 0 | BG83: =D83*BF83 -> 0 | BH83: =BG83/$BF$2 -> 0 | BJ83: =BI83*D83 -> 0 | BK83: =BJ83/$BI$2 -> 0 | BM83: =BL83*D83 -> 0 | BN83: =BM83/$BL$2 -> 0 | BP83: =BO83*D83 -> 0 | BQ83: =BP83/$BO$2 -> 0 | BS83: =D83*BR83 -> 0 | BT83: =BS83/$BR$2 -> 0 | BV83: =BU83*D83 -> 0 | BW83: =BV83/$BU$2 -> 0 | BY83: =D83*BX83 -> 0 | BZ83: =BY83/$BX$2 -> 0 | CB83: =CA83*D83 -> 0 | CC83: =CB83/$CA$2 -> 0 | CE83: =D83*CD83 -> 0 | CF83: =CE83/$CD$2 -> 0 | CH83: =D83*CG83 -> 0 | CI83: =CH83/$CG$2 -> 0 | CK83: =D83*CJ83 -> 0 | CL83: =CK83/$CJ$2 -> 0 | CN83: =D83*CM83 -> 0 | CO83: =CN83/$CM$2 -> 0 | CQ83: =CP83*D83 -> 0 | CR83: =CQ83/$CP$2 -> 0 | CT83: =CS83*G83 -> 0 | CU83: =CT83/$CP$2 -> 0 | CW83: =CV83*D83 -> 0 | CX83: =CW83/$CP$2 -> 0 | CZ83: =CY83*M83 -> 0 | DA83: =CZ83/$CP$2 -> 0 | DC83: =DB83*P83 -> 0 | DD83: =DC83/$CP$2 -> 0 | DF83: =DE83*D83 -> 0 | DG83: =DF83/$CP$2 -> 0 | DI83: =DH83*D83 -> 0 | DJ83: =DI83/$CP$2 -> 0 | DL83: =DK83*D83 -> 0 | DM83: =DL83/$CP$2 -> 0
A84: 77 | B84: Olive oil | C84: زيت الزيتون | D84: =E84/G84 -> 13.6 | E84: =136/10 -> 13.6 | F84: 1 | G84: 1 | H84: =D84*15% -> 2.04 | I84: =H84+D84 -> 15.64 | J84: 0.01 | K84: =J84*D84 -> 0.136 | L84: =K84/$J$2 -> 0.014031562 | N84: =M84*D84 -> 0 | O84: =N84/$M$2 -> 0 | P84: 0.005 | Q84: =P84*D84 -> 0.068 | R84: =Q84/$P$2 -> 0.01629692 | T84: =S84*D84 -> 0 | U84: =T84/$S$2 -> 0 | W84: =V84*D84 -> 0 | X84: =W84/$V$2 -> 0 | Y84: 0.01 | Z84: =Y84*D84 -> 0.136 | AA84: =Z84/$Y$2 -> 0.031658523 | AC84: =AB84*D84 -> 0 | AD84: =AC84/$AB$2 -> 0 | AE84: 0.01 | AF84: =AE84*D84 -> 0.136 | AG84: =AF84/$AE$2 -> 0.047267685 | AI84: =AH84*D84 -> 0 | AJ84: =AI84/$AH$2 -> 0 | AL84: =AK84*D84 -> 0 | AM84: =AL84/$AK$2 -> 0 | AN84: 0.01 | AO84: =AN84*D84 -> 0.136 | AP84: =AO84/$AN$2 -> 0.033249883 | AR84: =AQ84*D84 -> 0 | AS84: =AR84/$AQ$2 -> 0 | AT84: 0.012 | AU84: =D84*AT84 -> 0.1632 | AV84: =AU84/$AT$2 -> 0.12063055 | AW84: 0.0125 | AX84: =D84*AW84 -> 0.17 | AY84: =AX84/$AW$2 -> 0.077656664 | AZ84: 0.025 | BA84: =AZ84*D84 -> 0.34 | BB84: =BA84/$AZ$2 -> 0.08648282 | BC84: 0.01 | BD84: =D84*BC84 -> 0.136 | BE84: =BD84/$BC$2 -> 0.094188048 | BF84: 0.01 | BG84: =D84*BF84 -> 0.136 | BH84: =BG84/$BF$2 -> 0.044536466 | BJ84: =BI84*D84 -> 0 | BK84: =BJ84/$BI$2 -> 0 | BM84: =BL84*D84 -> 0 | BN84: =BM84/$BL$2 -> 0 | BP84: =BO84*D84 -> 0 | BQ84: =BP84/$BO$2 -> 0 | BS84: =D84*BR84 -> 0 | BT84: =BS84/$BR$2 -> 0 | BV84: =BU84*D84 -> 0 | BW84: =BV84/$BU$2 -> 0 | BX84: 0.01 | BY84: =D84*BX84 -> 0.136 | BZ84: =BY84/$BX$2 -> 0.072899311 | CA84: 0.01 | CB84: =CA84*D84 -> 0.136 | CC84: =CB84/$CA$2 -> 0.037915512 | CE84: =D84*CD84 -> 0 | CF84: =CE84/$CD$2 -> 0 | CH84: =D84*CG84 -> 0 | CI84: =CH84/$CG$2 -> 0 | CK84: =D84*CJ84 -> 0 | CL84: =CK84/$CJ$2 -> 0 | CN84: =D84*CM84 -> 0 | CO84: =CN84/$CM$2 -> 0 | CQ84: =CP84*D84 -> 0 | CR84: =CQ84/$CP$2 -> 0 | CS84: 0.06 | CT84: =CS84*D84 -> 0.816 | CU84: =CT84/$CP$2 -> 4.810981 | CV84: 0.3 | CW84: =CV84*D84 -> 4.08 | CX84: =CW84/$CP$2 -> 24.054905 | CY84: 0.05 | CZ84: =CY84*D84 -> 0.68 | DA84: =CZ84/$CP$2 -> 4.0091508 | DB84: 0.05 | DC84: =DB84*P84 -> 0.00025 | DD84: =DC84/$CP$2 -> 0.0014739525 | DE84: =0.5/50 -> 0.01 | DF84: =DE84*D84 -> 0.136 | DG84: =DF84/$CP$2 -> 0.80183016 | DI84: =DH84*D84 -> 0 | DJ84: =DI84/$CP$2 -> 0 | DK84: 0.02 | DL84: =DK84*D84 -> 0.272 | DM84: =DL84/$CP$2 -> 1.6036603
A85: 78 | B85: Onions Slice | C85: بصل شرائح | D85: =E85/G85 -> 1.6666667 | E85: =15/10 -> 1.5 | F85: 1 | G85: 0.9 | H85: =D85*15% -> 0.25 | I85: =H85+D85 -> 1.9166667 | K85: =J85*D85 -> 0 | L85: =K85/$J$2 -> 0 | N85: =M85*D85 -> 0 | O85: =N85/$M$2 -> 0 | Q85: =P85*D85 -> 0 | R85: =Q85/$P$2 -> 0 | T85: =S85*D85 -> 0 | U85: =T85/$S$2 -> 0 | W85: =V85*D85 -> 0 | X85: =W85/$V$2 -> 0 | Y85: 0.02 | Z85: =Y85*D85 -> 0.033333333 | AA85: =Z85/$Y$2 -> 0.0077594419 | AC85: =AB85*D85 -> 0 | AD85: =AC85/$AB$2 -> 0 | AF85: =AE85*D85 -> 0 | AG85: =AF85/$AE$2 -> 0 | AI85: =AH85*D85 -> 0 | AJ85: =AI85/$AH$2 -> 0 | AL85: =AK85*D85 -> 0 | AM85: =AL85/$AK$2 -> 0 | AO85: =AN85*D85 -> 0 | AP85: =AO85/$AN$2 -> 0 | AR85: =AQ85*D85 -> 0 | AS85: =AR85/$AQ$2 -> 0 | AU85: =D85*AT85 -> 0 | AV85: =AU85/$AT$2 -> 0 | AX85: =D85*AW85 -> 0 | AY85: =AX85/$AW$2 -> 0 | BA85: =AZ85*D85 -> 0 | BB85: =BA85/$AZ$2 -> 0 | BD85: =D85*BC85 -> 0 | BE85: =BD85/$BC$2 -> 0 | BG85: =D85*BF85 -> 0 | BH85: =BG85/$BF$2 -> 0 | BJ85: =BI85*D85 -> 0 | BK85: =BJ85/$BI$2 -> 0 | BM85: =BL85*D85 -> 0 | BN85: =BM85/$BL$2 -> 0 | BP85: =BO85*D85 -> 0 | BQ85: =BP85/$BO$2 -> 0 | BS85: =D85*BR85 -> 0 | BT85: =BS85/$BR$2 -> 0 | BV85: =BU85*D85 -> 0 | BW85: =BV85/$BU$2 -> 0 | BY85: =D85*BX85 -> 0 | BZ85: =BY85/$BX$2 -> 0 | CB85: =CA85*D85 -> 0 | CC85: =CB85/$CA$2 -> 0 | CE85: =D85*CD85 -> 0 | CF85: =CE85/$CD$2 -> 0 | CH85: =D85*CG85 -> 0 | CI85: =CH85/$CG$2 -> 0 | CK85: =D85*CJ85 -> 0 | CL85: =CK85/$CJ$2 -> 0 | CN85: =D85*CM85 -> 0 | CO85: =CN85/$CM$2 -> 0 | CQ85: =CP85*D85 -> 0 | CR85: =CQ85/$CP$2 -> 0 | CT85: =CS85*G85 -> 0 | CU85: =CT85/$CP$2 -> 0 | CW85: =CV85*D85 -> 0 | CX85: =CW85/$CP$2 -> 0 | CZ85: =CY85*M85 -> 0 | DA85: =CZ85/$CP$2 -> 0 | DC85: =DB85*P85 -> 0 | DD85: =DC85/$CP$2 -> 0 | DF85: =DE85*D85 -> 0 | DG85: =DF85/$CP$2 -> 0 | DI85: =DH85*D85 -> 0 | DJ85: =DI85/$CP$2 -> 0 | DL85: =DK85*D85 -> 0 | DM85: =DL85/$CP$2 -> 0
A86: 79 | B86: Onions | C86: البصل | D86: =E86/G86 -> 1.5789474 | E86: =15/10 -> 1.5 | F86: 1 | G86: 0.95 | H86: =D86*15% -> 0.23684211 | I86: =H86+D86 -> 1.8157895 | K86: =J86*D86 -> 0 | L86: =K86/$J$2 -> 0 | N86: =M86*D86 -> 0 | O86: =N86/$M$2 -> 0 | Q86: =P86*D86 -> 0 | R86: =Q86/$P$2 -> 0 | S86: 0.005 | T86: =S86*D86 -> 0.0078947368 | U86: =T86/$S$2 -> 0.0015683093 | V86: 0.02 | W86: =V86*D86 -> 0.031578947 | X86: =W86/$V$2 -> 0.0047603204 | Z86: =Y86*D86 -> 0 | AA86: =Z86/$Y$2 -> 0 | AB86: 0.01 | AC86: =AB86*D86 -> 0.015789474 | AD86: =AC86/$AB$2 -> 0.0042802434 | AF86: =AE86*D86 -> 0 | AG86: =AF86/$AE$2 -> 0 | AH86: 0.01 | AI86: =AH86*D86 -> 0.015789474 | AJ86: =AI86/$AH$2 -> 0.013881056 | AK86: 0.01 | AL86: =AK86*D86 -> 0.015789474 | AM86: =AL86/$AK$2 -> 0.0064399021 | AN86: 0.1 | AO86: =AN86*D86 -> 0.15789474 | AP86: =AO86/$AN$2 -> 0.038602806 | AR86: =AQ86*D86 -> 0 | AS86: =AR86/$AQ$2 -> 0 | AT86: 0.04 | AU86: =D86*AT86 -> 0.063157895 | AV86: =AU86/$AT$2 -> 0.046683649 | AX86: =D86*AW86 -> 0 | AY86: =AX86/$AW$2 -> 0 | BA86: =AZ86*D86 -> 0 | BB86: =BA86/$AZ$2 -> 0 | BD86: =D86*BC86 -> 0 | BE86: =BD86/$BC$2 -> 0 | BG86: =D86*BF86 -> 0 | BH86: =BG86/$BF$2 -> 0 | BI86: 0.1 | BJ86: =BI86*D86 -> 0.15789474 | BK86: =BJ86/$BI$2 -> 0.045824473 | BM86: =BL86*D86 -> 0 | BN86: =BM86/$BL$2 -> 0 | BO86: 0.004 | BP86: =BO86*D86 -> 0.0063157895 | BQ86: =BP86/$BO$2 -> 0.0027491704 | BS86: =D86*BR86 -> 0 | BT86: =BS86/$BR$2 -> 0 | BV86: =BU86*D86 -> 0 | BW86: =BV86/$BU$2 -> 0 | BY86: =D86*BX86 -> 0 | BZ86: =BY86/$BX$2 -> 0 | CB86: =CA86*D86 -> 0 | CC86: =CB86/$CA$2 -> 0 | CE86: =D86*CD86 -> 0 | CF86: =CE86/$CD$2 -> 0 | CH86: =D86*CG86 -> 0 | CI86: =CH86/$CG$2 -> 0 | CK86: =D86*CJ86 -> 0 | CL86: =CK86/$CJ$2 -> 0 | CN86: =D86*CM86 -> 0 | CO86: =CN86/$CM$2 -> 0 | CQ86: =CP86*D86 -> 0 | CR86: =CQ86/$CP$2 -> 0 | CT86: =CS86*G86 -> 0 | CU86: =CT86/$CP$2 -> 0 | CW86: =CV86*D86 -> 0 | CX86: =CW86/$CP$2 -> 0 | CZ86: =CY86*M86 -> 0 | DA86: =CZ86/$CP$2 -> 0 | DB86: 0.1 | DC86: =DB86*D86 -> 0.15789474 | DD86: =DC86/$CP$2 -> 0.93091737 | DF86: =DE86*D86 -> 0 | DG86: =DF86/$CP$2 -> 0 | DH86: =0.5/15 -> 0.033333333 | DI86: =DH86*D86 -> 0.052631579 | DJ86: =DI86/$CP$2 -> 0.31030579 | DK86: 0.1 | DL86: =DK86*D86 -> 0.15789474 | DM86: =DL86/$CP$2 -> 0.93091737
A87: 80 | B87: Oreagano | C87: أوريغانو | D87: =E87/G87 -> 44.014085 | E87: =75/(12*142)*1000 -> 44.014085 | F87: 1 | G87: 1 | H87: =D87*15% -> 6.6021127 | I87: =H87+D87 -> 50.616197 | J87: 0.002 | K87: =J87*D87 -> 0.088028169 | L87: =K87/$J$2 -> 0.009082152 | N87: =M87*D87 -> 0 | O87: =N87/$M$2 -> 0 | Q87: =P87*D87 -> 0 | R87: =Q87/$P$2 -> 0 | T87: =S87*D87 -> 0 | U87: =T87/$S$2 -> 0 | W87: =V87*D87 -> 0 | X87: =W87/$V$2 -> 0 | Y87: 0.001 | Z87: =Y87*D87 -> 0.044014085 | AA87: =Z87/$Y$2 -> 0.010245742 | AC87: =AB87*D87 -> 0 | AD87: =AC87/$AB$2 -> 0 | AF87: =AE87*D87 -> 0 | AG87: =AF87/$AE$2 -> 0 | AI87: =AH87*D87 -> 0 | AJ87: =AI87/$AH$2 -> 0 | AL87: =AK87*D87 -> 0 | AM87: =AL87/$AK$2 -> 0 | AO87: =AN87*D87 -> 0 | AP87: =AO87/$AN$2 -> 0 | AR87: =AQ87*D87 -> 0 | AS87: =AR87/$AQ$2 -> 0 | AU87: =D87*AT87 -> 0 | AV87: =AU87/$AT$2 -> 0 | AX87: =D87*AW87 -> 0 | AY87: =AX87/$AW$2 -> 0 | BA87: =AZ87*D87 -> 0 | BB87: =BA87/$AZ$2 -> 0 | BD87: =D87*BC87 -> 0 | BE87: =BD87/$BC$2 -> 0 | BG87: =D87*BF87 -> 0 | BH87: =BG87/$BF$2 -> 0 | BJ87: =BI87*D87 -> 0 | BK87: =BJ87/$BI$2 -> 0 | BM87: =BL87*D87 -> 0 | BN87: =BM87/$BL$2 -> 0 | BP87: =BO87*D87 -> 0 | BQ87: =BP87/$BO$2 -> 0 | BS87: =D87*BR87 -> 0 | BT87: =BS87/$BR$2 -> 0 | BV87: =BU87*D87 -> 0 | BW87: =BV87/$BU$2 -> 0 | BY87: =D87*BX87 -> 0 | BZ87: =BY87/$BX$2 -> 0 | CB87: =CA87*D87 -> 0 | CC87: =CB87/$CA$2 -> 0 | CE87: =D87*CD87 -> 0 | CF87: =CE87/$CD$2 -> 0 | CH87: =D87*CG87 -> 0 | CI87: =CH87/$CG$2 -> 0 | CK87: =D87*CJ87 -> 0 | CL87: =CK87/$CJ$2 -> 0 | CN87: =D87*CM87 -> 0 | CO87: =CN87/$CM$2 -> 0 | CQ87: =CP87*D87 -> 0 | CR87: =CQ87/$CP$2 -> 0 | CT87: =CS87*G87 -> 0 | CU87: =CT87/$CP$2 -> 0 | CW87: =CV87*D87 -> 0 | CX87: =CW87/$CP$2 -> 0 | CZ87: =CY87*M87 -> 0 | DA87: =CZ87/$CP$2 -> 0 | DC87: =DB87*P87 -> 0 | DD87: =DC87/$CP$2 -> 0 | DF87: =DE87*D87 -> 0 | DG87: =DF87/$CP$2 -> 0 | DI87: =DH87*D87 -> 0 | DJ87: =DI87/$CP$2 -> 0 | DL87: =DK87*D87 -> 0 | DM87: =DL87/$CP$2 -> 0
A88: 81 | B88: PAPRIKA | C88: الفلفل الحلو | D88: =E88/G88 -> 49.559471 | E88: =135/(6*0.454) -> 49.559471 | F88: 1 | G88: 1 | H88: =D88*15% -> 7.4339207 | I88: =H88+D88 -> 56.993392 | K88: =J88*D88 -> 0 | L88: =K88/$J$2 -> 0 | N88: =M88*D88 -> 0 | O88: =N88/$M$2 -> 0 | Q88: =P88*D88 -> 0 | R88: =Q88/$P$2 -> 0 | T88: =S88*D88 -> 0 | U88: =T88/$S$2 -> 0 | W88: =V88*D88 -> 0 | X88: =W88/$V$2 -> 0 | Z88: =Y88*D88 -> 0 | AA88: =Z88/$Y$2 -> 0 | AC88: =AB88*D88 -> 0 | AD88: =AC88/$AB$2 -> 0 | AF88: =AE88*D88 -> 0 | AG88: =AF88/$AE$2 -> 0 | AI88: =AH88*D88 -> 0 | AJ88: =AI88/$AH$2 -> 0 | AL88: =AK88*D88 -> 0 | AM88: =AL88/$AK$2 -> 0 | AO88: =AN88*D88 -> 0 | AP88: =AO88/$AN$2 -> 0 | AR88: =AQ88*D88 -> 0 | AS88: =AR88/$AQ$2 -> 0 | AU88: =D88*AT88 -> 0 | AV88: =AU88/$AT$2 -> 0 | AW88: 0.00063 | AX88: =D88*AW88 -> 0.031222467 | AY88: =AX88/$AW$2 -> 0.014262545 | BA88: =AZ88*D88 -> 0 | BB88: =BA88/$AZ$2 -> 0 | BD88: =D88*BC88 -> 0 | BE88: =BD88/$BC$2 -> 0 | BG88: =D88*BF88 -> 0 | BH88: =BG88/$BF$2 -> 0 | BJ88: =BI88*D88 -> 0 | BK88: =BJ88/$BI$2 -> 0 | BM88: =BL88*D88 -> 0 | BN88: =BM88/$BL$2 -> 0 | BP88: =BO88*D88 -> 0 | BQ88: =BP88/$BO$2 -> 0 | BS88: =D88*BR88 -> 0 | BT88: =BS88/$BR$2 -> 0 | BU88: 0.00125 | BV88: =BU88*D88 -> 0.061949339 | BW88: =BV88/$BU$2 -> 0.018479773 | BY88: =D88*BX88 -> 0 | BZ88: =BY88/$BX$2 -> 0 | CA88: 0.005 | CB88: =CA88*D88 -> 0.24779736 | CC88: =CB88/$CA$2 -> 0.069083557 | CE88: =D88*CD88 -> 0 | CF88: =CE88/$CD$2 -> 0 | CH88: =D88*CG88 -> 0 | CI88: =CH88/$CG$2 -> 0 | CK88: =D88*CJ88 -> 0 | CL88: =CK88/$CJ$2 -> 0 | CN88: =D88*CM88 -> 0 | CO88: =CN88/$CM$2 -> 0 | CQ88: =CP88*D88 -> 0 | CR88: =CQ88/$CP$2 -> 0 | CT88: =CS88*G88 -> 0 | CU88: =CT88/$CP$2 -> 0 | CW88: =CV88*D88 -> 0 | CX88: =CW88/$CP$2 -> 0 | CZ88: =CY88*M88 -> 0 | DA88: =CZ88/$CP$2 -> 0 | DC88: =DB88*P88 -> 0 | DD88: =DC88/$CP$2 -> 0 | DF88: =DE88*D88 -> 0 | DG88: =DF88/$CP$2 -> 0 | DI88: =DH88*D88 -> 0 | DJ88: =DI88/$CP$2 -> 0 | DL88: =DK88*D88 -> 0 | DM88: =DL88/$CP$2 -> 0
A89: 82 | B89: Paprika powder | C89: مسحوق الفلفل الحلو | D89: =E89/G89 -> 49.559471 | E89: =135/(6*0.454) -> 49.559471 | F89: 1 | G89: 1 | H89: =D89*15% -> 7.4339207 | I89: =H89+D89 -> 56.993392 | J89: 0.005 | K89: =J89*D89 -> 0.24779736 | L89: =K89/$J$2 -> 0.025566058 | N89: =M89*D89 -> 0 | O89: =N89/$M$2 -> 0 | Q89: =P89*D89 -> 0 | R89: =Q89/$P$2 -> 0 | T89: =S89*D89 -> 0 | U89: =T89/$S$2 -> 0 | V89: 0.001 | W89: =V89*D89 -> 0.049559471 | X89: =W89/$V$2 -> 0.0074707672 | Y89: 0.002 | Z89: =Y89*D89 -> 0.099118943 | AA89: =Z89/$Y$2 -> 0.02307323 | AC89: =AB89*D89 -> 0 | AD89: =AC89/$AB$2 -> 0 | AF89: =AE89*D89 -> 0 | AG89: =AF89/$AE$2 -> 0 | AI89: =AH89*D89 -> 0 | AJ89: =AI89/$AH$2 -> 0 | AL89: =AK89*D89 -> 0 | AM89: =AL89/$AK$2 -> 0 | AO89: =AN89*D89 -> 0 | AP89: =AO89/$AN$2 -> 0 | AR89: =AQ89*D89 -> 0 | AS89: =AR89/$AQ$2 -> 0 | AU89: =D89*AT89 -> 0 | AV89: =AU89/$AT$2 -> 0 | AX89: =D89*AW89 -> 0 | AY89: =AX89/$AW$2 -> 0 | BA89: =AZ89*D89 -> 0 | BB89: =BA89/$AZ$2 -> 0 | BD89: =D89*BC89 -> 0 | BE89: =BD89/$BC$2 -> 0 | BG89: =D89*BF89 -> 0 | BH89: =BG89/$BF$2 -> 0 | BJ89: =BI89*D89 -> 0 | BK89: =BJ89/$BI$2 -> 0 | BL89: 0.002 | BM89: =BL89*D89 -> 0.099118943 | BN89: =BM89/$BL$2 -> 0.072840285 | BP89: =BO89*D89 -> 0 | BQ89: =BP89/$BO$2 -> 0 | BS89: =D89*BR89 -> 0 | BT89: =BS89/$BR$2 -> 0 | BV89: =BU89*D89 -> 0 | BW89: =BV89/$BU$2 -> 0 | BY89: =D89*BX89 -> 0 | BZ89: =BY89/$BX$2 -> 0 | CB89: =CA89*D89 -> 0 | CC89: =CB89/$CA$2 -> 0 | CE89: =D89*CD89 -> 0 | CF89: =CE89/$CD$2 -> 0 | CG89: 0.0002 | CH89: =D89*CG89 -> 0.0099118943 | CI89: =CH89/$CG$2 -> 0.048317911 | CK89: =D89*CJ89 -> 0 | CL89: =CK89/$CJ$2 -> 0 | CN89: =D89*CM89 -> 0 | CO89: =CN89/$CM$2 -> 0 | CQ89: =CP89*D89 -> 0 | CR89: =CQ89/$CP$2 -> 0 | CT89: =CS89*G89 -> 0 | CU89: =CT89/$CP$2 -> 0 | CW89: =CV89*D89 -> 0 | CX89: =CW89/$CP$2 -> 0 | CZ89: =CY89*M89 -> 0 | DA89: =CZ89/$CP$2 -> 0 | DC89: =DB89*P89 -> 0 | DD89: =DC89/$CP$2 -> 0 | DF89: =DE89*D89 -> 0 | DG89: =DF89/$CP$2 -> 0 | DI89: =DH89*D89 -> 0 | DJ89: =DI89/$CP$2 -> 0 | DL89: =DK89*D89 -> 0 | DM89: =DL89/$CP$2 -> 0
A90: 83 | B90: PARSLEY | C90: بقدونس | D90: =E90/G90 -> 1.8115942 | E90: =10/6 -> 1.6666667 | F90: 1 | G90: 0.92 | H90: =D90*15% -> 0.27173913 | I90: =H90+D90 -> 2.0833333 | K90: =J90*D90 -> 0 | L90: =K90/$J$2 -> 0 | N90: =M90*D90 -> 0 | O90: =N90/$M$2 -> 0 | Q90: =P90*D90 -> 0 | R90: =Q90/$P$2 -> 0 | S90: 0.002 | T90: =S90*D90 -> 0.0036231884 | U90: =T90/$S$2 -> 0.00071975546 | W90: =V90*D90 -> 0 | X90: =W90/$V$2 -> 0 | Z90: =Y90*D90 -> 0 | AA90: =Z90/$Y$2 -> 0 | AB90: 0.003 | AC90: =AB90*D90 -> 0.0054347826 | AD90: =AC90/$AB$2 -> 0.0014732722 | AF90: =AE90*D90 -> 0 | AG90: =AF90/$AE$2 -> 0 | AI90: =AH90*D90 -> 0 | AJ90: =AI90/$AH$2 -> 0 | AL90: =AK90*D90 -> 0 | AM90: =AL90/$AK$2 -> 0 | AN90: 0.05 | AO90: =AN90*D90 -> 0.09057971 | AP90: =AO90/$AN$2 -> 0.022145329 | AR90: =AQ90*D90 -> 0 | AS90: =AR90/$AQ$2 -> 0 | AT90: 0.08 | AU90: =D90*AT90 -> 0.14492754 | AV90: =AU90/$AT$2 -> 0.10712431 | AX90: =D90*AW90 -> 0 | AY90: =AX90/$AW$2 -> 0 | BA90: =AZ90*D90 -> 0 | BB90: =BA90/$AZ$2 -> 0 | BD90: =D90*BC90 -> 0 | BE90: =BD90/$BC$2 -> 0 | BF90: 0.002 | BG90: =D90*BF90 -> 0.0036231884 | BH90: =BG90/$BF$2 -> 0.0011865001 | BJ90: =BI90*D90 -> 0 | BK90: =BJ90/$BI$2 -> 0 | BM90: =BL90*D90 -> 0 | BN90: =BM90/$BL$2 -> 0 | BP90: =BO90*D90 -> 0 | BQ90: =BP90/$BO$2 -> 0 | BS90: =D90*BR90 -> 0 | BT90: =BS90/$BR$2 -> 0 | BV90: =BU90*D90 -> 0 | BW90: =BV90/$BU$2 -> 0 | BX90: 0.005 | BY90: =D90*BX90 -> 0.009057971 | BZ90: =BY90/$BX$2 -> 0.004855293 | CB90: =CA90*D90 -> 0 | CC90: =CB90/$CA$2 -> 0 | CE90: =D90*CD90 -> 0 | CF90: =CE90/$CD$2 -> 0 | CH90: =D90*CG90 -> 0 | CI90: =CH90/$CG$2 -> 0 | CK90: =D90*CJ90 -> 0 | CL90: =CK90/$CJ$2 -> 0 | CN90: =D90*CM90 -> 0 | CO90: =CN90/$CM$2 -> 0 | CQ90: =CP90*D90 -> 0 | CR90: =CQ90/$CP$2 -> 0 | CT90: =CS90*G90 -> 0 | CU90: =CT90/$CP$2 -> 0 | CW90: =CV90*D90 -> 0 | CX90: =CW90/$CP$2 -> 0 | CZ90: =CY90*M90 -> 0 | DA90: =CZ90/$CP$2 -> 0 | DB90: 0.02 | DC90: =DB90*P90 -> 0 | DD90: =DC90/$CP$2 -> 0 | DF90: =DE90*D90 -> 0 | DG90: =DF90/$CP$2 -> 0 | DI90: =DH90*D90 -> 0 | DJ90: =DI90/$CP$2 -> 0 | DL90: =DK90*D90 -> 0 | DM90: =DL90/$CP$2 -> 0
A91: 84 | B91: Parsley Chopped | C91: بقدونس مفروم | D91: =E91/G91 -> 1.8115942 | E91: =10/6 -> 1.6666667 | F91: 1 | G91: 0.92 | H91: =D91*15% -> 0.27173913 | I91: =H91+D91 -> 2.0833333 | K91: =J91*D91 -> 0 | L91: =K91/$J$2 -> 0 | N91: =M91*D91 -> 0 | O91: =N91/$M$2 -> 0 | Q91: =P91*D91 -> 0 | R91: =Q91/$P$2 -> 0 | T91: =S91*D91 -> 0 | U91: =T91/$S$2 -> 0 | W91: =V91*D91 -> 0 | X91: =W91/$V$2 -> 0 | Z91: =Y91*D91 -> 0 | AA91: =Z91/$Y$2 -> 0 | AC91: =AB91*D91 -> 0 | AD91: =AC91/$AB$2 -> 0 | AF91: =AE91*D91 -> 0 | AG91: =AF91/$AE$2 -> 0 | AI91: =AH91*D91 -> 0 | AJ91: =AI91/$AH$2 -> 0 | AL91: =AK91*D91 -> 0 | AM91: =AL91/$AK$2 -> 0 | AO91: =AN91*D91 -> 0 | AP91: =AO91/$AN$2 -> 0 | AR91: =AQ91*D91 -> 0 | AS91: =AR91/$AQ$2 -> 0 | AU91: =D91*AT91 -> 0 | AV91: =AU91/$AT$2 -> 0 | AX91: =D91*AW91 -> 0 | AY91: =AX91/$AW$2 -> 0 | BA91: =AZ91*D91 -> 0 | BB91: =BA91/$AZ$2 -> 0 | BD91: =D91*BC91 -> 0 | BE91: =BD91/$BC$2 -> 0 | BG91: =D91*BF91 -> 0 | BH91: =BG91/$BF$2 -> 0 | BJ91: =BI91*D91 -> 0 | BK91: =BJ91/$BI$2 -> 0 | BM91: =BL91*D91 -> 0 | BN91: =BM91/$BL$2 -> 0 | BP91: =BO91*D91 -> 0 | BQ91: =BP91/$BO$2 -> 0 | BS91: =D91*BR91 -> 0 | BT91: =BS91/$BR$2 -> 0 | BV91: =BU91*D91 -> 0 | BW91: =BV91/$BU$2 -> 0 | BY91: =D91*BX91 -> 0 | BZ91: =BY91/$BX$2 -> 0 | CB91: =CA91*D91 -> 0 | CC91: =CB91/$CA$2 -> 0 | CE91: =D91*CD91 -> 0 | CF91: =CE91/$CD$2 -> 0 | CH91: =D91*CG91 -> 0 | CI91: =CH91/$CG$2 -> 0 | CK91: =D91*CJ91 -> 0 | CL91: =CK91/$CJ$2 -> 0 | CN91: =D91*CM91 -> 0 | CO91: =CN91/$CM$2 -> 0 | CQ91: =CP91*D91 -> 0 | CR91: =CQ91/$CP$2 -> 0 | CT91: =CS91*G91 -> 0 | CU91: =CT91/$CP$2 -> 0 | CW91: =CV91*D91 -> 0 | CX91: =CW91/$CP$2 -> 0 | CZ91: =CY91*M91 -> 0 | DA91: =CZ91/$CP$2 -> 0 | DC91: =DB91*P91 -> 0 | DD91: =DC91/$CP$2 -> 0 | DF91: =DE91*D91 -> 0 | DG91: =DF91/$CP$2 -> 0 | DH91: 0.133 | DI91: =DH91*D91 -> 0.24094203 | DJ91: =DI91/$CP$2 -> 1.4205484 | DL91: =DK91*D91 -> 0 | DM91: =DL91/$CP$2 -> 0
A92: 85 | B92: pepper paste | C92: معجون الفلفل | D92: =E92/G92 -> 12.5 | E92: =210/(4*4.2) -> 12.5 | F92: 1 | G92: 1 | H92: =D92*15% -> 1.875 | I92: =H92+D92 -> 14.375 | K92: =J92*D92 -> 0 | L92: =K92/$J$2 -> 0 | N92: =M92*D92 -> 0 | O92: =N92/$M$2 -> 0 | Q92: =P92*D92 -> 0 | R92: =Q92/$P$2 -> 0 | T92: =S92*D92 -> 0 | U92: =T92/$S$2 -> 0 | W92: =V92*D92 -> 0 | X92: =W92/$V$2 -> 0 | Z92: =Y92*D92 -> 0 | AA92: =Z92/$Y$2 -> 0 | AC92: =AB92*D92 -> 0 | AD92: =AC92/$AB$2 -> 0 | AF92: =AE92*D92 -> 0 | AG92: =AF92/$AE$2 -> 0 | AI92: =AH92*D92 -> 0 | AJ92: =AI92/$AH$2 -> 0 | AL92: =AK92*D92 -> 0 | AM92: =AL92/$AK$2 -> 0 | AO92: =AN92*D92 -> 0 | AP92: =AO92/$AN$2 -> 0 | AR92: =AQ92*D92 -> 0 | AS92: =AR92/$AQ$2 -> 0 | AU92: =D92*AT92 -> 0 | AV92: =AU92/$AT$2 -> 0 | AX92: =D92*AW92 -> 0 | AY92: =AX92/$AW$2 -> 0 | BA92: =AZ92*D92 -> 0 | BB92: =BA92/$AZ$2 -> 0 | BD92: =D92*BC92 -> 0 | BE92: =BD92/$BC$2 -> 0 | BG92: =D92*BF92 -> 0 | BH92: =BG92/$BF$2 -> 0 | BJ92: =BI92*D92 -> 0 | BK92: =BJ92/$BI$2 -> 0 | BM92: =BL92*D92 -> 0 | BN92: =BM92/$BL$2 -> 0 | BP92: =BO92*D92 -> 0 | BQ92: =BP92/$BO$2 -> 0 | BS92: =D92*BR92 -> 0 | BT92: =BS92/$BR$2 -> 0 | BV92: =BU92*D92 -> 0 | BW92: =BV92/$BU$2 -> 0 | BY92: =D92*BX92 -> 0 | BZ92: =BY92/$BX$2 -> 0 | CB92: =CA92*D92 -> 0 | CC92: =CB92/$CA$2 -> 0 | CE92: =D92*CD92 -> 0 | CF92: =CE92/$CD$2 -> 0 | CH92: =D92*CG92 -> 0 | CI92: =CH92/$CG$2 -> 0 | CK92: =D92*CJ92 -> 0 | CL92: =CK92/$CJ$2 -> 0 | CN92: =D92*CM92 -> 0 | CO92: =CN92/$CM$2 -> 0 | CQ92: =CP92*D92 -> 0 | CR92: =CQ92/$CP$2 -> 0 | CT92: =CS92*G92 -> 0 | CU92: =CT92/$CP$2 -> 0 | CW92: =CV92*D92 -> 0 | CX92: =CW92/$CP$2 -> 0 | CZ92: =CY92*M92 -> 0 | DA92: =CZ92/$CP$2 -> 0 | DC92: =DB92*P92 -> 0 | DD92: =DC92/$CP$2 -> 0 | DF92: =DE92*D92 -> 0 | DG92: =DF92/$CP$2 -> 0 | DI92: =DH92*D92 -> 0 | DJ92: =DI92/$CP$2 -> 0 | DL92: =DK92*D92 -> 0 | DM92: =DL92/$CP$2 -> 0
A93: 86 | B93: PAPER Bag | C93: كيس ورقى | D93: =E93/G93 -> 0.105 | E93: =0.21/2 -> 0.105 | F93: 1 | G93: 1 | H93: =D93*15% -> 0.01575 | I93: =H93+D93 -> 0.12075 | J93: 1 | K93: =J93*D93 -> 0.105 | L93: =K93/$J$2 -> 0.010833191 | M93: 1 | N93: =M93*D93 -> 0.105 | O93: =N93/$M$2 -> 0.014059462 | P93: 1 | Q93: =P93*D93 -> 0.105 | R93: =Q93/$P$2 -> 0.025164362 | S93: 1 | T93: =S93*D93 -> 0.105 | U93: =T93/$S$2 -> 0.020858513 | V93: 1 | W93: =V93*D93 -> 0.105 | X93: =W93/$V$2 -> 0.015828065 | Y93: 1 | Z93: =Y93*D93 -> 0.105 | AA93: =Z93/$Y$2 -> 0.024442242 | AB93: 1 | AC93: =AB93*D93 -> 0.105 | AD93: =AC93/$AB$2 -> 0.028463619 | AE93: 1 | AF93: =AE93*D93 -> 0.105 | AG93: =AF93/$AE$2 -> 0.036493433 | AH93: 1 | AI93: =AH93*D93 -> 0.105 | AJ93: =AI93/$AH$2 -> 0.092309023 | AK93: 1 | AL93: =AK93*D93 -> 0.105 | AM93: =AL93/$AK$2 -> 0.042825349 | AN93: 1 | AO93: =AN93*D93 -> 0.105 | AP93: =AO93/$AN$2 -> 0.025670866 | AQ93: 1 | AR93: =AQ93*D93 -> 0.105 | AS93: =AR93/$AQ$2 -> 0.024045299 | AT93: 1 | AU93: =D93*AT93 -> 0.105 | AV93: =AU93/$AT$2 -> 0.077611566 | AW93: 1 | AX93: =D93*AW93 -> 0.105 | AY93: =AX93/$AW$2 -> 0.04796441 | AZ93: 1 | BA93: =AZ93*D93 -> 0.105 | BB93: =BA93/$AZ$2 -> 0.02670793 | BC93: 1 | BD93: =D93*BC93 -> 0.105 | BE93: =BD93/$BC$2 -> 0.072718714 | BF93: 1 | BG93: =D93*BF93 -> 0.105 | BH93: =BG93/$BF$2 -> 0.034384772 | BI93: 1 | BJ93: =BI93*D93 -> 0.105 | BK93: =BJ93/$BI$2 -> 0.030473275 | BL93: 1 | BM93: =BL93*D93 -> 0.105 | BN93: =BM93/$BL$2 -> 0.077162141 | BO93: 1 | BP93: =BO93*D93 -> 0.105 | BQ93: =BP93/$BO$2 -> 0.045704957 | BR93: 1 | BS93: =D93*BR93 -> 0.105 | BT93: =BS93/$BR$2 -> 0.028989163 | BU93: 1 | BV93: =BU93*D93 -> 0.105 | BW93: =BV93/$BU$2 -> 0.031321983 | BX93: 1 | BY93: =D93*BX93 -> 0.105 | BZ93: =BY93/$BX$2 -> 0.056282556 | CA93: 1 | CB93: =CA93*D93 -> 0.105 | CC93: =CB93/$CA$2 -> 0.029273006 | CE93: =D93*CD93 -> 0 | CF93: =CE93/$CD$2 -> 0 | CH93: =D93*CG93 -> 0 | CI93: =CH93/$CG$2 -> 0 | CK93: =D93*CJ93 -> 0 | CL93: =CK93/$CJ$2 -> 0 | CN93: =D93*CM93 -> 0 | CO93: =CN93/$CM$2 -> 0 | CQ93: =CP93*D93 -> 0 | CR93: =CQ93/$CP$2 -> 0 | CT93: =CS93*G93 -> 0 | CU93: =CT93/$CP$2 -> 0 | CW93: =CV93*D93 -> 0 | CX93: =CW93/$CP$2 -> 0 | CZ93: =CY93*M93 -> 0 | DA93: =CZ93/$CP$2 -> 0 | DC93: =DB93*P93 -> 0 | DD93: =DC93/$CP$2 -> 0 | DF93: =DE93*D93 -> 0 | DG93: =DF93/$CP$2 -> 0 | DI93: =DH93*D93 -> 0 | DJ93: =DI93/$CP$2 -> 0 | DL93: =DK93*D93 -> 0 | DM93: =DL93/$CP$2 -> 0
A94: 87 | B94: Pomegranate | C94: رمان | D94: =E94/G94 -> 6.3157895 | E94: =30/5 -> 6 | F94: 1 | G94: 0.95 | H94: =D94*15% -> 0.94736842 | I94: =H94+D94 -> 7.2631579 | K94: =J94*D94 -> 0 | L94: =K94/$J$2 -> 0 | N94: =M94*D94 -> 0 | O94: =N94/$M$2 -> 0 | Q94: =P94*D94 -> 0 | R94: =Q94/$P$2 -> 0 | T94: =S94*D94 -> 0 | U94: =T94/$S$2 -> 0 | W94: =V94*D94 -> 0 | X94: =W94/$V$2 -> 0 | Z94: =Y94*D94 -> 0 | AA94: =Z94/$Y$2 -> 0 | AC94: =AB94*D94 -> 0 | AD94: =AC94/$AB$2 -> 0 | AF94: =AE94*D94 -> 0 | AG94: =AF94/$AE$2 -> 0 | AH94: 0.01 | AI94: =AH94*D94 -> 0.063157895 | AJ94: =AI94/$AH$2 -> 0.055524224 | AK94: 0.01 | AL94: =AK94*D94 -> 0.063157895 | AM94: =AL94/$AK$2 -> 0.025759609 | AO94: =AN94*D94 -> 0 | AP94: =AO94/$AN$2 -> 0 | AQ94: 0.01 | AR94: =AQ94*D94 -> 0.063157895 | AS94: =AR94/$AQ$2 -> 0.014463338 | AU94: =D94*AT94 -> 0 | AV94: =AU94/$AT$2 -> 0 | AX94: =D94*AW94 -> 0 | AY94: =AX94/$AW$2 -> 0 | BA94: =AZ94*D94 -> 0 | BB94: =BA94/$AZ$2 -> 0 | BC94: 0.01 | BD94: =D94*BC94 -> 0.063157895 | BE94: =BD94/$BC$2 -> 0.04374058 | BG94: =D94*BF94 -> 0 | BH94: =BG94/$BF$2 -> 0 | BJ94: =BI94*D94 -> 0 | BK94: =BJ94/$BI$2 -> 0 | BM94: =BL94*D94 -> 0 | BN94: =BM94/$BL$2 -> 0 | BP94: =BO94*D94 -> 0 | BQ94: =BP94/$BO$2 -> 0 | BS94: =D94*BR94 -> 0 | BT94: =BS94/$BR$2 -> 0 | BV94: =BU94*D94 -> 0 | BW94: =BV94/$BU$2 -> 0 | BY94: =D94*BX94 -> 0 | BZ94: =BY94/$BX$2 -> 0 | CB94: =CA94*D94 -> 0 | CC94: =CB94/$CA$2 -> 0 | CE94: =D94*CD94 -> 0 | CF94: =CE94/$CD$2 -> 0 | CH94: =D94*CG94 -> 0 | CI94: =CH94/$CG$2 -> 0 | CK94: =D94*CJ94 -> 0 | CL94: =CK94/$CJ$2 -> 0 | CN94: =D94*CM94 -> 0 | CO94: =CN94/$CM$2 -> 0 | CQ94: =CP94*D94 -> 0 | CR94: =CQ94/$CP$2 -> 0 | CT94: =CS94*G94 -> 0 | CU94: =CT94/$CP$2 -> 0 | CW94: =CV94*D94 -> 0 | CX94: =CW94/$CP$2 -> 0 | CZ94: =CY94*M94 -> 0 | DA94: =CZ94/$CP$2 -> 0 | DC94: =DB94*P94 -> 0 | DD94: =DC94/$CP$2 -> 0 | DF94: =DE94*D94 -> 0 | DG94: =DF94/$CP$2 -> 0 | DH94: =0.2/15 -> 0.013333333 | DI94: =DH94*D94 -> 0.084210526 | DJ94: =DI94/$CP$2 -> 0.49648927 | DL94: =DK94*D94 -> 0 | DM94: =DL94/$CP$2 -> 0
A95: 88 | B95: POTATOES | C95: البطاطا | D95: =E95/G95 -> 3.0204082 | E95: 2.96 | F95: 1 | G95: 0.98 | H95: =D95*15% -> 0.45306122 | I95: =H95+D95 -> 3.4734694 | K95: =J95*D95 -> 0 | L95: =K95/$J$2 -> 0 | N95: =M95*D95 -> 0 | O95: =N95/$M$2 -> 0 | Q95: =P95*D95 -> 0 | R95: =Q95/$P$2 -> 0 | T95: =S95*D95 -> 0 | U95: =T95/$S$2 -> 0 | W95: =V95*D95 -> 0 | X95: =W95/$V$2 -> 0 | Z95: =Y95*D95 -> 0 | AA95: =Z95/$Y$2 -> 0 | AB95: 0.01 | AC95: =AB95*D95 -> 0.030204082 | AD95: =AC95/$AB$2 -> 0.0081877854 | AF95: =AE95*D95 -> 0 | AG95: =AF95/$AE$2 -> 0 | AI95: =AH95*D95 -> 0 | AJ95: =AI95/$AH$2 -> 0 | AL95: =AK95*D95 -> 0 | AM95: =AL95/$AK$2 -> 0 | AO95: =AN95*D95 -> 0 | AP95: =AO95/$AN$2 -> 0 | AR95: =AQ95*D95 -> 0 | AS95: =AR95/$AQ$2 -> 0 | AU95: =D95*AT95 -> 0 | AV95: =AU95/$AT$2 -> 0 | AX95: =D95*AW95 -> 0 | AY95: =AX95/$AW$2 -> 0 | BA95: =AZ95*D95 -> 0 | BB95: =BA95/$AZ$2 -> 0 | BD95: =D95*BC95 -> 0 | BE95: =BD95/$BC$2 -> 0 | BG95: =D95*BF95 -> 0 | BH95: =BG95/$BF$2 -> 0 | BJ95: =BI95*D95 -> 0 | BK95: =BJ95/$BI$2 -> 0 | BM95: =BL95*D95 -> 0 | BN95: =BM95/$BL$2 -> 0 | BP95: =BO95*D95 -> 0 | BQ95: =BP95/$BO$2 -> 0 | BS95: =D95*BR95 -> 0 | BT95: =BS95/$BR$2 -> 0 | BU95: 0.188 | BV95: =BU95*D95 -> 0.56783673 | BW95: =BV95/$BU$2 -> 0.16938831 | BX95: 0.07 | BY95: =D95*BX95 -> 0.21142857 | BZ95: =BY95/$BX$2 -> 0.11333086 | CB95: =CA95*D95 -> 0 | CC95: =CB95/$CA$2 -> 0 | CE95: =D95*CD95 -> 0 | CF95: =CE95/$CD$2 -> 0 | CH95: =D95*CG95 -> 0 | CI95: =CH95/$CG$2 -> 0 | CK95: =D95*CJ95 -> 0 | CL95: =CK95/$CJ$2 -> 0 | CN95: =D95*CM95 -> 0 | CO95: =CN95/$CM$2 -> 0 | CQ95: =CP95*D95 -> 0 | CR95: =CQ95/$CP$2 -> 0 | CT95: =CS95*G95 -> 0 | CU95: =CT95/$CP$2 -> 0 | CW95: =CV95*D95 -> 0 | CX95: =CW95/$CP$2 -> 0 | CZ95: =CY95*M95 -> 0 | DA95: =CZ95/$CP$2 -> 0 | DC95: =DB95*P95 -> 0 | DD95: =DC95/$CP$2 -> 0 | DF95: =DE95*D95 -> 0 | DG95: =DF95/$CP$2 -> 0 | DI95: =DH95*D95 -> 0 | DJ95: =DI95/$CP$2 -> 0 | DL95: =DK95*D95 -> 0 | DM95: =DL95/$CP$2 -> 0
A96: 89 | B96: Prepared Cheese Sauce | C96: صلصة الجبن المحضرة | D96: 15 | E96: 150 | F96: 1 | G96: 1 | H96: =D96*15% -> 2.25 | I96: =H96+D96 -> 17.25 | K96: =J96*D96 -> 0 | L96: =K96/$J$2 -> 0 | N96: =M96*D96 -> 0 | O96: =N96/$M$2 -> 0 | Q96: =P96*D96 -> 0 | R96: =Q96/$P$2 -> 0 | T96: =S96*D96 -> 0 | U96: =T96/$S$2 -> 0 | W96: =V96*D96 -> 0 | X96: =W96/$V$2 -> 0 | Z96: =Y96*D96 -> 0 | AA96: =Z96/$Y$2 -> 0 | AC96: =AB96*D96 -> 0 | AD96: =AC96/$AB$2 -> 0 | AF96: =AE96*D96 -> 0 | AG96: =AF96/$AE$2 -> 0 | AI96: =AH96*D96 -> 0 | AJ96: =AI96/$AH$2 -> 0 | AL96: =AK96*D96 -> 0 | AM96: =AL96/$AK$2 -> 0 | AO96: =AN96*D96 -> 0 | AP96: =AO96/$AN$2 -> 0 | AR96: =AQ96*D96 -> 0 | AS96: =AR96/$AQ$2 -> 0 | AU96: =D96*AT96 -> 0 | AV96: =AU96/$AT$2 -> 0 | AX96: =D96*AW96 -> 0 | AY96: =AX96/$AW$2 -> 0 | BA96: =AZ96*D96 -> 0 | BB96: =BA96/$AZ$2 -> 0 | BD96: =D96*BC96 -> 0 | BE96: =BD96/$BC$2 -> 0 | BG96: =D96*BF96 -> 0 | BH96: =BG96/$BF$2 -> 0 | BJ96: =BI96*D96 -> 0 | BK96: =BJ96/$BI$2 -> 0 | BM96: =BL96*D96 -> 0 | BN96: =BM96/$BL$2 -> 0 | BP96: =BO96*D96 -> 0 | BQ96: =BP96/$BO$2 -> 0 | BS96: =D96*BR96 -> 0 | BT96: =BS96/$BR$2 -> 0 | BV96: =BU96*D96 -> 0 | BW96: =BV96/$BU$2 -> 0 | BY96: =D96*BX96 -> 0 | BZ96: =BY96/$BX$2 -> 0 | CB96: =CA96*D96 -> 0 | CC96: =CB96/$CA$2 -> 0 | CE96: =D96*CD96 -> 0 | CF96: =CE96/$CD$2 -> 0 | CH96: =D96*CG96 -> 0 | CI96: =CH96/$CG$2 -> 0 | CJ96: 0.02 | CK96: =D96*CJ96 -> 0.3 | CL96: =CK96/$CJ$2 -> 0.78222778 | CN96: =D96*CM96 -> 0 | CO96: =CN96/$CM$2 -> 0 | CQ96: =CP96*D96 -> 0 | CR96: =CQ96/$CP$2 -> 0 | CT96: =CS96*G96 -> 0 | CU96: =CT96/$CP$2 -> 0 | CW96: =CV96*D96 -> 0 | CX96: =CW96/$CP$2 -> 0 | CZ96: =CY96*M96 -> 0 | DA96: =CZ96/$CP$2 -> 0 | DC96: =DB96*P96 -> 0 | DD96: =DC96/$CP$2 -> 0 | DF96: =DE96*D96 -> 0 | DG96: =DF96/$CP$2 -> 0 | DI96: =DH96*D96 -> 0 | DJ96: =DI96/$CP$2 -> 0 | DL96: =DK96*D96 -> 0 | DM96: =DL96/$CP$2 -> 0
A97: 90 | B97: prepared hummus | C97: الحمص المحضر | D97: =CY2 -> 4.8729168 | E97: =CY2 -> 4.8729168 | F97: 1 | G97: 1 | H97: =D97*15% -> 0.73093753 | I97: =H97+D97 -> 5.6038544 | K97: =J97*D97 -> 0 | L97: =K97/$J$2 -> 0 | N97: =M97*D97 -> 0 | O97: =N97/$M$2 -> 0 | Q97: =P97*D97 -> 0 | R97: =Q97/$P$2 -> 0 | T97: =S97*D97 -> 0 | U97: =T97/$S$2 -> 0 | W97: =V97*D97 -> 0 | X97: =W97/$V$2 -> 0 | Z97: =Y97*D97 -> 0 | AA97: =Z97/$Y$2 -> 0 | AC97: =AB97*D97 -> 0 | AD97: =AC97/$AB$2 -> 0 | AF97: =AE97*D97 -> 0 | AG97: =AF97/$AE$2 -> 0 | AI97: =AH97*D97 -> 0 | AJ97: =AI97/$AH$2 -> 0 | AL97: =AK97*D97 -> 0 | AM97: =AL97/$AK$2 -> 0 | AO97: =AN97*D97 -> 0 | AP97: =AO97/$AN$2 -> 0 | AR97: =AQ97*D97 -> 0 | AS97: =AR97/$AQ$2 -> 0 | AU97: =D97*AT97 -> 0 | AV97: =AU97/$AT$2 -> 0 | AW97: 0.0625 | AX97: =D97*AW97 -> 0.3045573 | AY97: =AX97/$AW$2 -> 0.13912297 | AZ97: 0.1 | BA97: =AZ97*D97 -> 0.48729168 | BB97: =BA97/$AZ$2 -> 0.12394811 | BD97: =D97*BC97 -> 0 | BE97: =BD97/$BC$2 -> 0 | BG97: =D97*BF97 -> 0 | BH97: =BG97/$BF$2 -> 0 | BJ97: =BI97*D97 -> 0 | BK97: =BJ97/$BI$2 -> 0 | BM97: =BL97*D97 -> 0 | BN97: =BM97/$BL$2 -> 0 | BP97: =BO97*D97 -> 0 | BQ97: =BP97/$BO$2 -> 0 | BS97: =D97*BR97 -> 0 | BT97: =BS97/$BR$2 -> 0 | BV97: =BU97*D97 -> 0 | BW97: =BV97/$BU$2 -> 0 | BY97: =D97*BX97 -> 0 | BZ97: =BY97/$BX$2 -> 0 | CA97: 0.1 | CB97: =CA97*D97 -> 0.48729168 | CC97: =CB97/$CA$2 -> 0.13585231 | CE97: =D97*CD97 -> 0 | CF97: =CE97/$CD$2 -> 0 | CH97: =D97*CG97 -> 0 | CI97: =CH97/$CG$2 -> 0 | CK97: =D97*CJ97 -> 0 | CL97: =CK97/$CJ$2 -> 0 | CN97: =D97*CM97 -> 0 | CO97: =CN97/$CM$2 -> 0 | CQ97: =CP97*D97 -> 0 | CR97: =CQ97/$CP$2 -> 0 | CT97: =CS97*G97 -> 0 | CU97: =CT97/$CP$2 -> 0 | CW97: =CV97*D97 -> 0 | CX97: =CW97/$CP$2 -> 0 | CZ97: =CY97*M97 -> 0 | DA97: =CZ97/$CP$2 -> 0 | DC97: =DB97*P97 -> 0 | DD97: =DC97/$CP$2 -> 0 | DF97: =DE97*D97 -> 0 | DG97: =DF97/$CP$2 -> 0 | DI97: =DH97*D97 -> 0 | DJ97: =DI97/$CP$2 -> 0 | DL97: =DK97*D97 -> 0 | DM97: =DL97/$CP$2 -> 0
A98: 92 | B98: Prepared Tomato sauce | C98: صلصة الطماطم المحضرة | D98: =E98/G98 -> 2.53 | E98: 2.53 | F98: 1 | G98: 1 | H98: =D98*15% -> 0.3795 | I98: =H98+D98 -> 2.9095 | K98: =J98*D98 -> 0 | L98: =K98/$J$2 -> 0 | N98: =M98*D98 -> 0 | O98: =N98/$M$2 -> 0 | Q98: =P98*D98 -> 0 | R98: =Q98/$P$2 -> 0 | T98: =S98*D98 -> 0 | U98: =T98/$S$2 -> 0 | W98: =V98*D98 -> 0 | X98: =W98/$V$2 -> 0 | Y98: 0.07 | Z98: =Y98*D98 -> 0.1771 | AA98: =Z98/$Y$2 -> 0.041225915 | AB98: 0.05 | AC98: =AB98*D98 -> 0.1265 | AD98: =AC98/$AB$2 -> 0.034291884 | AE98: 0.05 | AF98: =AE98*D98 -> 0.1265 | AG98: =AF98/$AE$2 -> 0.043965898 | AI98: =AH98*D98 -> 0 | AJ98: =AI98/$AH$2 -> 0 | AL98: =AK98*D98 -> 0 | AM98: =AL98/$AK$2 -> 0 | AO98: =AN98*D98 -> 0 | AP98: =AO98/$AN$2 -> 0 | AR98: =AQ98*D98 -> 0 | AS98: =AR98/$AQ$2 -> 0 | AU98: =D98*AT98 -> 0 | AV98: =AU98/$AT$2 -> 0 | AX98: =D98*AW98 -> 0 | AY98: =AX98/$AW$2 -> 0 | BA98: =AZ98*D98 -> 0 | BB98: =BA98/$AZ$2 -> 0 | BD98: =D98*BC98 -> 0 | BE98: =BD98/$BC$2 -> 0 | BG98: =D98*BF98 -> 0 | BH98: =BG98/$BF$2 -> 0 | BJ98: =BI98*D98 -> 0 | BK98: =BJ98/$BI$2 -> 0 | BM98: =BL98*D98 -> 0 | BN98: =BM98/$BL$2 -> 0 | BP98: =BO98*D98 -> 0 | BQ98: =BP98/$BO$2 -> 0 | BS98: =D98*BR98 -> 0 | BT98: =BS98/$BR$2 -> 0 | BV98: =BU98*D98 -> 0 | BW98: =BV98/$BU$2 -> 0 | BY98: =D98*BX98 -> 0 | BZ98: =BY98/$BX$2 -> 0 | CB98: =CA98*D98 -> 0 | CC98: =CB98/$CA$2 -> 0 | CE98: =D98*CD98 -> 0 | CF98: =CE98/$CD$2 -> 0 | CH98: =D98*CG98 -> 0 | CI98: =CH98/$CG$2 -> 0 | CK98: =D98*CJ98 -> 0 | CL98: =CK98/$CJ$2 -> 0 | CN98: =D98*CM98 -> 0 | CO98: =CN98/$CM$2 -> 0 | CQ98: =CP98*D98 -> 0 | CR98: =CQ98/$CP$2 -> 0 | CT98: =CS98*G98 -> 0 | CU98: =CT98/$CP$2 -> 0 | CW98: =CV98*D98 -> 0 | CX98: =CW98/$CP$2 -> 0 | CZ98: =CY98*M98 -> 0 | DA98: =CZ98/$CP$2 -> 0 | DC98: =DB98*P98 -> 0 | DD98: =DC98/$CP$2 -> 0 | DF98: =DE98*D98 -> 0 | DG98: =DF98/$CP$2 -> 0 | DI98: =DH98*D98 -> 0 | DJ98: =DI98/$CP$2 -> 0 | DL98: =DK98*D98 -> 0 | DM98: =DL98/$CP$2 -> 0
A99: 93 | B99: Rectangular Plate | C99: صحن مستطيل | D99: =E99/G99 -> 1.1 | E99: =330/300 -> 1.1 | F99: 1 | G99: 1 | H99: =D99*15% -> 0.165 | I99: =H99+D99 -> 1.265 | J99: 1 | K99: =J99*D99 -> 1.1 | L99: =K99/$J$2 -> 0.11349057 | M99: 1 | N99: =M99*D99 -> 1.1 | O99: =N99/$M$2 -> 0.1472896 | P99: 1 | Q99: =P99*D99 -> 1.1 | R99: =Q99/$P$2 -> 0.26362665 | S99: 1 | T99: =S99*D99 -> 1.1 | U99: =T99/$S$2 -> 0.21851776 | V99: 1 | W99: =V99*D99 -> 1.1 | X99: =W99/$V$2 -> 0.16581783 | Y99: 1 | Z99: =Y99*D99 -> 1.1 | AA99: =Z99/$Y$2 -> 0.25606158 | AB99: 1 | AC99: =AB99*D99 -> 1.1 | AD99: =AC99/$AB$2 -> 0.29819029 | AE99: 1 | AF99: =AE99*D99 -> 1.1 | AG99: =AF99/$AE$2 -> 0.38231216 | AI99: =AH99*D99 -> 0 | AJ99: =AI99/$AH$2 -> 0 | AL99: =AK99*D99 -> 0 | AM99: =AL99/$AK$2 -> 0 | AO99: =AN99*D99 -> 0 | AP99: =AO99/$AN$2 -> 0 | AQ99: 1 | AR99: =AQ99*D99 -> 1.1 | AS99: =AR99/$AQ$2 -> 0.25190313 | AU99: =D99*AT99 -> 0 | AV99: =AU99/$AT$2 -> 0 | AX99: =D99*AW99 -> 0 | AY99: =AX99/$AW$2 -> 0 | BA99: =AZ99*D99 -> 0 | BB99: =BA99/$AZ$2 -> 0 | BD99: =D99*BC99 -> 0 | BE99: =BD99/$BC$2 -> 0 | BG99: =D99*BF99 -> 0 | BH99: =BG99/$BF$2 -> 0 | BI99: 1 | BJ99: =BI99*D99 -> 1.1 | BK99: =BJ99/$BI$2 -> 0.31924383 | BL99: 1 | BM99: =BL99*D99 -> 1.1 | BN99: =BM99/$BL$2 -> 0.80836529 | BO99: 1 | BP99: =BO99*D99 -> 1.1 | BQ99: =BP99/$BO$2 -> 0.47881384 | BR99: 1 | BS99: =D99*BR99 -> 1.1 | BT99: =BS99/$BR$2 -> 0.303696 | BU99: 1 | BV99: =BU99*D99 -> 1.1 | BW99: =BV99/$BU$2 -> 0.32813506 | BX99: 1 | BY99: =D99*BX99 -> 1.1 | BZ99: =BY99/$BX$2 -> 0.58962678 | CB99: =CA99*D99 -> 0 | CC99: =CB99/$CA$2 -> 0 | CE99: =D99*CD99 -> 0 | CF99: =CE99/$CD$2 -> 0 | CH99: =D99*CG99 -> 0 | CI99: =CH99/$CG$2 -> 0 | CK99: =D99*CJ99 -> 0 | CL99: =CK99/$CJ$2 -> 0 | CN99: =D99*CM99 -> 0 | CO99: =CN99/$CM$2 -> 0 | CQ99: =CP99*D99 -> 0 | CR99: =CQ99/$CP$2 -> 0 | CT99: =CS99*G99 -> 0 | CU99: =CT99/$CP$2 -> 0 | CW99: =CV99*D99 -> 0 | CX99: =CW99/$CP$2 -> 0 | CZ99: =CY99*M99 -> 0 | DA99: =CZ99/$CP$2 -> 0 | DC99: =DB99*P99 -> 0 | DD99: =DC99/$CP$2 -> 0 | DF99: =DE99*D99 -> 0 | DG99: =DF99/$CP$2 -> 0 | DI99: =DH99*D99 -> 0 | DJ99: =DI99/$CP$2 -> 0 | DL99: =DK99*D99 -> 0 | DM99: =DL99/$CP$2 -> 0
A100: 94 | B100: Red Bell Peppers | C100: الفلفل الأحمر | D100: =E100/G100 -> 5.8823529 | E100: =35/7 -> 5 | F100: 1 | G100: 0.85 | H100: =D100*15% -> 0.88235294 | I100: =H100+D100 -> 6.7647059 | K100: =J100*D100 -> 0 | L100: =K100/$J$2 -> 0 | N100: =M100*D100 -> 0 | O100: =N100/$M$2 -> 0 | Q100: =P100*D100 -> 0 | R100: =Q100/$P$2 -> 0 | S100: 0.01 | T100: =S100*D100 -> 0.058823529 | U100: =T100/$S$2 -> 0.011685442 | W100: =V100*D100 -> 0 | X100: =W100/$V$2 -> 0 | Z100: =Y100*D100 -> 0 | AA100: =Z100/$Y$2 -> 0 | AB100: 0.01 | AC100: =AB100*D100 -> 0.058823529 | AD100: =AC100/$AB$2 -> 0.015946005 | AF100: =AE100*D100 -> 0 | AG100: =AF100/$AE$2 -> 0 | AI100: =AH100*D100 -> 0 | AJ100: =AI100/$AH$2 -> 0 | AL100: =AK100*D100 -> 0 | AM100: =AL100/$AK$2 -> 0 | AN100: 0.1 | AO100: =AN100*D100 -> 0.58823529 | AP100: =AO100/$AN$2 -> 0.14381437 | AR100: =AQ100*D100 -> 0 | AS100: =AR100/$AQ$2 -> 0 | AU100: =D100*AT100 -> 0 | AV100: =AU100/$AT$2 -> 0 | AX100: =D100*AW100 -> 0 | AY100: =AX100/$AW$2 -> 0 | BA100: =AZ100*D100 -> 0 | BB100: =BA100/$AZ$2 -> 0 | BD100: =D100*BC100 -> 0 | BE100: =BD100/$BC$2 -> 0 | BG100: =D100*BF100 -> 0 | BH100: =BG100/$BF$2 -> 0 | BJ100: =BI100*D100 -> 0 | BK100: =BJ100/$BI$2 -> 0 | BM100: =BL100*D100 -> 0 | BN100: =BM100/$BL$2 -> 0 | BP100: =BO100*D100 -> 0 | BQ100: =BP100/$BO$2 -> 0 | BS100: =D100*BR100 -> 0 | BT100: =BS100/$BR$2 -> 0 | BV100: =BU100*D100 -> 0 | BW100: =BV100/$BU$2 -> 0 | BY100: =D100*BX100 -> 0 | BZ100: =BY100/$BX$2 -> 0 | CB100: =CA100*D100 -> 0 | CC100: =CB100/$CA$2 -> 0 | CE100: =D100*CD100 -> 0 | CF100: =CE100/$CD$2 -> 0 | CH100: =D100*CG100 -> 0 | CI100: =CH100/$CG$2 -> 0 | CK100: =D100*CJ100 -> 0 | CL100: =CK100/$CJ$2 -> 0 | CN100: =D100*CM100 -> 0 | CO100: =CN100/$CM$2 -> 0 | CQ100: =CP100*D100 -> 0 | CR100: =CQ100/$CP$2 -> 0 | CT100: =CS100*G100 -> 0 | CU100: =CT100/$CP$2 -> 0 | CW100: =CV100*D100 -> 0 | CX100: =CW100/$CP$2 -> 0 | CZ100: =CY100*M100 -> 0 | DA100: =CZ100/$CP$2 -> 0 | DB100: 0.15 | DC100: =DB100*P100 -> 0 | DD100: =DC100/$CP$2 -> 0 | DF100: =DE100*D100 -> 0 | DG100: =DF100/$CP$2 -> 0 | DI100: =DH100*D100 -> 0 | DJ100: =DI100/$CP$2 -> 0 | DL100: =DK100*D100 -> 0 | DM100: =DL100/$CP$2 -> 0
...

Sheet قوائم المشاوي وخياراتها
A2: اوصال لحم | B2: ='تكاليف المنتجات'!J2 -> 9.6924351 | C2: رز + سلطة | D2: ='حساب الاطباق الجانبية'!J20 -> 1.2628203
A3: كباب لحم | B3: ='تكاليف المنتجات'!M2 -> 7.46828 | C3: كبة + زهرة + تبولة | D3: ='حساب الاطباق الجانبية'!J21 -> 1.2476235
A4: كباب دجاج | B4: ='تكاليف المنتجات'!S2 -> 5.0339158 | C4: بطاطا مشوية + ذرة + حمص | D4: ='حساب الاطباق الجانبية'!J22 -> 0.64282699
A5: شيش طاووق | B5: ='تكاليف المنتجات'!P2 -> 4.1725675 | C5: بطاطا حارة + ورق عنب + متبل باذنجان | D5: ='حساب الاطباق الجانبية'!J23 -> 1.8133187

Sheet تكلفةالمشاوي واحتماليات الاطباق
A1: المشاوي واحتماليات الاطباق
A2: # | B2: الوصفة الرئيسية | C2: اختيارك من | D2: الريسي | E2: الفرعي | F2: تكلفة الخام | G2: تكلفة التوصيل | H2: اجمالي التكلفة | I2: البيع | J2: الضريبة | K2: نسبة التكلفة | L2: صافي الربح
A3: 1 | B3: اوصال لحم | C3: رز + سلطة | D3: =VLOOKUP(B3,'قوائم المشاوي وخياراتها'!A$2:B$5,2,FALSE) -> 9.6924351 | E3: =VLOOKUP(C3,'قوائم المشاوي وخياراتها'!C$2:D$5,2,FALSE) -> 1.2628203 | F3: =E3+D3 -> 10.955255 | G3: =I3*18% -> 5.22 | H3: =F3+G3 -> 16.175255 | I3: 29 | J3: =I3-I3/1.15 -> 3.7826087 | K3: =H3/(I3-J3) -> 0.64143255 | L3: =I3-J3-H3 -> 9.0421358
A4: 5 | B4: اوصال لحم | C4: كبة + زهرة + تبولة | D4: =VLOOKUP(B4,'قوائم المشاوي وخياراتها'!A$2:B$5,2,FALSE) -> 9.6924351 | E4: =VLOOKUP(C4,'قوائم المشاوي وخياراتها'!C$2:D$5,2,FALSE) -> 1.2476235 | F4: =E4+D4 -> 10.940059 | G4: =I4*18% -> 5.22 | H4: =F4+G4 -> 16.160059 | I4: 29 | J4: =I4-I4/1.15 -> 3.7826087 | K4: =H4/(I4-J4) -> 0.64082991 | L4: =I4-J4-H4 -> 9.0573327
A5: 9 | B5: اوصال لحم | C5: بطاطا مشوية + ذرة + حمص | D5: =VLOOKUP(B5,'قوائم المشاوي وخياراتها'!A$2:B$5,2,FALSE) -> 9.6924351 | E5: =VLOOKUP(C5,'قوائم المشاوي وخياراتها'!C$2:D$5,2,FALSE) -> 0.64282699 | F5: =E5+D5 -> 10.335262 | G5: =I5*18% -> 5.22 | H5: =F5+G5 -> 15.555262 | I5: 29 | J5: =I5-I5/1.15 -> 3.7826087 | K5: =H5/(I5-J5) -> 0.6168466 | L5: =I5-J5-H5 -> 9.6621292
A6: 13 | B6: اوصال لحم | C6: بطاطا حارة + ورق عنب + متبل باذنجان | D6: =VLOOKUP(B6,'قوائم المشاوي وخياراتها'!A$2:B$5,2,FALSE) -> 9.6924351 | E6: =VLOOKUP(C6,'قوائم المشاوي وخياراتها'!C$2:D$5,2,FALSE) -> 1.8133187 | F6: =E6+D6 -> 11.505754 | G6: =I6*18% -> 5.22 | H6: =F6+G6 -> 16.725754 | I6: 29 | J6: =I6-I6/1.15 -> 3.7826087 | K6: =H6/(I6-J6) -> 0.66326265 | L6: =I6-J6-H6 -> 8.4916375
A7: 4 | B7: شيش طاووق | C7: رز + سلطة | D7: =VLOOKUP(B7,'قوائم المشاوي وخياراتها'!A$2:B$5,2,FALSE) -> 4.1725675 | E7: =VLOOKUP(C7,'قوائم المشاوي وخياراتها'!C$2:D$5,2,FALSE) -> 1.2628203 | F7: =E7+D7 -> 5.4353878 | G7: =I7*18% -> 4.86 | H7: =F7+G7 -> 10.295388 | I7: 27 | J7: =I7-I7/1.15 -> 3.5217391 | K7: =H7/(I7-J7) -> 0.43850726 | L7: =I7-J7-H7 -> 13.182873
A8: 8 | B8: شيش طاووق | C8: كبة + زهرة + تبولة | D8: =VLOOKUP(B8,'قوائم المشاوي وخياراتها'!A$2:B$5,2,FALSE) -> 4.1725675 | E8: =VLOOKUP(C8,'قوائم المشاوي وخياراتها'!C$2:D$5,2,FALSE) -> 1.2476235 | F8: =E8+D8 -> 5.420191 | G8: =I8*18% -> 4.86 | H8: =F8+G8 -> 10.280191 | I8: 27 | J8: =I8-I8/1.15 -> 3.5217391 | K8: =H8/(I8-J8) -> 0.43785999 | L8: =I8-J8-H8 -> 13.19807
A9: 12 | B9: شيش طاووق | C9: بطاطا مشوية + ذرة + حمص | D9: =VLOOKUP(B9,'قوائم المشاوي وخياراتها'!A$2:B$5,2,FALSE) -> 4.1725675 | E9: =VLOOKUP(C9,'قوائم المشاوي وخياراتها'!C$2:D$5,2,FALSE) -> 0.64282699 | F9: =E9+D9 -> 4.8153945 | G9: =I9*18% -> 4.86 | H9: =F9+G9 -> 9.6753945 | I9: 27 | J9: =I9-I9/1.15 -> 3.5217391 | K9: =H9/(I9-J9) -> 0.41210013 | L9: =I9-J9-H9 -> 13.802866
A10: 16 | B10: شيش طاووق | C10: بطاطا حارة + ورق عنب + متبل باذنجان | D10: =VLOOKUP(B10,'قوائم المشاوي وخياراتها'!A$2:B$5,2,FALSE) -> 4.1725675 | E10: =VLOOKUP(C10,'قوائم المشاوي وخياراتها'!C$2:D$5,2,FALSE) -> 1.8133187 | F10: =E10+D10 -> 5.9858861 | G10: =I10*18% -> 4.86 | H10: =F10+G10 -> 10.845886 | I10: 27 | J10: =I10-I10/1.15 -> 3.5217391 | K10: =H10/(I10-J10) -> 0.46195441 | L10: =I10-J10-H10 -> 12.632375
A11: 3 | B11: كباب دجاج | C11: رز + سلطة | D11: =VLOOKUP(B11,'قوائم المشاوي وخياراتها'!A$2:B$5,2,FALSE) -> 5.0339158 | E11: =VLOOKUP(C11,'قوائم المشاوي وخياراتها'!C$2:D$5,2,FALSE) -> 1.2628203 | F11: =E11+D11 -> 6.2967362 | G11: =I11*18% -> 4.86 | H11: =F11+G11 -> 11.156736 | I11: 27 | J11: =I11-I11/1.15 -> 3.5217391 | K11: =H11/(I11-J11) -> 0.47519432 | L11: =I11-J11-H11 -> 12.321525
A12: 7 | B12: كباب دجاج | C12: كبة + زهرة + تبولة | D12: =VLOOKUP(B12,'قوائم المشاوي وخياراتها'!A$2:B$5,2,FALSE) -> 5.0339158 | E12: =VLOOKUP(C12,'قوائم المشاوي وخياراتها'!C$2:D$5,2,FALSE) -> 1.2476235 | F12: =E12+D12 -> 6.2815393 | G12: =I12*18% -> 4.86 | H12: =F12+G12 -> 11.141539 | I12: 27 | J12: =I12-I12/1.15 -> 3.5217391 | K12: =H12/(I12-J12) -> 0.47454705 | L12: =I12-J12-H12 -> 12.336722
A13: 11 | B13: كباب دجاج | C13: بطاطا مشوية + ذرة + حمص | D13: =VLOOKUP(B13,'قوائم المشاوي وخياراتها'!A$2:B$5,2,FALSE) -> 5.0339158 | E13: =VLOOKUP(C13,'قوائم المشاوي وخياراتها'!C$2:D$5,2,FALSE) -> 0.64282699 | F13: =E13+D13 -> 5.6767428 | G13: =I13*18% -> 4.86 | H13: =F13+G13 -> 10.536743 | I13: 27 | J13: =I13-I13/1.15 -> 3.5217391 | K13: =H13/(I13-J13) -> 0.44878719 | L13: =I13-J13-H13 -> 12.941518
A14: 15 | B14: كباب دجاج | C14: بطاطا حارة + ورق عنب + متبل باذنجان | D14: =VLOOKUP(B14,'قوائم المشاوي وخياراتها'!A$2:B$5,2,FALSE) -> 5.0339158 | E14: =VLOOKUP(C14,'قوائم المشاوي وخياراتها'!C$2:D$5,2,FALSE) -> 1.8133187 | F14: =E14+D14 -> 6.8472345 | G14: =I14*18% -> 4.86 | H14: =F14+G14 -> 11.707234 | I14: 27 | J14: =I14-I14/1.15 -> 3.5217391 | K14: =H14/(I14-J14) -> 0.49864147 | L14: =I14-J14-H14 -> 11.771026
... A18: 14 | B18: كباب لحم | C18: بطاطا حارة + ورق عنب + متبل باذنجان | D18: =VLOOKUP(B18,'قوائم المشاوي وخياراتها'!A$2:B$5,2,FALSE) -> 7.46828 | E18: =VLOOKUP(C18,'قوائم المشاوي وخياراتها'!C$2:D$5,2,FALSE) -> 1.8133187 | F18: =E18+D18 -> 9.2815987 | G18: =I18*18% -> 5.22 | H18: =F18+G18 -> 14.501599 | I18: 29 | J18: =I18-I18/1.15 -> 3.7826087 | K18: =H18/(I18-J18) -> 0.57506339 | L18: =I18-J18-H18 -> 10.715793

Sheet ملخص التكلفة (بدون المشاوي)
A1: تكاليف أبو غسان
A2: الوصفة | B2: تكلفة الخام | C2: تكلفة التوصيل | D2: اجمالي التكلفة | E2: سعر البيع المقترح | F2: الضريبة | G2: نسبة التكلفة | H2: صافي الربح | I2: البيع بتكلفة 30% | J2: تكلفة التوصيل | K2: اجمالي التكلفة | L2: الضريبة | M2: صافي الربح | N2: البيع بتكلفة 35% | O2: تكلفة التوصيل | P2: اجمالي التكلفة | Q2: الضريبة | R2: صافي الربح | S2: نسبة التكلفة شامل الضريبة | T2: السعر بتكلفة 20% | U2: السعر بتكلفة 30% | V2: السعر بتكلفة 40% | W2: السعر بتكلفة 50% | X2: السعر بتكلفة 60%
A3: اوصال لحم بيستو | B3: =AVERAGE('تكلفةالمشاوي واحتماليات الاطباق'!F3:F6) -> 10.934083 | C3: =E3*18% -> 7.02 | D3: =B3+C3 -> 17.954083 | E3: 39 | F3: =E3-E3/1.15 -> 5.0869565 | G3: =D3/(E3-F3) -> 0.52941525 | H3: =E3-F3-D3 -> 15.958961 | I3: =B3/30% -> 36.446942 | S3: =D3/E3 -> 0.46036109 | T3: =D3/20% -> 89.770413 | U3: =D3/30% -> 59.846942 | V3: =D3/40% -> 44.885206 | W3: =D3/50% -> 35.908165 | X3: =D3/60% -> 29.923471
A4: كباب لحم | B4: =AVERAGE('تكلفةالمشاوي واحتماليات الاطباق'!F15:F18) -> 8.7099274 | C4: =E4*18% -> 6.84 | D4: =B4+C4 -> 15.549927 | E4: 38 | F4: =E4-E4/1.15 -> 4.9565217 | G4: =D4/(E4-F4) -> 0.47058991 | H4: =E4-F4-D4 -> 17.493551 | I4: =B4/30% -> 29.033091 | S4: =D4/E4 -> 0.40920862 | T4: =D4/20% -> 77.749637 | U4: =D4/30% -> 51.833091 | V4: =D4/40% -> 38.874818 | W4: =D4/50% -> 31.099855 | X4: =D4/60% -> 25.916546
A5: شيش طاووق | B5: =AVERAGE('تكلفةالمشاوي واحتماليات الاطباق'!F7:F10) -> 5.4142149 | C5: =E5*18% -> 6.66 | D5: =B5+C5 -> 12.074215 | E5: 37 | F5: =E5-E5/1.15 -> 4.826087 | G5: =D5/(E5-F5) -> 0.37527965 | H5: =E5-F5-D5 -> 20.099698 | I5: =B5/30% -> 18.047383 | S5: =D5/E5 -> 0.32633013 | T5: =D5/20% -> 60.371074 | U5: =D5/30% -> 40.247383 | V5: =D5/40% -> 30.185537 | W5: =D5/50% -> 24.14843 | X5: =D5/60% -> 20.123691
A6: كباب دجاج | B6: =AVERAGE('تكلفةالمشاوي واحتماليات الاطباق'!F11:F14) -> 6.2755632 | C6: =E6*18% -> 6.48 | D6: =B6+C6 -> 12.755563 | E6: 36 | F6: =E6-E6/1.15 -> 4.6956522 | G6: =D6/(E6-F6) -> 0.40746938 | H6: =E6-F6-D6 -> 18.548785 | I6: =B6/30% -> 20.918544 | S6: =D6/E6 -> 0.3543212 | T6: =D6/20% -> 63.777816 | U6: =D6/30% -> 42.518544 | V6: =D6/40% -> 31.888908 | W6: =D6/50% -> 25.511126 | X6: =D6/60% -> 21.259272 | Z6: اكبر من 50%
A7: حمسة لحم | B7: ='تكاليف المنتجات'!V$2 -> 6.633786 | C7: =E7*18% -> 6.84 | D7: =B7+C7 -> 13.473786 | E7: 38 | F7: =E7-E7/1.15 -> 4.9565217 | G7: =D7/(E7-F7) -> 0.40775931 | H7: =E7-F7-D7 -> 19.569692 | I7: =B7/30% -> 22.11262 | S7: =D7/E7 -> 0.35457332 | T7: =D7/20% -> 67.36893 | U7: =D7/30% -> 44.91262 | V7: =D7/40% -> 33.684465 | W7: =D7/50% -> 26.947572 | X7: =D7/60% -> 22.45631 | Z7: من 40% - 50%
A8: دجاج فاهيتا | B8: ='تكاليف المنتجات'!Y2 -> 4.2958416 | C8: =E8*18% -> 6.66 | D8: =B8+C8 -> 10.955842 | E8: 37 | F8: =E8-E8/1.15 -> 4.826087 | G8: =D8/(E8-F8) -> 0.3405194 | H8: =E8-F8-D8 -> 21.218071 | I8: =B8/30% -> 14.319472 | S8: =D8/E8 -> 0.29610383 | T8: =D8/20% -> 54.779208 | U8: =D8/30% -> 36.519472 | V8: =D8/40% -> 27.389604 | W8: =D8/50% -> 21.911683 | X8: =D8/60% -> 18.259736 | Z8: من 30% - 40%
A9: لبنة مع خضار | B9: ='تكاليف المنتجات'!AB$2 -> 3.6889196 | C9: =E9*18% -> 4.32 | D9: =B9+C9 -> 8.0089196 | E9: 24 | F9: =E9-E9/1.15 -> 3.1304348 | G9: =D9/(E9-F9) -> 0.38376073 | H9: =E9-F9-D9 -> 12.860646 | I9: =B9/30% -> 12.296399 | S9: =D9/E9 -> 0.33370498 | T9: =D9/20% -> 40.044598 | U9: =D9/30% -> 26.696399 | V9: =D9/40% -> 20.022299 | W9: =D9/50% -> 16.017839 | X9: =D9/60% -> 13.348199 | Z9: من 20% - 30%
A10: مصقعة باذنجان | B10: ='تكاليف المنتجات'!AE2 -> 2.87723 | C10: =E10*18% -> 4.14 | D10: =B10+C10 -> 7.01723 | E10: 23 | F10: =E10-E10/1.15 -> 3 | G10: =D10/(E10-F10) -> 0.3508615 | H10: =E10-F10-D10 -> 12.98277 | I10: =B10/30% -> 9.5907666 | S10: =D10/E10 -> 0.30509696 | T10: =D10/20% -> 35.08615 | U10: =D10/30% -> 23.390767 | V10: =D10/40% -> 17.543075 | W10: =D10/50% -> 14.03446 | X10: =D10/60% -> 11.695383 | Z10: اصغر من 20 %
A11: تبولة | B11: ='تكاليف المنتجات'!AH2 -> 1.1374836 | C11: =E11*18% -> 2.52 | D11: =B11+C11 -> 3.6574836 | E11: 14 | F11: =E11-E11/1.15 -> 1.826087 | G11: =D11/(E11-F11) -> 0.30043615 | H11: =E11-F11-D11 -> 8.5164294 | I11: =B11/30% -> 3.791612 | S11: =D11/E11 -> 0.26124883 | T11: =D11/20% -> 18.287418 | U11: =D11/30% -> 12.191612 | V11: =D11/40% -> 9.143709 | W11: =D11/50% -> 7.3149672 | X11: =D11/60% -> 6.095806
A12: فتوش | B12: ='تكاليف المنتجات'!AK2 -> 2.4518189 | C12: =E12*18% -> 2.52 | D12: =B12+C12 -> 4.9718189 | E12: 14 | F12: =E12-E12/1.15 -> 1.826087 | G12: =D12/(E12-F12) -> 0.40839941 | H12: =E12-F12-D12 -> 7.2020942 | I12: =B12/30% -> 8.1727296 | S12: =D12/E12 -> 0.35512992 | T12: =D12/20% -> 24.859094 | U12: =D12/30% -> 16.57273 | V12: =D12/40% -> 12.429547 | W12: =D12/50% -> 9.9436378 | X12: =D12/60% -> 8.2863648
A13: بابا غنوج | B13: ='تكاليف المنتجات'!AN2 -> 4.0902399 | C13: =E13*18% -> 3.24 | D13: =B13+C13 -> 7.3302399 | E13: 18 | F13: =E13-E13/1.15 -> 2.3478261 | G13: =D13/(E13-F13) -> 0.46832088 | H13: =E13-F13-D13 -> 8.321934 | I13: =B13/30% -> 13.634133 | S13: =D13/E13 -> 0.40723555 | T13: =D13/20% -> 36.6512 | U13: =D13/30% -> 24.434133 | V13: =D13/40% -> 18.3256 | W13: =D13/50% -> 14.66048 | X13: =D13/60% -> 12.217067
A14: ورق عنب | B14: ='تكاليف المنتجات'!AQ2 -> 4.3667579 | C14: =E14*18% -> 3.24 | D14: =B14+C14 -> 7.6067579 | E14: 18 | F14: =E14-E14/1.15 -> 2.3478261 | G14: =D14/(E14-F14) -> 0.48598731 | H14: =E14-F14-D14 -> 8.045416 | I14: =B14/30% -> 14.55586 | S14: =D14/E14 -> 0.42259766 | T14: =D14/20% -> 38.033789 | U14: =D14/30% -> 25.35586 | V14: =D14/40% -> 19.016895 | W14: =D14/50% -> 15.213516 | X14: =D14/60% -> 12.67793 | AE14: 0.2 | AF14: 0.3 | AG14: 0.4 | AH14: 0.5
A15: ملفوف محشي | B15: ='تكاليف المنتجات'!AT2 -> 1.3528911 | C15: =E15*18% -> 3.06 | D15: =B15+C15 -> 4.4128911 | E15: 17 | F15: =E15-E15/1.15 -> 2.2173913 | G15: =D15/(E15-F15) -> 0.29851911 | H15: =E15-F15-D15 -> 10.369718 | I15: =B15/30% -> 4.5096371 | S15: =D15/E15 -> 0.25958183 | T15: =D15/20% -> 22.064456 | U15: =D15/30% -> 14.709637 | V15: =D15/40% -> 11.032228 | W15: =D15/50% -> 8.8257823 | X15: =D15/60% -> 7.3548186
